group_type,group,stream,n,total_r,nominal_risk_units,efficiency,profit_factor,win_rate,realized_exit_order_dd_r,risk_weighted_holding_m5_bars
segment,2018-2022,REFERENCE,661,34.98565792954312,661.0,0.052928378108234676,1.0891127651260226,0.4039334341906203,-30.096000186823296,99902.0
segment,2018-2022,CANDIDATE,661,34.98565792954312,661.0,0.052928378108234676,1.0891127651260226,0.4039334341906203,-30.096000186823296,99902.0
segment,2018-2022,RISK_MATCHED_REFERENCE,661,34.98565792954312,661.0,0.052928378108234676,1.0891127651260226,0.4039334341906203,-30.096000186823296,99902.0
segment,2023-2024,REFERENCE,289,30.86112515079375,289.0,0.10678590017575693,1.1836971735166293,0.4186851211072664,-14.389792336750332,40664.0
segment,2023-2024,CANDIDATE,289,30.86112515079375,289.0,0.10678590017575693,1.1836971735166293,0.4186851211072664,-14.389792336750332,40664.0
segment,2023-2024,RISK_MATCHED_REFERENCE,289,30.86112515079375,289.0,0.10678590017575693,1.1836971735166293,0.4186851211072664,-14.389792336750332,40664.0
segment,2025-2026,REFERENCE,227,13.806799483654435,227.0,0.06082290521433672,1.1007313316229974,0.3920704845814978,-21.042605613456935,33589.0
segment,2025-2026,CANDIDATE,227,13.806799483654435,227.0,0.06082290521433672,1.1007313316229974,0.3920704845814978,-21.042605613456935,33589.0
segment,2025-2026,RISK_MATCHED_REFERENCE,227,13.806799483654435,227.0,0.06082290521433672,1.1007313316229974,0.3920704845814978,-21.042605613456935,33589.0
