engine,year,quarter,quarter_key,signal_t,entry_t,exit_t,entry_rr,pnl_r,exit_kind
swing,2021,1,2021Q1,1610030700000,1610031000000,1610092800000,1.4222834457774043,-1.0,STOP
swing,2021,1,2021Q1,1610113500000,1610113800000,1610117100000,0.9341222985066681,-1.0,STOP
swing,2021,1,2021Q1,1610461200000,1610461500000,1610501400000,1.027959050397695,1.027959050397695,TARGET
swing,2021,1,2021Q1,1610578800000,1610579100000,1610591400000,1.4813162153971426,-1.0,STOP
swing,2021,1,2021Q1,1610719500000,1610719800000,1610724000000,1.5195617614875818,-1.0,STOP
swing,2021,1,2021Q1,1610724600000,1610724900000,1610727000000,1.8236766005903997,-1.0,STOP
swing,2021,1,2021Q1,1610727600000,1610727900000,1610926500000,2.5366646618007747,-1.0,STOP
swing,2021,1,2021Q1,1611062100000,1611062400000,1611109800000,1.5138748738647845,1.5138748738647845,TARGET
swing,2021,1,2021Q1,1611149100000,1611149400000,1611150900000,0.6259138730385091,0.6259138730385091,TARGET
swing,2021,1,2021Q1,1611234900000,1611235200000,1611237600000,1.1334995356112938,-1.0,STOP
swing,2021,1,2021Q1,1611237900000,1611238200000,1611311400000,1.3832314770308638,-1.0,STOP
swing,2021,1,2021Q1,1611315000000,1611315300000,1611319800000,1.3088812699228187,-1.0,STOP
swing,2021,1,2021Q1,1611326400000,1611326700000,1611571500000,1.2710534080849833,1.2710534080849833,TARGET
swing,2021,1,2021Q1,1611748200000,1611748500000,1611758400000,1.3826607013256504,-1.0,STOP
swing,2021,1,2021Q1,1611759000000,1611759300000,1611763200000,1.4782415324095965,1.4782415324095965,TARGET
swing,2021,1,2021Q1,1612225800000,1612226100000,1612250700000,2.8229364990480073,-1.0,STOP
swing,2021,1,2021Q1,1612251300000,1612251600000,1612267200000,1.0092295757133263,-1.0,STOP
swing,2021,1,2021Q1,1612271400000,1612271700000,1612272300000,2.0363476170209176,-1.0,STOP
swing,2021,1,2021Q1,1612364100000,1612364400000,1612403100000,1.4372660349983892,-1.0,STOP
swing,2021,1,2021Q1,1612404600000,1612404900000,1612417200000,2.056422988149005,-1.0,STOP
swing,2021,1,2021Q1,1612451100000,1612451400000,1612738800000,1.1052882060393363,1.2016926701196824,TARGET_GAP
swing,2021,1,2021Q1,1612774800000,1612775100000,1612788600000,1.7068965517240802,1.7068965517240802,TARGET
swing,2021,1,2021Q1,1612881900000,1612882200000,1612963800000,0.8501364861733464,0.8501364861733464,TARGET
swing,2021,1,2021Q1,1613013900000,1613014200000,1613063100000,2.4595826757846795,-1.0,STOP
swing,2021,1,2021Q1,1613480700000,1613481000000,1613482800000,1.4322036415480923,-1.0,STOP
swing,2021,1,2021Q1,1613579400000,1613579700000,1613696700000,1.861294694181634,-1.0,STOP
swing,2021,1,2021Q1,1613697300000,1613697600000,1613743200000,2.073622505250115,2.073622505250115,TARGET
swing,2021,1,2021Q1,1614075000000,1614075300000,1614090900000,1.6626845737182314,-1.0,STOP
swing,2021,1,2021Q1,1614092100000,1614092400000,1614174300000,1.1827092911942065,-1.0,STOP
swing,2021,1,2021Q1,1614175200000,1614175500000,1614253500000,1.5450853190280138,-1.0,STOP
swing,2021,1,2021Q1,1614254100000,1614254400000,1614265500000,1.4889948147348329,-1.0,STOP
swing,2021,1,2021Q1,1614268500000,1614268800000,1614317400000,1.711865828092227,-1.0,STOP
swing,2021,1,2021Q1,1614759900000,1614760200000,1614770700000,2.505641964013325,-1.0,STOP
swing,2021,1,2021Q1,1614771600000,1614771900000,1614776700000,2.6856739658203823,-1.0,STOP
swing,2021,1,2021Q1,1614786300000,1614786600000,1614787500000,0.9943767376716813,0.9943767376716813,TARGET
swing,2021,1,2021Q1,1614850500000,1614850800000,1614879300000,1.5273746701847077,-1.0,STOP
swing,2021,1,2021Q1,1614884400000,1614884700000,1615218000000,2.029790701227279,-1.0,STOP
swing,2021,1,2021Q1,1615219500000,1615219800000,1615288800000,2.1459139763818444,2.1459139763818444,TARGET
swing,2021,1,2021Q1,1615357200000,1615357500000,1615403100000,2.304091282091393,2.304091282091393,TARGET
swing,2021,1,2021Q1,1615474200000,1615474500000,1615529400000,1.5565562498664307,-1.0,STOP
swing,2021,1,2021Q1,1615990500000,1615990800000,1616004000000,0.809056603773578,0.809056603773578,TARGET
swing,2021,1,2021Q1,1616068800000,1616069100000,1616072700000,1.4737230315323546,-1.0,STOP
swing,2021,1,2021Q1,1616394900000,1616395200000,1616513700000,1.9223023240186654,-1.0,STOP
swing,2021,1,2021Q1,1616514300000,1616514600000,1616679000000,1.7376153946170823,1.7376153946170823,TARGET
swing,2021,1,2021Q1,1616999700000,1617000000000,1617022200000,2.0693076934930237,-1.0,STOP
swing,2021,1,2021Q1,1617022800000,1617023100000,1617024900000,1.253929939355246,-1.0,STOP
swing,2021,1,2021Q1,1617026100000,1617026400000,1617087300000,0.9671460408106107,-1.0,STOP
swing,2021,1,2021Q1,1617108600000,1617108900000,1617198900000,1.4984436686865765,1.4984436686865765,TARGET
swing,2021,2,2021Q2,1617603300000,1617603600000,1617635700000,1.4345364918871526,1.4345364918871526,TARGET
swing,2021,2,2021Q2,1617947400000,1617947700000,1617951900000,2.526155849793872,-1.0,STOP
swing,2021,2,2021Q2,1617952800000,1617953100000,1617970800000,1.7022994558539362,-1.0,STOP
swing,2021,2,2021Q2,1617974400000,1617974700000,1617979500000,1.0224152514802327,1.0224152514802327,TARGET
swing,2021,2,2021Q2,1618238700000,1618239000000,1618291800000,1.8067104303428094,-1.0,STOP
swing,2021,2,2021Q2,1618379100000,1618379400000,1618406100000,1.4622811286799577,-1.0,STOP
swing,2021,2,2021Q2,1618410300000,1618410600000,1618478400000,1.8555547586603134,1.8555547586603134,TARGET
swing,2021,2,2021Q2,1618838700000,1618839000000,1618988400000,1.6910299003322526,1.6910299003322526,TARGET
swing,2021,2,2021Q2,1619084700000,1619085000000,1619093400000,1.8699633968866196,-1.0,STOP
swing,2021,2,2021Q2,1619093700000,1619094000000,1619107200000,1.6682007451238323,-1.0,STOP
swing,2021,2,2021Q2,1619108400000,1619108700000,1619182800000,1.8171531192244788,1.8171531192244788,TARGET
swing,2021,2,2021Q2,1619187000000,1619187300000,1619187600000,1.891515191040996,-1.0,STOP
swing,2021,2,2021Q2,1619189700000,1619190000000,1619601900000,1.5697382693151727,-1.0,STOP
swing,2021,2,2021Q2,1619613300000,1619613600000,1619624100000,1.2586864872425345,1.2586864872425345,TARGET
swing,2021,2,2021Q2,1619705100000,1619705400000,1620023400000,1.345014060134131,1.345014060134131,TARGET
swing,2021,2,2021Q2,1620106200000,1620106500000,1620129000000,1.9794703812411591,-1.0,STOP
swing,2021,2,2021Q2,1620129300000,1620129600000,1620135000000,1.4207751052002875,1.4207751052002875,TARGET
swing,2021,2,2021Q2,1620833700000,1620834000000,1620851100000,2.376051966337142,-1.0,STOP
swing,2021,2,2021Q2,1621348200000,1621348500000,1621417500000,1.768266287073665,-1.0,STOP
swing,2021,2,2021Q2,1621608600000,1621608900000,1621951200000,1.771751641329352,1.771751641329352,TARGET
swing,2021,2,2021Q2,1622205000000,1622205300000,1622205900000,0.16778678744492168,0.16778678744492168,TARGET
swing,2021,2,2021Q2,1622544600000,1622544900000,1622556000000,2.2257602582794664,-1.0,STOP
swing,2021,2,2021Q2,1622557500000,1622557800000,1622706300000,1.7653345169605492,-1.0,STOP
swing,2021,2,2021Q2,1622706900000,1622707200000,1622723100000,1.2135709246727406,-1.0,STOP
swing,2021,2,2021Q2,1622729100000,1622729400000,1622771700000,1.0137375714869965,-1.0,STOP
swing,2021,2,2021Q2,1623042900000,1623043200000,1623050100000,2.0938796680497083,-1.0,STOP
swing,2021,2,2021Q2,1623050700000,1623051000000,1623075900000,2.2771045461064405,2.2771045461064405,TARGET
swing,2021,2,2021Q2,1623140100000,1623140400000,1623155400000,2.246726843945645,2.246726843945645,TARGET
swing,2021,2,2021Q2,1623160800000,1623161100000,1623310500000,0.6957141161106498,-1.0,STOP
swing,2021,2,2021Q2,1623312600000,1623312900000,1623326400000,1.4794460320950267,-1.0,STOP
swing,2021,2,2021Q2,1623404100000,1623404400000,1623414300000,1.0513836566751154,-1.0,STOP
swing,2021,2,2021Q2,1623414900000,1623415200000,1623417000000,1.2176375799599084,-1.0,STOP
swing,2021,2,2021Q2,1623422700000,1623423000000,1623435000000,1.744318238380101,-1.0,STOP
swing,2021,2,2021Q2,1623773100000,1623773400000,1623866400000,2.094690875660686,-1.0,STOP
swing,2021,2,2021Q2,1623867600000,1623867900000,1623873000000,0.9888917518394417,-1.0,STOP
swing,2021,2,2021Q2,1624340400000,1624340700000,1624365300000,1.5032472218213853,-1.0,STOP
swing,2021,2,2021Q2,1624366800000,1624367100000,1624455300000,1.2383464015781136,1.2383464015781136,TARGET
swing,2021,2,2021Q2,1624966200000,1624966500000,1624970400000,0.834091308826824,-1.0,STOP
swing,2021,3,2021Q3,1625153400000,1625153700000,1625222400000,2.17602179298641,2.17602179298641,TARGET
swing,2021,3,2021Q3,1626090900000,1626091200000,1626097800000,2.2511662065308102,-1.0,STOP
swing,2021,3,2021Q3,1626098700000,1626099000000,1626141300000,1.8733558375043242,1.8733558375043242,TARGET
swing,2021,3,2021Q3,1626181800000,1626182100000,1626251400000,0.353693576791176,0.353693576791176,TARGET
swing,2021,3,2021Q3,1626345300000,1626345600000,1626358200000,1.625692728850903,-1.0,STOP
swing,2021,3,2021Q3,1626361500000,1626361800000,1626434100000,1.9247268143796297,-1.0,STOP
swing,2021,3,2021Q3,1626434700000,1626435000000,1626446700000,1.705539998193371,-1.0,STOP
swing,2021,3,2021Q3,1626698100000,1626698400000,1626699300000,0.8577112743126851,0.8577112743126851,TARGET
swing,2021,3,2021Q3,1626792900000,1626793200000,1626860400000,1.8172275393638997,-1.0,STOP
swing,2021,3,2021Q3,1626929700000,1626930000000,1626941700000,2.0948678071538804,-1.0,STOP
swing,2021,3,2021Q3,1627020300000,1627020600000,1627034700000,1.5344748966146033,-1.0,STOP
swing,2021,3,2021Q3,1627040400000,1627040700000,1627044000000,0.7531378822370827,0.7531378822370827,TARGET
swing,2021,3,2021Q3,1627367700000,1627368000000,1627388100000,2.274200126051937,2.274200126051937,TARGET
swing,2021,3,2021Q3,1627473600000,1627473900000,1627501200000,1.9246290467627016,1.9246290467627016,TARGET
swing,2021,3,2021Q3,1627624500000,1627624800000,1627649400000,1.5126257327122326,-1.0,STOP
swing,2021,3,2021Q3,1627650900000,1627651200000,1627662000000,1.3879201180338785,-1.0,STOP
swing,2021,3,2021Q3,1627664700000,1627665000000,1627868100000,1.450798596840042,-1.0,STOP
swing,2021,3,2021Q3,1627869300000,1627869600000,1628079300000,2.0388723516021727,2.0388723516021727,TARGET
swing,2021,3,2021Q3,1628091300000,1628091600000,1628170800000,2.4105659920987237,-1.0,STOP
swing,2021,3,2021Q3,1628171700000,1628172000000,1628247300000,0.638456772005359,-1.0,STOP
swing,2021,3,2021Q3,1628247900000,1628248200000,1628253000000,1.4055473119507307,-1.0,STOP
swing,2021,3,2021Q3,1628255400000,1628255700000,1628257500000,1.5161092628261723,-1.0,STOP
swing,2021,3,2021Q3,1628258700000,1628259000000,1628460900000,2.0407836865253737,-1.0,STOP
swing,2021,3,2021Q3,1628465400000,1628465700000,1628466000000,0.062299347616511826,0.062299347616511826,TARGET
swing,2021,3,2021Q3,1628591700000,1628592000000,1628602500000,2.3798125776220984,-1.0,STOP
swing,2021,3,2021Q3,1628772300000,1628772600000,1628818200000,0.6833679480859405,0.6833679480859405,TARGET
swing,2021,3,2021Q3,1629094800000,1629095100000,1629120900000,1.8058501655069892,1.8058501655069892,TARGET
swing,2021,3,2021Q3,1629210000000,1629210300000,1629299700000,1.4441142768358173,-1.0,STOP
swing,2021,3,2021Q3,1629853800000,1629854100000,1629890700000,1.828427853553421,-1.0,STOP
swing,2021,3,2021Q3,1629895500000,1629895800000,1629898800000,0.8952120383036961,-1.0,STOP
swing,2021,3,2021Q3,1629982500000,1629982800000,1629987900000,1.1527042003093548,1.1527042003093548,TARGET
swing,2021,3,2021Q3,1630071900000,1630072200000,1630072800000,1.0844305906379774,-1.0,STOP_BOTH
swing,2021,3,2021Q3,1630334400000,1630334700000,1630414800000,1.7430275673062003,-1.0,STOP
swing,2021,3,2021Q3,1630416000000,1630416300000,1630416900000,0.6920651382975941,0.6920651382975941,TARGET
swing,2021,3,2021Q3,1630484100000,1630484400000,1630500600000,1.820305954634425,1.820305954634425,TARGET
swing,2021,3,2021Q3,1630590300000,1630590600000,1630591200000,1.0822436017186634,-1.0,STOP
swing,2021,3,2021Q3,1630593300000,1630593600000,1630670700000,0.5029576707382566,0.5029576707382566,TARGET
swing,2021,3,2021Q3,1630915500000,1630915800000,1630931100000,2.0393120393121076,-1.0,STOP
swing,2021,3,2021Q3,1630937700000,1630938000000,1630992300000,2.36229007293091,-1.0,STOP
swing,2021,3,2021Q3,1630995600000,1630995900000,1631002500000,1.839361945083638,-1.0,STOP
swing,2021,3,2021Q3,1631003400000,1631003700000,1631007000000,1.8370344184850482,-1.0,STOP
swing,2021,3,2021Q3,1631011500000,1631011800000,1631023200000,2.253232653854906,-1.0,STOP
swing,2021,3,2021Q3,1631025300000,1631025600000,1631108700000,0.9076690904101942,-1.0,STOP
swing,2021,3,2021Q3,1631109300000,1631109600000,1631113800000,0.5665495942836551,0.5665495942836551,TARGET
swing,2021,3,2021Q3,1631199000000,1631199300000,1631242500000,1.1607975764958647,1.1607975764958647,TARGET
swing,2021,3,2021Q3,1631282100000,1631282400000,1631494800000,1.2399539356777747,-1.0,STOP
swing,2021,3,2021Q3,1631607300000,1631607600000,1631616300000,1.833219835324675,-1.0,STOP
swing,2021,3,2021Q3,1631616600000,1631616900000,1631620200000,1.8832734193276455,-1.0,STOP
swing,2021,3,2021Q3,1631621400000,1631621700000,1631622600000,0.6568962709656128,0.6568962709656128,TARGET
swing,2021,3,2021Q3,1631711700000,1631712000000,1631719800000,1.3352312224833645,-1.0,STOP
swing,2021,3,2021Q3,1631730900000,1631731200000,1631771100000,2.164916964296421,-1.0,STOP
swing,2021,3,2021Q3,1631786700000,1631787000000,1631793000000,1.3544091411095327,-1.0,STOP
swing,2021,3,2021Q3,1631796600000,1631796900000,1631798700000,1.949138100543994,-1.0,STOP
swing,2021,3,2021Q3,1631800500000,1631800800000,1631859600000,0.8566864788846492,0.8566864788846492,TARGET
swing,2021,3,2021Q3,1631883900000,1631884200000,1631888100000,1.5520733804700964,-1.0,STOP
swing,2021,3,2021Q3,1631888400000,1631888700000,1632104400000,1.4556706823327719,-1.0,STOP
swing,2021,3,2021Q3,1632207900000,1632208200000,1632226200000,1.9833082957769235,1.9833082957769235,TARGET
swing,2021,3,2021Q3,1632313500000,1632313800000,1632333600000,1.4711987287714494,-1.0,STOP_BOTH
swing,2021,3,2021Q3,1632338100000,1632338400000,1632402300000,0.7297752042564242,-1.0,STOP
swing,2021,3,2021Q3,1632813000000,1632813300000,1632826500000,0.8481114189879562,-1.0,STOP
swing,2021,3,2021Q3,1632834000000,1632834300000,1632936300000,1.774208317436109,-1.0,STOP
swing,2021,3,2021Q3,1632937200000,1632937500000,1633008300000,1.91430534088956,1.91430534088956,TARGET
swing,2021,4,2021Q4,1633504800000,1633505100000,1633521900000,0.8971372614384495,0.8971372614384495,TARGET
swing,2021,4,2021Q4,1633586700000,1633587000000,1633591200000,1.4460967032388283,1.4460967032388283,TARGET
swing,2021,4,2021Q4,1633613400000,1633613700000,1633696200000,1.4132167187696867,1.4132167187696867,TARGET
swing,2021,4,2021Q4,1634129400000,1634129700000,1634131500000,0.80167892886648,0.80167892886648,TARGET
swing,2021,4,2021Q4,1634302800000,1634303100000,1634551800000,1.378754236297802,-1.0,STOP
swing,2021,4,2021Q4,1634918400000,1634918700000,1635137700000,1.2810920883927728,1.2810920883927728,TARGET
swing,2021,4,2021Q4,1635234300000,1635234600000,1635251100000,1.745110864019884,-1.0,STOP
swing,2021,4,2021Q4,1635258600000,1635258900000,1635359700000,1.3702958540849166,1.3702958540849166,TARGET
swing,2021,4,2021Q4,1635432000000,1635432300000,1635509100000,1.6530888800319354,-1.0,STOP
swing,2021,4,2021Q4,1635512700000,1635513000000,1635515400000,0.8499824720804768,-1.0,STOP
swing,2021,4,2021Q4,1635516300000,1635516600000,1635775200000,0.821262881010535,0.821262881010535,TARGET
swing,2021,4,2021Q4,1635855000000,1635855300000,1635899100000,0.41969242863459605,-1.0,STOP
swing,2021,4,2021Q4,1635899700000,1635900000000,1635909000000,1.6336724817638775,-1.0,STOP
swing,2021,4,2021Q4,1636117200000,1636117500000,1636117800000,0.07181713595594533,0.07181713595594533,TARGET
swing,2021,4,2021Q4,1637073000000,1637073300000,1637079900000,1.095484412134791,-1.0,STOP
swing,2021,4,2021Q4,1637242200000,1637242500000,1637343600000,1.1089456061659084,-1.0,STOP
swing,2021,4,2021Q4,1637345400000,1637345700000,1637577600000,1.4622722552024001,-1.0,STOP
swing,2021,4,2021Q4,1637588400000,1637588700000,1637589600000,0.989287033616551,-1.0,STOP
swing,2021,4,2021Q4,1637752500000,1637752800000,1637760300000,1.7688599829331388,-1.0,STOP
swing,2021,4,2021Q4,1637760600000,1637760900000,1637895600000,1.5328081290110585,1.5328081290110585,TARGET
swing,2021,4,2021Q4,1638142200000,1638142500000,1638285000000,0.7243268159158538,0.7243268159158538,TARGET
swing,2021,4,2021Q4,1638290700000,1638291000000,1638456900000,1.695969514162402,-1.0,STOP
swing,2021,4,2021Q4,1638780600000,1638780900000,1638801600000,2.0498365291155993,-1.0,STOP
swing,2021,4,2021Q4,1638802800000,1638803100000,1638930000000,1.122668411164754,1.122668411164754,TARGET
swing,2021,4,2021Q4,1638970800000,1638971100000,1639052100000,1.5099738616040865,-1.0,STOP
swing,2021,4,2021Q4,1639053300000,1639053600000,1639117200000,1.68342833346353,-1.0,STOP
swing,2021,4,2021Q4,1639404600000,1639404900000,1639488600000,1.4252685660906748,-1.0,STOP
swing,2021,4,2021Q4,1639579200000,1639579500000,1639593900000,1.3733583489681358,-1.0,STOP
swing,2021,4,2021Q4,1639594500000,1639594800000,1639594800000,1.8510788822072293,-1.0,STOP
swing,2021,4,2021Q4,1639595400000,1639595700000,1639597200000,0.08256126165722275,0.08256126165722275,TARGET
swing,2021,4,2021Q4,1640012400000,1640012700000,1640100900000,1.0700198088020272,-1.0,STOP
swing,2021,4,2021Q4,1640103300000,1640103600000,1640188800000,1.800338409475419,1.800338409475419,TARGET
swing,2021,4,2021Q4,1640271000000,1640271300000,1640282700000,1.3844318120876988,1.3844318120876988,TARGET
swing,2021,4,2021Q4,1640612100000,1640612400000,1640618100000,0.6105278136339143,0.6105278136339143,TARGET
swing,2022,1,2022Q1,1641194100000,1641194400000,1641215100000,1.9321430122941197,-1.0,STOP
swing,2022,1,2022Q1,1641220500000,1641220800000,1641222600000,1.413035612756509,-1.0,STOP
swing,2022,1,2022Q1,1641223200000,1641223500000,1641363900000,1.1429384641657778,1.1429384641657778,TARGET
swing,2022,1,2022Q1,1641563100000,1641563400000,1641564600000,0.05894906782846981,0.05894906782846981,TARGET
swing,2022,1,2022Q1,1641975000000,1641975300000,1642008900000,1.7241796461515078,1.7241796461515078,TARGET
swing,2022,1,2022Q1,1642058400000,1642058700000,1642063200000,1.6523922678935277,-1.0,STOP
swing,2022,1,2022Q1,1642065300000,1642065600000,1642087800000,1.7725719863346883,-1.0,STOP
swing,2022,1,2022Q1,1642171200000,1642171500000,1642180500000,1.678112590516224,-1.0,STOP
swing,2022,1,2022Q1,1642478400000,1642478700000,1642489800000,1.4808437365475182,-1.0,STOP
swing,2022,1,2022Q1,1642512600000,1642512900000,1642512900000,0.16125120641439805,0.16125120641439805,TARGET
swing,2022,1,2022Q1,1642755600000,1642755900000,1642773000000,1.2090032154340753,1.2090032154340753,TARGET
swing,2022,1,2022Q1,1643107500000,1643107800000,1643121900000,1.306067008753425,1.306067008753425,TARGET
swing,2022,1,2022Q1,1643208600000,1643208900000,1643223600000,1.2002955699691233,-1.0,STOP
swing,2022,1,2022Q1,1643224200000,1643224500000,1643226000000,0.79803856991253,-1.0,STOP
swing,2022,1,2022Q1,1643289300000,1643289600000,1643291400000,1.842044418545549,-1.0,STOP
swing,2022,1,2022Q1,1643293800000,1643294100000,1643300700000,1.273716777381217,-1.0,STOP
swing,2022,1,2022Q1,1643362200000,1643362500000,1643367000000,1.4741538639251055,-1.0,STOP
swing,2022,1,2022Q1,1643368800000,1643369100000,1643373000000,1.5504656139741624,1.5504656139741624,TARGET
swing,2022,1,2022Q1,1643788200000,1643788500000,1643796900000,2.230934228130809,2.230934228130809,TARGET
swing,2022,1,2022Q1,1643892000000,1643892300000,1643899200000,1.5344505849421377,-1.0,STOP
swing,2022,1,2022Q1,1643900400000,1643900700000,1643901000000,0.9167143001244116,0.9167143001244116,TARGET
swing,2022,1,2022Q1,1643983800000,1643984100000,1643985600000,0.2011442918185395,0.2011442918185395,TARGET
swing,2022,1,2022Q1,1644415500000,1644415800000,1644424800000,1.2829531051964351,1.2829531051964351,TARGET
swing,2022,1,2022Q1,1644482700000,1644483000000,1644499800000,1.7423246423912266,-1.0,STOP
swing,2022,1,2022Q1,1644917700000,1644918000000,1644927600000,1.9465644937823883,-1.0,STOP
swing,2022,1,2022Q1,1644932100000,1644932400000,1645029000000,1.053591661001588,1.053591661001588,TARGET
swing,2022,1,2022Q1,1645425600000,1645425900000,1645484400000,3.0338779793133948,3.0338779793133948,TARGET
swing,2022,1,2022Q1,1645606800000,1645607100000,1645622400000,1.5509981190461497,1.5509981190461497,TARGET
swing,2022,1,2022Q1,1645732200000,1645732500000,1646153100000,1.7721209250927503,1.7721209250927503,TARGET
swing,2022,1,2022Q1,1646835000000,1646835300000,1647001800000,1.3087360717347003,-1.0,STOP
swing,2022,1,2022Q1,1647003300000,1647003600000,1647265500000,0.7743968626352589,-1.0,STOP
swing,2022,1,2022Q1,1647267900000,1647268200000,1647307500000,1.102986129371544,-1.0,STOP
swing,2022,1,2022Q1,1647324300000,1647324600000,1647349800000,1.784664980539653,-1.0,STOP
swing,2022,1,2022Q1,1647350700000,1647351000000,1647440100000,2.0496285393076263,-1.0,STOP
swing,2022,1,2022Q1,1647441600000,1647441900000,1647454500000,0.9154739106363208,-1.0,STOP
swing,2022,1,2022Q1,1647455700000,1647456000000,1647458100000,1.1214655139057987,1.1214655139057987,TARGET
swing,2022,1,2022Q1,1647610200000,1647610500000,1647957600000,0.6341327006950127,-1.0,STOP
swing,2022,1,2022Q1,1648215900000,1648216200000,1648222200000,0.994888195327455,0.994888195327455,TARGET
swing,2022,2,2022Q2,1648812000000,1648812300000,1648823400000,2.198087766609476,-1.0,STOP
swing,2022,2,2022Q2,1648824300000,1648824600000,1649165400000,1.0811710242343593,1.0811710242343593,TARGET
swing,2022,2,2022Q2,1650374400000,1650374700000,1650378900000,1.1854357767496204,-1.0,STOP
swing,2022,2,2022Q2,1650630300000,1650630600000,1650852000000,1.3829812155019727,-1.0,STOP
swing,2022,2,2022Q2,1650892200000,1650892500000,1651066800000,1.3220514890304667,-1.0,STOP
swing,2022,2,2022Q2,1651067400000,1651067700000,1651118400000,1.0603083375402858,-1.0,STOP
swing,2022,2,2022Q2,1651559400000,1651559700000,1651566000000,2.3465161182825196,-1.0,STOP
swing,2022,2,2022Q2,1651567800000,1651568100000,1651584900000,1.8140437544107324,1.8140437544107324,TARGET
swing,2022,2,2022Q2,1651760100000,1651760400000,1651763100000,1.1691709555601406,-1.0,STOP
swing,2022,2,2022Q2,1652077500000,1652077800000,1652085300000,2.4602572938202965,-1.0,STOP
swing,2022,2,2022Q2,1652340600000,1652340900000,1652363700000,1.255839508189407,-1.0,STOP
swing,2022,2,2022Q2,1652396400000,1652396700000,1652447100000,1.1262211971539928,-1.0,STOP
swing,2022,2,2022Q2,1652448300000,1652448600000,1652452200000,1.2887868002096683,1.2887868002096683,TARGET
swing,2022,2,2022Q2,1652682600000,1652682900000,1652686800000,2.592315699820151,-1.0,STOP
swing,2022,2,2022Q2,1652688300000,1652688600000,1652693100000,0.3362619461861332,0.3362619461861332,TARGET
swing,2022,2,2022Q2,1652797500000,1652797800000,1652812500000,1.8513646329477702,-1.0,STOP
swing,2022,2,2022Q2,1652875200000,1652875500000,1652951100000,1.679146297841965,1.679146297841965,TARGET
swing,2022,2,2022Q2,1653056100000,1653056400000,1653256800000,2.046448484848538,2.046448484848538,TARGET
swing,2022,2,2022Q2,1653466500000,1653466800000,1653473700000,1.5077348196783715,-1.0,STOP
swing,2022,2,2022Q2,1653484200000,1653484500000,1653493800000,1.7654098377169904,-1.0,STOP
swing,2022,2,2022Q2,1653565800000,1653566100000,1653616200000,1.150573994332809,1.150573994332809,TARGET
swing,2022,2,2022Q2,1653998700000,1653999000000,1654007100000,0.9975133590815528,-1.0,STOP
swing,2022,2,2022Q2,1654007400000,1654007700000,1654026900000,1.5914136253678772,-1.0,STOP
swing,2022,2,2022Q2,1654240200000,1654240500000,1654259400000,1.7324952188932123,-1.0,STOP
swing,2022,2,2022Q2,1654260600000,1654260900000,1654269600000,1.2555576268816462,-1.0,STOP
swing,2022,2,2022Q2,1654270200000,1654270500000,1654277100000,2.4546255506606856,-1.0,STOP
swing,2022,2,2022Q2,1654529400000,1654529700000,1654558800000,1.8923920493488815,-1.0,STOP
swing,2022,2,2022Q2,1654559700000,1654560000000,1654599300000,2.4957239967838207,2.4957239967838207,TARGET
swing,2022,2,2022Q2,1654773900000,1654774200000,1654776900000,2.2028609862527575,-1.0,STOP
swing,2022,2,2022Q2,1654777200000,1654777500000,1654784100000,0.7451709352996988,-1.0,STOP
swing,2022,2,2022Q2,1655208900000,1655209200000,1655221500000,2.4623758334467505,-1.0,STOP
swing,2022,2,2022Q2,1655748600000,1655748900000,1655809500000,2.5493719745626056,-1.0,STOP
swing,2022,2,2022Q2,1655812500000,1655812800000,1655857800000,1.7910204643480145,-1.0,STOP
swing,2022,2,2022Q2,1656054900000,1656055200000,1656075900000,1.3405840286054784,-1.0,STOP
swing,2022,2,2022Q2,1656076200000,1656076500000,1656280800000,0.4592403035456756,0.7830085144673058,TARGET_GAP
swing,2022,2,2022Q2,1656415500000,1656415800000,1656484200000,1.2782436585239234,-1.0,STOP
swing,2022,3,2022Q3,1657012200000,1657012500000,1657022400000,1.5736998796478776,-1.0,STOP
swing,2022,3,2022Q3,1657022700000,1657023000000,1657027800000,1.5709730957373285,-1.0,STOP
swing,2022,3,2022Q3,1657087200000,1657087500000,1657115400000,2.492627857458538,-1.0,STOP
swing,2022,3,2022Q3,1657115700000,1657116000000,1657118400000,1.3316842168966387,-1.0,STOP
swing,2022,3,2022Q3,1657266900000,1657267200000,1657282200000,1.2667952124532256,1.2667952124532256,TARGET
swing,2022,3,2022Q3,1657527000000,1657527300000,1657560300000,2.0875370679457776,-1.0,STOP
swing,2022,3,2022Q3,1657717200000,1657717500000,1657717800000,0.2067346580913889,0.2067346580913889,TARGET
swing,2022,3,2022Q3,1657867800000,1657868100000,1658114700000,1.9264341147292028,1.9264341147292028,TARGET
swing,2022,3,2022Q3,1658387700000,1658388000000,1658400000000,1.2402192873162057,-1.0,STOP
swing,2022,3,2022Q3,1658711100000,1658711400000,1658838000000,2.084012340795803,-1.0,STOP
swing,2022,3,2022Q3,1658838600000,1658838900000,1658946900000,0.8608646290819203,0.8608646290819203,TARGET
swing,2022,3,2022Q3,1659104400000,1659104700000,1659346800000,1.519034009495769,1.519034009495769,TARGET
swing,2022,3,2022Q3,1659538800000,1659539100000,1659590700000,1.7306144093330977,1.7306144093330977,TARGET
swing,2022,3,2022Q3,1659694500000,1659694800000,1659702600000,2.361792310021125,-1.0,STOP
swing,2022,3,2022Q3,1660107300000,1660107600000,1660134600000,3.39618735443812,3.39618735443812,TARGET
swing,2022,3,2022Q3,1660740000000,1660740300000,1660751100000,0.568141771859382,-1.0,STOP
swing,2022,3,2022Q3,1660909200000,1660909500000,1660919700000,1.416826316527238,-1.0,STOP
swing,2022,3,2022Q3,1661158500000,1661158800000,1661169900000,1.5220385674931658,-1.0,STOP
swing,2022,3,2022Q3,1661258100000,1661258400000,1661262300000,1.3654492023510698,1.3654492023510698,TARGET
swing,2022,3,2022Q3,1661479500000,1661479800000,1661508000000,2.6969989187925303,-1.0,STOP
swing,2022,3,2022Q3,1661985000000,1661985300000,1662021000000,1.5425059644248225,-1.0,STOP
swing,2022,3,2022Q3,1662470100000,1662470400000,1662483300000,2.160581992925406,-1.0,STOP
swing,2022,3,2022Q3,1662511200000,1662511500000,1662560700000,1.9350587829981176,1.9350587829981176,TARGET
swing,2022,3,2022Q3,1662643200000,1662643500000,1662647100000,1.801237541920571,-1.0,STOP
swing,2022,3,2022Q3,1662732000000,1662732300000,1662982500000,1.442202408884722,1.442202408884722,TARGET
swing,2022,3,2022Q3,1663033500000,1663033800000,1663072200000,2.801165498199553,-1.0,STOP
swing,2022,3,2022Q3,1663075200000,1663075500000,1663210800000,1.3948947922506119,-1.0,STOP
swing,2022,3,2022Q3,1663245600000,1663245900000,1663253100000,0.7900976654306267,-1.0,STOP
swing,2022,3,2022Q3,1663255500000,1663255800000,1663314600000,1.312109920105515,-1.0,STOP
swing,2022,3,2022Q3,1663316400000,1663316700000,1663337100000,2.526326151769163,2.526326151769163,TARGET
swing,2022,3,2022Q3,1663677600000,1663677900000,1663680900000,1.8415612825523267,-1.0,STOP
swing,2022,3,2022Q3,1663681500000,1663681800000,1663741200000,1.248733088897612,1.248733088897612,TARGET
swing,2022,3,2022Q3,1663784100000,1663784400000,1663785000000,0.706849894762649,0.706849894762649,TARGET
swing,2022,3,2022Q3,1663917600000,1663917900000,1663922700000,1.991722055195323,-1.0,STOP
swing,2022,3,2022Q3,1663926900000,1663927200000,1663929900000,1.1456408322332694,-1.0,STOP
swing,2022,3,2022Q3,1664154000000,1664154300000,1664349000000,0.8146072836545205,-1.0,STOP
swing,2022,3,2022Q3,1664349900000,1664350200000,1664360400000,1.4005779551396775,1.4005779551396775,TARGET
swing,2022,4,2022Q4,1664790900000,1664791200000,1664805900000,2.3061266976084096,2.3061266976084096,TARGET
swing,2022,4,2022Q4,1664965500000,1664965800000,1665015300000,1.4942937974131911,1.4942937974131911,TARGET
swing,2022,4,2022Q4,1665047100000,1665047400000,1665065700000,1.56526191630016,-1.0,STOP
swing,2022,4,2022Q4,1665072900000,1665073200000,1665145800000,2.3871745187069737,-1.0,STOP
swing,2022,4,2022Q4,1665147300000,1665147600000,1665158700000,0.6706658279236402,0.6706658279236402,TARGET
swing,2022,4,2022Q4,1665383700000,1665384000000,1665390600000,2.977264256429416,-1.0,STOP
swing,2022,4,2022Q4,1665392400000,1665392700000,1665402000000,1.8380210736446863,-1.0,STOP
swing,2022,4,2022Q4,1665409500000,1665409800000,1665413400000,1.9165176975330733,-1.0,STOP
swing,2022,4,2022Q4,1666336800000,1666337100000,1666356900000,0.4103517249924882,0.4103517249924882,TARGET
swing,2022,4,2022Q4,1666596600000,1666596900000,1666600800000,2.7599262547506616,-1.0,STOP
swing,2022,4,2022Q4,1666621800000,1666622100000,1666692900000,1.6016343787019935,-1.0,STOP
swing,2022,4,2022Q4,1666854300000,1666854600000,1666873500000,1.8665102153505926,-1.0,STOP
swing,2022,4,2022Q4,1666943400000,1666943700000,1666948500000,2.5261949032046584,-1.0,STOP
swing,2022,4,2022Q4,1666948800000,1666949100000,1666960200000,1.9654255319149276,-1.0,STOP
swing,2022,4,2022Q4,1667418000000,1667418300000,1667459100000,1.8626936791441928,-1.0,STOP
swing,2022,4,2022Q4,1667475900000,1667476200000,1667502300000,2.3458907075431887,2.3458907075431887,TARGET
swing,2022,4,2022Q4,1667806200000,1667806500000,1667919900000,2.94218925898961,2.94218925898961,TARGET
swing,2022,4,2022Q4,1668000300000,1668000600000,1668006300000,1.3261723148628553,1.3261723148628553,TARGET
swing,2022,4,2022Q4,1668024000000,1668024300000,1668087000000,2.4597064209737307,2.4597064209737307,TARGET
swing,2022,4,2022Q4,1668405900000,1668406200000,1668497400000,1.9401378846477413,1.9401378846477413,TARGET
swing,2022,4,2022Q4,1668532200000,1668532500000,1668661200000,2.8653155533266363,-1.0,STOP
swing,2022,4,2022Q4,1668662100000,1668662400000,1668690300000,2.907969995964247,-1.0,STOP
swing,2022,4,2022Q4,1668691200000,1668691500000,1668782700000,0.9582118561710335,-1.0,STOP
swing,2022,4,2022Q4,1669024800000,1669025100000,1669047900000,1.4357673418029249,-1.0,STOP
swing,2022,4,2022Q4,1669337700000,1669338000000,1669369500000,2.409008102434063,-1.0,STOP
swing,2022,4,2022Q4,1669370100000,1669370400000,1669383900000,2.2841743477580247,-1.0,STOP
swing,2022,4,2022Q4,1669384200000,1669384500000,1669625400000,2.020623905571021,2.020623905571021,TARGET
swing,2022,4,2022Q4,1669823700000,1669824000000,1669832700000,1.7067927773001619,-1.0,STOP
swing,2022,4,2022Q4,1669833000000,1669833300000,1669834800000,0.7560746828658271,0.7560746828658271,TARGET
swing,2022,4,2022Q4,1669989000000,1669989300000,1669998300000,0.6777244958286288,0.6777244958286288,TARGET
swing,2022,4,2022Q4,1670236800000,1670237100000,1670250600000,2.166066999685591,-1.0,STOP
swing,2022,4,2022Q4,1670263800000,1670264100000,1670438700000,2.7039990490248096,2.7039990490248096,TARGET
swing,2022,4,2022Q4,1670860200000,1670860500000,1670869800000,1.6360864686328496,-1.0,STOP
swing,2022,4,2022Q4,1670870400000,1670870700000,1670938200000,3.2994636518586185,3.2994636518586185,TARGET
swing,2022,4,2022Q4,1671005400000,1671005700000,1671044400000,1.7718855218854148,-1.0,STOP
swing,2022,4,2022Q4,1671093900000,1671094200000,1671410700000,1.3363883992949483,1.3363883992949483,TARGET
swing,2022,4,2022Q4,1671607500000,1671607800000,1671636900000,1.35684271236711,1.35684271236711,TARGET
swing,2022,4,2022Q4,1671735000000,1671735300000,1672097400000,2.550593895654754,2.550593895654754,TARGET
swing,2022,4,2022Q4,1672396800000,1672397100000,1672409100000,1.4155870309458167,1.4155870309458167,TARGET
swing,2023,1,2023Q1,1672760700000,1672761000000,1672817400000,1.643792631496978,1.643792631496978,TARGET
swing,2023,1,2023Q1,1672906800000,1672907100000,1672926300000,2.1509459709726215,-1.0,STOP
swing,2023,1,2023Q1,1672927800000,1672928100000,1672932600000,1.625740849578329,-1.0,STOP
swing,2023,1,2023Q1,1672934400000,1672934700000,1673012400000,1.9682956641890959,1.9682956641890959,TARGET
swing,2023,1,2023Q1,1673285400000,1673285700000,1673429400000,2.706020087497721,2.706020087497721,TARGET
swing,2023,1,2023Q1,1673454600000,1673454900000,1673516400000,1.4926067085224455,1.4926067085224455,TARGET
swing,2023,1,2023Q1,1673929200000,1673929500000,1673982600000,1.8623755041567682,-1.0,STOP
swing,2023,1,2023Q1,1673983200000,1673983500000,1674014700000,2.646482819947983,-1.0,STOP
swing,2023,1,2023Q1,1674456600000,1674456900000,1674482700000,2.8367871306485837,-1.0,STOP
swing,2023,1,2023Q1,1674483300000,1674483600000,1674523800000,1.7956834013065122,1.7956834013065122,TARGET
swing,2023,1,2023Q1,1674573000000,1674573300000,1674575100000,0.46392884492954206,0.46392884492954206,TARGET
swing,2023,1,2023Q1,1674647400000,1674647700000,1674667800000,1.9992589848092734,1.9992589848092734,TARGET
swing,2023,1,2023Q1,1674726600000,1674726900000,1674744300000,1.9688301035579212,-1.0,STOP
swing,2023,1,2023Q1,1674834900000,1674835200000,1675152300000,0.9166290694085146,-1.0,STOP
swing,2023,1,2023Q1,1675154700000,1675155000000,1675164600000,1.8827960189989579,-1.0,STOP
swing,2023,1,2023Q1,1675164900000,1675165200000,1675171800000,1.9172056921086311,1.9172056921086311,TARGET
swing,2023,1,2023Q1,1675239900000,1675240200000,1675271400000,1.9909312870595945,-1.0,STOP
swing,2023,1,2023Q1,1675346700000,1675347000000,1675348800000,1.9413091304067824,-1.0,STOP
swing,2023,1,2023Q1,1675350900000,1675351200000,1675409700000,1.123782697387203,-1.0,STOP
swing,2023,1,2023Q1,1675410300000,1675410600000,1675431000000,1.780330276611401,-1.0,STOP
swing,2023,1,2023Q1,1675437300000,1675437600000,1675447200000,1.3184460267031632,-1.0,STOP
swing,2023,1,2023Q1,1675448400000,1675448700000,1675891800000,2.6361135385312378,1.0061947761918448,864BAR_TIMEOUT
swing,2023,1,2023Q1,1675959000000,1675959300000,1675971600000,0.900391412401701,-1.0,STOP
swing,2023,1,2023Q1,1676386200000,1676386500000,1676387100000,0.8058192654522754,0.8058192654522754,TARGET
swing,2023,1,2023Q1,1676449500000,1676449800000,1676599200000,1.799094058086844,-1.0,STOP
swing,2023,1,2023Q1,1676943300000,1676943600000,1676962800000,1.8033792069763745,-1.0,STOP
swing,2023,1,2023Q1,1676965800000,1676966100000,1676982000000,1.8672425013309586,-1.0,STOP
swing,2023,1,2023Q1,1676983500000,1676983800000,1676990100000,2.008005212696705,2.008005212696705,TARGET
swing,2023,1,2023Q1,1677062700000,1677063000000,1677069000000,1.820793092951863,1.820793092951863,TARGET
swing,2023,1,2023Q1,1677078900000,1677079200000,1677093300000,1.7721447683424363,-1.0,STOP
swing,2023,1,2023Q1,1677160200000,1677160500000,1677245400000,0.8422359253623782,-1.0,STOP
swing,2023,1,2023Q1,1677246600000,1677246900000,1677469200000,0.9615794826003959,-1.0,STOP
swing,2023,1,2023Q1,1677741900000,1677742200000,1677834300000,1.9233816850445973,1.9233816850445973,TARGET
swing,2023,1,2023Q1,1678097400000,1678097700000,1678128300000,2.527491658204098,-1.0,STOP
swing,2023,1,2023Q1,1678130400000,1678130700000,1678189500000,2.755298870522562,-1.0,STOP
swing,2023,1,2023Q1,1678191000000,1678191300000,1678194600000,2.7857157099276835,-1.0,STOP
swing,2023,1,2023Q1,1678783800000,1678784100000,1678801500000,2.234962273464557,-1.0,STOP
swing,2023,1,2023Q1,1678802100000,1678802400000,1678867500000,1.1958574716292434,-1.0,STOP
swing,2023,1,2023Q1,1678869300000,1678869600000,1678874400000,1.5700934579439516,1.5700934579439516,TARGET
swing,2023,1,2023Q1,1679321700000,1679322000000,1679406000000,1.8368085728358796,-1.0,STOP
swing,2023,1,2023Q1,1679408400000,1679408700000,1679419500000,1.7552111170497398,-1.0,STOP
swing,2023,1,2023Q1,1679470800000,1679471100000,1679496900000,1.5038975685806255,1.5038975685806255,TARGET
swing,2023,1,2023Q1,1679679900000,1679680200000,1679897400000,2.3347712451470684,-1.0,STOP
swing,2023,1,2023Q1,1679902500000,1679902800000,1679909400000,1.9327098648798868,-1.0,STOP
swing,2023,1,2023Q1,1679915100000,1679915400000,1680015300000,2.2092148686331368,2.2092148686331368,TARGET
swing,2023,2,2023Q2,1680474300000,1680474600000,1680490500000,2.0520650849607494,-1.0,STOP
swing,2023,2,2023Q2,1680704100000,1680704400000,1680705000000,1.0035393589827857,-1.0,STOP
swing,2023,2,2023Q2,1680749400000,1680749700000,1680789300000,2.392282958199319,-1.0,STOP
swing,2023,2,2023Q2,1680790200000,1680790500000,1681077900000,1.1442937057041818,-1.0,STOP
swing,2023,2,2023Q2,1681078200000,1681078500000,1681131600000,1.1382885778810778,-1.0,STOP
swing,2023,2,2023Q2,1681132200000,1681132500000,1681137300000,1.644752783929965,-1.0,STOP
swing,2023,2,2023Q2,1681138500000,1681138800000,1681198500000,1.3830611064133267,1.3830611064133267,TARGET
swing,2023,2,2023Q2,1681308000000,1681308300000,1681371000000,1.0862861292357129,1.0862861292357129,TARGET
swing,2023,2,2023Q2,1681458600000,1681458900000,1681460400000,1.8545887961859058,-1.0,STOP
swing,2023,2,2023Q2,1681476900000,1681477200000,1681481100000,0.768160069595462,-1.0,STOP
swing,2023,2,2023Q2,1681489200000,1681489500000,1681742700000,2.539023704062423,-1.0,STOP
swing,2023,2,2023Q2,1681743900000,1681744200000,1681802700000,1.021446976341298,1.021446976341298,TARGET
swing,2023,2,2023Q2,1681825500000,1681825800000,1681826700000,0.8165747515561969,0.8165747515561969,TARGET
swing,2023,2,2023Q2,1681892400000,1681892700000,1681893600000,2.070609217299686,-1.0,STOP
swing,2023,2,2023Q2,1681894200000,1681894500000,1681899300000,1.3943172300447375,-1.0,STOP
swing,2023,2,2023Q2,1681899900000,1681900200000,1681911900000,2.295658571190875,2.295658571190875,TARGET
swing,2023,2,2023Q2,1682063400000,1682063700000,1682084700000,1.9105073531509067,-1.0,STOP
swing,2023,2,2023Q2,1683295800000,1683296100000,1683549600000,1.9882955376737033,1.9882955376737033,TARGET
swing,2023,2,2023Q2,1683708300000,1683708600000,1683721800000,2.03866821938178,2.03866821938178,TARGET
swing,2023,2,2023Q2,1683813600000,1683813900000,1683884100000,2.0435517201045275,-1.0,STOP
swing,2023,2,2023Q2,1683885600000,1683885900000,1683895200000,1.5886558289880666,1.5886558289880666,TARGET
swing,2023,2,2023Q2,1684239600000,1684239900000,1684241100000,1.5303895981754518,1.5303895981754518,TARGET
swing,2023,2,2023Q2,1684318500000,1684318800000,1684330800000,1.1193060706497298,-1.0,STOP
swing,2023,2,2023Q2,1684332600000,1684332900000,1684413000000,0.8813387423935033,-1.0,STOP
swing,2023,2,2023Q2,1684417200000,1684417500000,1684422000000,1.5329594289460344,-1.0,STOP
swing,2023,2,2023Q2,1684423500000,1684423800000,1684509300000,2.0950024740227966,2.0950024740227966,TARGET
swing,2023,2,2023Q2,1684808400000,1684808700000,1684826700000,2.6576742463037086,-1.0,STOP
swing,2023,2,2023Q2,1684827000000,1684827300000,1684849500000,1.796532846715286,1.796532846715286,TARGET
swing,2023,2,2023Q2,1684938600000,1684938900000,1684943400000,1.846991444530876,-1.0,STOP
swing,2023,2,2023Q2,1685019300000,1685019600000,1685020800000,1.2390596679802568,1.2390596679802568,TARGET
swing,2023,2,2023Q2,1685426400000,1685426700000,1685433600000,1.5679060559947489,1.5679060559947489,TARGET
swing,2023,2,2023Q2,1685711100000,1685711400000,1685713500000,0.8716407803969883,-1.0,STOP
swing,2023,2,2023Q2,1685716200000,1685716500000,1685722200000,2.2322053119609278,-1.0,STOP
swing,2023,2,2023Q2,1685725500000,1685725800000,1685925000000,2.9828288409978923,-1.0,STOP
swing,2023,2,2023Q2,1685942400000,1685942700000,1685951400000,2.8795476304451673,-1.0,STOP
swing,2023,2,2023Q2,1685952300000,1685952600000,1685973600000,1.8864784546805953,1.8864784546805953,TARGET
swing,2023,2,2023Q2,1686038700000,1686039000000,1686145800000,1.9139409797934526,1.9139409797934526,TARGET
swing,2023,2,2023Q2,1686158400000,1686158700000,1686231300000,2.512679085579588,2.512679085579588,TARGET
swing,2023,2,2023Q2,1686318600000,1686318900000,1686577500000,1.2935111509581905,-1.0,STOP
swing,2023,2,2023Q2,1686578400000,1686578700000,1686653700000,1.3236972714535826,1.3236972714535826,TARGET
swing,2023,2,2023Q2,1686766200000,1686766500000,1686791400000,0.9419506365000749,-1.0,STOP
swing,2023,2,2023Q2,1687161300000,1687161600000,1687168800000,1.6013480027753761,-1.0,STOP
swing,2023,2,2023Q2,1687169400000,1687169700000,1687225800000,2.700821404288867,-1.0,STOP
swing,2023,2,2023Q2,1687226700000,1687227000000,1687266300000,1.7141466787896253,-1.0,STOP
swing,2023,2,2023Q2,1687271700000,1687272000000,1687354500000,1.729405293470516,-1.0,STOP
swing,2023,2,2023Q2,1687355100000,1687355400000,1687357800000,0.5403227439308431,0.5403227439308431,TARGET
swing,2023,2,2023Q2,1687875600000,1687875900000,1687945500000,1.109173504133648,-1.0,STOP
swing,2023,2,2023Q2,1687958100000,1687958400000,1688041800000,1.332366269720813,-1.0,STOP
swing,2023,3,2023Q3,1688568900000,1688569200000,1688583900000,1.4546491612259482,-1.0,STOP
swing,2023,3,2023Q3,1688594700000,1688595000000,1688646000000,2.0274251924350777,-1.0,STOP
swing,2023,3,2023Q3,1688648100000,1688648400000,1688650500000,1.179190751445144,1.179190751445144,TARGET
swing,2023,3,2023Q3,1688969400000,1688969700000,1688992500000,3.0731287090806125,-1.0,STOP
swing,2023,3,2023Q3,1688994300000,1688994600000,1688997000000,0.916270345036724,0.916270345036724,TARGET
swing,2023,3,2023Q3,1689228000000,1689228300000,1689252000000,2.3239677498167413,-1.0,STOP
swing,2023,3,2023Q3,1689252900000,1689253200000,1689597900000,0.8724663182045465,-1.0,STOP
swing,2023,3,2023Q3,1689599700000,1689600000000,1689663600000,1.6271304140791358,1.6271304140791358,TARGET
swing,2023,3,2023Q3,1689778200000,1689778500000,1689816600000,1.0226704882553248,1.0226704882553248,TARGET
swing,2023,3,2023Q3,1689864900000,1689865200000,1689927600000,1.3300072422950033,-1.0,STOP
swing,2023,3,2023Q3,1689928200000,1689928500000,1689945600000,1.5473350852368843,-1.0,STOP
swing,2023,3,2023Q3,1689946200000,1689946500000,1690222200000,1.1798482359384148,-1.0,STOP
swing,2023,3,2023Q3,1690241700000,1690242000000,1690352100000,3.0448740552225253,3.0448740552225253,TARGET
swing,2023,3,2023Q3,1690476600000,1690476900000,1690807800000,2.943851009867337,2.943851009867337,TARGET
swing,2023,3,2023Q3,1690867800000,1690868100000,1690873800000,2.2386073525657544,-1.0,STOP
swing,2023,3,2023Q3,1690889100000,1690889400000,1690892400000,1.4021392487229118,-1.0,STOP
swing,2023,3,2023Q3,1690893300000,1690893600000,1690893900000,1.7790099497890315,-1.0,STOP
swing,2023,3,2023Q3,1690896300000,1690896600000,1690911300000,1.2597335599186297,-1.0,STOP
swing,2023,3,2023Q3,1690980300000,1690980600000,1690985400000,1.215821980813837,-1.0,STOP
swing,2023,3,2023Q3,1690991400000,1690991700000,1691152200000,1.8790137559171576,-1.0,STOP
swing,2023,3,2023Q3,1691499900000,1691500200000,1691591400000,1.3330064034252387,-1.0,STOP
swing,2023,3,2023Q3,1691618400000,1691618700000,1691670600000,2.221372084392002,2.221372084392002,TARGET
swing,2023,3,2023Q3,1691680500000,1691680800000,1692015300000,1.859307817015602,-1.0,STOP
swing,2023,3,2023Q3,1692016800000,1692017100000,1692020700000,1.5911842990435225,-1.0,STOP
swing,2023,3,2023Q3,1692022200000,1692022500000,1692102600000,0.9003738811888655,-1.0,STOP
swing,2023,3,2023Q3,1692103500000,1692103800000,1692105000000,0.08112906089117532,0.08112906089117532,TARGET
swing,2023,3,2023Q3,1692192000000,1692192300000,1692208800000,0.8142845905765811,-1.0,STOP
swing,2023,3,2023Q3,1692209700000,1692210000000,1692215400000,1.8051384627859453,-1.0,STOP
swing,2023,3,2023Q3,1692294300000,1692294600000,1692685200000,2.5322315873695187,2.5322315873695187,TARGET
swing,2023,3,2023Q3,1692881400000,1692881700000,1692888000000,1.418466186794607,1.418466186794607,TARGET
swing,2023,3,2023Q3,1693230000000,1693230300000,1693236000000,0.42579158753383756,0.42579158753383756,TARGET
swing,2023,3,2023Q3,1693312200000,1693312500000,1693317600000,1.707361008761105,1.707361008761105,TARGET
swing,2023,3,2023Q3,1693490400000,1693490700000,1693542000000,0.5776489936565173,-1.0,STOP
swing,2023,3,2023Q3,1693542600000,1693542900000,1693571400000,2.6383688214249603,2.6383688214249603,TARGET
swing,2023,3,2023Q3,1693579200000,1693579500000,1693905900000,1.235885942699696,-1.0,STOP
swing,2023,3,2023Q3,1693908900000,1693909200000,1693917000000,1.747908772431538,-1.0,STOP
swing,2023,3,2023Q3,1693918200000,1693918500000,1693923300000,0.38710915721453937,-1.0,STOP
swing,2023,3,2023Q3,1693925400000,1693925700000,1694005200000,2.409343715239075,-1.0,STOP
swing,2023,3,2023Q3,1694007000000,1694007300000,1694010300000,1.461190773067346,-1.0,STOP
swing,2023,3,2023Q3,1694011800000,1694012100000,1694137800000,1.4560043767666782,1.4560043767666782,TARGET
swing,2023,3,2023Q3,1694521800000,1694522100000,1694608200000,1.4952285057332715,-1.0,STOP
swing,2023,3,2023Q3,1694695800000,1694696100000,1694703000000,0.6664477141355972,0.6664477141355972,TARGET
swing,2023,3,2023Q3,1695046200000,1695046500000,1695057300000,1.516373311502283,1.516373311502283,TARGET
swing,2023,3,2023Q3,1695299100000,1695299400000,1695709200000,1.8884872279811484,-1.0,STOP
swing,2023,3,2023Q3,1695711900000,1695712200000,1695731700000,1.436856507274105,-1.0,STOP
swing,2023,3,2023Q3,1695744600000,1695744900000,1695789000000,2.460969684166049,-1.0,STOP
swing,2023,3,2023Q3,1695789900000,1695790200000,1695813000000,2.565114342450714,-1.0,STOP
swing,2023,3,2023Q3,1695813900000,1695814200000,1695817500000,3.232781168264961,-1.0,STOP
swing,2023,3,2023Q3,1695818100000,1695818400000,1695822000000,1.4587057768520866,-1.0,STOP
swing,2023,3,2023Q3,1695828600000,1695828900000,1695832500000,2.6080424215642757,-1.0,STOP
swing,2023,3,2023Q3,1695834000000,1695834300000,1695905100000,2.346383543463871,-1.0,STOP
swing,2023,3,2023Q3,1695906000000,1695906300000,1695911700000,1.2438810286068596,-1.0,STOP
swing,2023,3,2023Q3,1695914700000,1695915000000,1695972900000,1.670479454784642,1.670479454784642,TARGET
swing,2023,3,2023Q3,1696002300000,1696002600000,1696011600000,2.451413950682057,-1.0,STOP
swing,2023,3,2023Q3,1696013100000,1696013400000,1696225200000,2.924813762383787,-1.0,STOP
swing,2023,4,2023Q4,1696239600000,1696239900000,1696257600000,1.5702257655911764,-1.0,STOP
swing,2023,4,2023Q4,1696301100000,1696301400000,1696572600000,2.0776540347409225,0.41905811699418444,864BAR_TIMEOUT
swing,2023,4,2023Q4,1696596900000,1696597200000,1696597800000,0.7201268771373261,0.7201268771373261,TARGET
swing,2023,4,2023Q4,1696858800000,1696859100000,1696878000000,1.5163680558277701,1.5163680558277701,TARGET
swing,2023,4,2023Q4,1697440200000,1697440500000,1697544900000,2.068346526926085,2.068346526926085,TARGET
swing,2023,4,2023Q4,1698247800000,1698248100000,1698248700000,0.24127231774209712,0.24127231774209712,TARGET
swing,2023,4,2023Q4,1698406800000,1698407100000,1698412200000,1.913419203106561,-1.0,STOP
swing,2023,4,2023Q4,1698857100000,1698857400000,1698864300000,2.112067663494933,-1.0,STOP
swing,2023,4,2023Q4,1698934800000,1698935100000,1699014600000,1.7773872290569217,1.7773872290569217,TARGET
swing,2023,4,2023Q4,1699342200000,1699342500000,1699347600000,2.192048703994022,-1.0,STOP
swing,2023,4,2023Q4,1699348500000,1699348800000,1699359000000,1.6164715495259854,-1.0,STOP
swing,2023,4,2023Q4,1699362000000,1699362300000,1699382700000,1.7702023024478075,1.7702023024478075,TARGET
swing,2023,4,2023Q4,1699440600000,1699440900000,1699456200000,1.200615672154528,-1.0,STOP
swing,2023,4,2023Q4,1699457400000,1699457700000,1699458000000,2.0531697341512483,-1.0,STOP
swing,2023,4,2023Q4,1699458600000,1699458900000,1699473000000,1.0283856242301115,-1.0,STOP
swing,2023,4,2023Q4,1699518900000,1699519200000,1699540800000,1.079542119166409,1.079542119166409,TARGET
swing,2023,4,2023Q4,1699601700000,1699602000000,1699615500000,1.9555760510337425,-1.0,STOP
swing,2023,4,2023Q4,1699620600000,1699620900000,1699631100000,0.9724324699673369,-1.0,STOP
swing,2023,4,2023Q4,1699641600000,1699641900000,1699968600000,1.7709990820073944,1.7709990820073944,TARGET
swing,2023,4,2023Q4,1700484300000,1700484600000,1700487000000,2.4908565928777366,-1.0,STOP
swing,2023,4,2023Q4,1700487600000,1700487900000,1700524800000,1.948245540574538,1.948245540574538,TARGET
swing,2023,4,2023Q4,1700667300000,1700667600000,1701047100000,1.934433925357938,1.934433925357938,TARGET
swing,2023,4,2023Q4,1701103500000,1701103800000,1701178800000,1.504625632169723,1.504625632169723,TARGET
swing,2023,4,2023Q4,1701772500000,1701772800000,1701787500000,2.0437409782134583,-1.0,STOP
swing,2023,4,2023Q4,1701788400000,1701788700000,1701791400000,0.6202810012854183,-1.0,STOP
swing,2023,4,2023Q4,1701791700000,1701792000000,1701848700000,1.3537830102068409,1.3537830102068409,TARGET
swing,2023,4,2023Q4,1701969600000,1701969900000,1702042500000,1.7895541315685721,-1.0,STOP
swing,2023,4,2023Q4,1702042800000,1702043100000,1702044600000,0.31640564335975074,-1.0,STOP
swing,2023,4,2023Q4,1702302900000,1702303200000,1702306800000,1.6985142532167303,-1.0,STOP
swing,2023,4,2023Q4,1702309500000,1702309800000,1702318500000,2.304389169711275,-1.0,STOP
swing,2023,4,2023Q4,1702392000000,1702392300000,1702448100000,1.8848044235101185,-1.0,STOP
swing,2023,4,2023Q4,1702449300000,1702449600000,1702474200000,2.0233455369309628,2.0233455369309628,TARGET
swing,2023,4,2023Q4,1702561200000,1702561500000,1702664700000,1.3897284678707373,-1.0,STOP
swing,2023,4,2023Q4,1703068500000,1703068800000,1703070600000,2.8169464428457296,-1.0,STOP
swing,2023,4,2023Q4,1703079900000,1703080200000,1703165400000,0.8588875125803553,0.8588875125803553,TARGET
swing,2023,4,2023Q4,1703603100000,1703603400000,1703622900000,0.9451205598236001,0.9451205598236001,TARGET
swing,2023,4,2023Q4,1703859300000,1703859600000,1704174300000,1.4330292006302534,1.4330292006302534,TARGET
swing,2024,1,2024Q1,1704207000000,1704207300000,1704209700000,0.8974927199135281,-1.0,STOP
swing,2024,1,2024Q1,1704211500000,1704211800000,1704281400000,0.6464898196396973,-1.0,STOP
swing,2024,1,2024Q1,1704285000000,1704285300000,1704290700000,1.7950491320573818,-1.0,STOP
swing,2024,1,2024Q1,1704291900000,1704292200000,1704461400000,2.1713650996080607,-1.0,STOP
swing,2024,1,2024Q1,1705332300000,1705332600000,1705393800000,1.9903545096455117,-1.0,STOP
swing,2024,1,2024Q1,1705411800000,1705412100000,1705412400000,0.5152234439753939,0.5152234439753939,TARGET
swing,2024,1,2024Q1,1705469100000,1705469400000,1705503300000,2.936188219363659,-1.0,STOP
swing,2024,1,2024Q1,1705505700000,1705506000000,1705650600000,2.1733031990493963,2.1733031990493963,TARGET
swing,2024,1,2024Q1,1705935000000,1705935300000,1705992900000,0.8855960656660641,0.8855960656660641,TARGET
swing,2024,1,2024Q1,1706786100000,1706786400000,1706798100000,2.348333399705246,2.348333399705246,TARGET
swing,2024,1,2024Q1,1707126000000,1707126300000,1707139500000,2.61437807683905,-1.0,STOP
swing,2024,1,2024Q1,1707142800000,1707143100000,1707231900000,2.4884818628674696,2.4884818628674696,TARGET
swing,2024,1,2024Q1,1707295200000,1707295500000,1707316800000,1.8784676797155277,1.8784676797155277,TARGET
swing,2024,1,2024Q1,1707748500000,1707748800000,1707806700000,1.0788920015344297,1.0788920015344297,TARGET
swing,2024,1,2024Q1,1707874800000,1707875100000,1708104900000,2.4464346327579882,2.4464346327579882,TARGET
swing,2024,1,2024Q1,1708532400000,1708532700000,1708542000000,1.664081222459899,-1.0,STOP
swing,2024,1,2024Q1,1708609200000,1708609500000,1708620300000,0.6935191024979318,-1.0,STOP
swing,2024,1,2024Q1,1708621200000,1708621500000,1708681200000,2.3230976958925718,-1.0,STOP
swing,2024,1,2024Q1,1708682400000,1708682700000,1708691700000,2.1676489065725737,2.1676489065725737,TARGET
swing,2024,1,2024Q1,1709051100000,1709051400000,1709064300000,1.70143161835776,-1.0,STOP
swing,2024,1,2024Q1,1709107500000,1709107800000,1709112900000,2.582374678998656,-1.0,STOP
swing,2024,1,2024Q1,1709114700000,1709115000000,1709126400000,1.9930191972077305,1.9930191972077305,TARGET
swing,2024,1,2024Q1,1710163200000,1710163500000,1710245700000,1.7448851205693068,-1.0,STOP
swing,2024,1,2024Q1,1710251100000,1710251400000,1710270000000,1.6032919979981124,-1.0,STOP
swing,2024,1,2024Q1,1710270300000,1710270600000,1710350100000,2.3384451260168126,2.3384451260168126,TARGET
swing,2024,1,2024Q1,1710396900000,1710397200000,1710419400000,2.370025402201706,-1.0,STOP
swing,2024,1,2024Q1,1710420000000,1710420300000,1710423900000,0.31413781267726626,-1.0,STOP
swing,2024,1,2024Q1,1710424800000,1710425100000,1710430800000,0.9947407963937563,-1.0,STOP
swing,2024,1,2024Q1,1710431400000,1710431700000,1710481800000,1.2942808137673971,1.2942808137673971,TARGET
swing,2024,1,2024Q1,1710507000000,1710507300000,1710712800000,1.27970538170832,-1.0,STOP
swing,2024,1,2024Q1,1710828900000,1710829200000,1710836100000,1.7348480639965436,-1.0,STOP
swing,2024,1,2024Q1,1710926700000,1710927000000,1710938100000,2.347242010991261,-1.0,STOP
swing,2024,1,2024Q1,1710939000000,1710939300000,1710943200000,1.1448172633155056,1.1448172633155056,TARGET
swing,2024,1,2024Q1,1711092600000,1711092900000,1711128300000,1.6932027174117414,-1.0,STOP
swing,2024,1,2024Q1,1711418100000,1711418400000,1711444200000,2.2629101649427548,2.2629101649427548,TARGET
swing,2024,2,2024Q2,1711979700000,1711980000000,1711980900000,1.5398571855656873,-1.0,STOP
swing,2024,2,2024Q2,1711981800000,1711982100000,1712045100000,2.528725939270799,2.528725939270799,TARGET
swing,2024,2,2024Q2,1712147400000,1712147700000,1712161200000,1.5543111176608515,1.5543111176608515,TARGET
swing,2024,2,2024Q2,1712219400000,1712219700000,1712232000000,2.4599788624550047,-1.0,STOP
swing,2024,2,2024Q2,1712234700000,1712235000000,1712254800000,1.4452472794051436,1.4452472794051436,TARGET
swing,2024,2,2024Q2,1712261100000,1712261400000,1712279700000,1.4328440569474221,-1.0,STOP
swing,2024,2,2024Q2,1712280900000,1712281200000,1712325000000,1.9834181665529733,1.9834181665529733,TARGET
swing,2024,2,2024Q2,1712678700000,1712679000000,1712752200000,2.207069536509163,-1.0,STOP
swing,2024,2,2024Q2,1712756400000,1712756700000,1712758500000,0.6333219590165313,0.6333219590165313,TARGET
swing,2024,2,2024Q2,1712826000000,1712826300000,1712855100000,2.272308109574246,2.272308109574246,TARGET
swing,2024,2,2024Q2,1713334800000,1713335100000,1713372300000,2.258266438693613,-1.0,STOP
swing,2024,2,2024Q2,1713372600000,1713372900000,1713446700000,1.4746268086163707,1.4746268086163707,TARGET
swing,2024,2,2024Q2,1713752700000,1713753000000,1713755700000,2.8038457205092735,-1.0,STOP
swing,2024,2,2024Q2,1713785700000,1713786000000,1713792600000,1.4083298873898071,-1.0,STOP
swing,2024,2,2024Q2,1713837900000,1713838200000,1713880200000,0.8573381950774617,0.8573381950774617,TARGET
swing,2024,2,2024Q2,1714355700000,1714356000000,1714465500000,0.9020509263846158,-1.0,STOP
swing,2024,2,2024Q2,1714488300000,1714488600000,1714503300000,1.5352082025007956,-1.0,STOP
swing,2024,2,2024Q2,1714533900000,1714534200000,1714587900000,2.6769265249711616,2.6769265249711616,TARGET
swing,2024,2,2024Q2,1714642800000,1714643100000,1714655100000,2.9357870667262396,-1.0,STOP
swing,2024,2,2024Q2,1714656000000,1714656300000,1714673400000,1.9411169566977489,1.9411169566977489,TARGET
swing,2024,2,2024Q2,1714720800000,1714721100000,1714739400000,1.888808818426947,1.888808818426947,TARGET
swing,2024,2,2024Q2,1715132400000,1715132700000,1715258100000,1.9717061530594422,1.9717061530594422,TARGET
swing,2024,2,2024Q2,1715564700000,1715565000000,1715582700000,2.338655591037287,-1.0,STOP
swing,2024,2,2024Q2,1715781900000,1715782200000,1715785200000,0.7309693566004677,0.7309693566004677,TARGET
swing,2024,2,2024Q2,1715856300000,1715856600000,1715865300000,2.28575960975977,-1.0,STOP
swing,2024,2,2024Q2,1715871600000,1715871900000,1715950800000,2.1566057468756825,2.1566057468756825,TARGET
swing,2024,2,2024Q2,1716208200000,1716208500000,1716378900000,2.325602898536124,-1.0,STOP
swing,2024,2,2024Q2,1716379200000,1716379500000,1716387000000,1.3774285090591656,-1.0,STOP
swing,2024,2,2024Q2,1716444300000,1716444600000,1716474600000,1.6379378456676823,-1.0,STOP
swing,2024,2,2024Q2,1716476400000,1716476700000,1716486900000,2.112851294908311,-1.0,STOP
swing,2024,2,2024Q2,1716487800000,1716488100000,1716943800000,2.7800131534970536,1.7673017002512261,864BAR_TIMEOUT
swing,2024,2,2024Q2,1717125600000,1717125900000,1717160400000,2.390502471313399,2.390502471313399,TARGET
swing,2024,2,2024Q2,1717183800000,1717184100000,1717433700000,2.91994286543593,2.91994286543593,TARGET
swing,2024,2,2024Q2,1717509600000,1717509900000,1717510800000,1.4303575703497113,-1.0,STOP
swing,2024,2,2024Q2,1717680000000,1717680300000,1717687800000,1.5299534637822447,1.5299534637822447,TARGET
swing,2024,2,2024Q2,1717748400000,1717748700000,1717749600000,1.4654504074144783,-1.0,STOP
swing,2024,2,2024Q2,1718586900000,1718587200000,1718606100000,1.7715516962477735,-1.0,STOP
swing,2024,2,2024Q2,1718639700000,1718640000000,1718729700000,2.308763849827382,2.308763849827382,TARGET
swing,2024,2,2024Q2,1718795700000,1718796000000,1718847300000,2.2683403814331977,2.2683403814331977,TARGET
swing,2024,2,2024Q2,1719288600000,1719288900000,1719329400000,1.8495069356751537,-1.0,STOP
swing,2024,2,2024Q2,1719330300000,1719330600000,1719381900000,1.2147118592495139,-1.0,STOP
swing,2024,2,2024Q2,1719383100000,1719383400000,1719407400000,2.3403448795048765,-1.0,STOP
swing,2024,2,2024Q2,1719468300000,1719468600000,1719478800000,1.6225429211246183,1.6225429211246183,TARGET
swing,2024,2,2024Q2,1719605700000,1719606000000,1719993300000,2.5409565789361173,2.5409565789361173,TARGET
swing,2024,3,2024Q3,1720074900000,1720075200000,1720159500000,1.5214007782102046,1.5214007782102046,TARGET
swing,2024,3,2024Q3,1720422600000,1720422900000,1720429200000,1.993219201667002,-1.0,STOP
swing,2024,3,2024Q3,1720525800000,1720526100000,1720537200000,1.9670303435433032,-1.0,STOP
swing,2024,3,2024Q3,1720539000000,1720539300000,1720594200000,1.7075921789249835,1.7075921789249835,TARGET
swing,2024,3,2024Q3,1720761900000,1720762200000,1720769100000,2.973439904681409,-1.0,STOP
swing,2024,3,2024Q3,1720769400000,1720769700000,1720787400000,1.7538937126254517,-1.0,STOP
swing,2024,3,2024Q3,1720788300000,1720788600000,1720793400000,1.1935527563320774,1.1935527563320774,TARGET
swing,2024,3,2024Q3,1721229600000,1721229900000,1721329500000,2.046966569987953,-1.0,STOP
swing,2024,3,2024Q3,1721650800000,1721651100000,1721658300000,1.8610882594899691,-1.0,STOP
swing,2024,3,2024Q3,1721659200000,1721659500000,1721726100000,1.701268310341733,1.701268310341733,TARGET
swing,2024,3,2024Q3,1722255300000,1722255600000,1722265800000,2.178692066583457,-1.0,STOP
swing,2024,3,2024Q3,1722506100000,1722506400000,1722520800000,2.6515703614894996,2.6515703614894996,TARGET
swing,2024,3,2024Q3,1722612000000,1722612300000,1722831900000,1.496186186186234,1.496186186186234,TARGET
swing,2024,3,2024Q3,1722925200000,1722925500000,1722954600000,1.6414009650682313,-1.0,STOP
swing,2024,3,2024Q3,1722955200000,1722955500000,1723127100000,1.9715771230502905,1.9715771230502905,TARGET
swing,2024,3,2024Q3,1723603500000,1723603800000,1723638600000,1.3401695787080952,1.3401695787080952,TARGET
swing,2024,3,2024Q3,1723642500000,1723642800000,1723650300000,1.3669498195240135,-1.0,STOP
swing,2024,3,2024Q3,1723727700000,1723728000000,1723732500000,0.7498333870320083,0.7498333870320083,TARGET
swing,2024,3,2024Q3,1724065800000,1724066100000,1724139600000,2.373183125221525,2.373183125221525,TARGET
swing,2024,3,2024Q3,1724231700000,1724232000000,1724247600000,2.3774766998671417,-1.0,STOP
swing,2024,3,2024Q3,1724249400000,1724249700000,1724264100000,0.7325329331332134,0.7325329331332134,TARGET
swing,2024,3,2024Q3,1724328900000,1724329200000,1724333400000,2.198696667896105,-1.0,STOP
swing,2024,3,2024Q3,1724334600000,1724334900000,1724335800000,1.410273637918483,-1.0,STOP
swing,2024,3,2024Q3,1724730900000,1724731200000,1724799600000,2.055873518603079,2.055873518603079,TARGET
swing,2024,3,2024Q3,1724823300000,1724823600000,1724845500000,1.9724507147680368,-1.0,STOP
swing,2024,3,2024Q3,1724935800000,1724936100000,1724943000000,1.264542936288037,1.264542936288037,TARGET
swing,2024,3,2024Q3,1725365100000,1725365400000,1725371100000,0.8462804460648371,-1.0,STOP
swing,2024,3,2024Q3,1725373800000,1725374100000,1725516600000,1.7851318546797814,1.7851318546797814,TARGET
swing,2024,3,2024Q3,1725625200000,1725625500000,1725625800000,1.3049339444594474,-1.0,STOP_BOTH
swing,2024,3,2024Q3,1725633300000,1725633600000,1725639300000,0.913597328684358,-1.0,STOP
swing,2024,3,2024Q3,1726059600000,1726059900000,1726072800000,0.6470446264061379,0.6470446264061379,TARGET
swing,2024,3,2024Q3,1726484100000,1726484400000,1726569300000,1.3918214027950597,-1.0,STOP
swing,2024,3,2024Q3,1726577100000,1726577400000,1726587000000,1.1038314220315784,-1.0,STOP
swing,2024,3,2024Q3,1726587900000,1726588200000,1726682700000,1.837208335066385,1.837208335066385,TARGET
swing,2024,3,2024Q3,1726687500000,1726687800000,1726732500000,0.9111084049083912,0.9111084049083912,TARGET
swing,2024,3,2024Q3,1727078400000,1727078700000,1727099400000,2.0085638998681947,2.0085638998681947,TARGET
swing,2024,3,2024Q3,1727163900000,1727164200000,1727188800000,1.3785524289514262,1.3785524289514262,TARGET
swing,2024,3,2024Q3,1727283000000,1727283300000,1727347800000,2.4238031401240656,2.4238031401240656,TARGET
swing,2024,3,2024Q3,1727358900000,1727359200000,1727449200000,1.5640236063691524,-1.0,STOP
swing,2024,3,2024Q3,1727459100000,1727459400000,1727694000000,2.67197474088816,-1.0,STOP
swing,2024,4,2024Q4,1727872200000,1727872500000,1727964000000,0.9640871850716067,-1.0,STOP
swing,2024,4,2024Q4,1728046800000,1728047100000,1728052800000,0.8103852113437217,0.8103852113437217,TARGET
swing,2024,4,2024Q4,1728306000000,1728306300000,1728370800000,1.6147951376562635,-1.0,STOP
swing,2024,4,2024Q4,1728375900000,1728376200000,1728398100000,1.4219074727853498,-1.0,STOP
swing,2024,4,2024Q4,1728398400000,1728398700000,1728400200000,2.0550550344415948,-1.0,STOP
swing,2024,4,2024Q4,1728498300000,1728498600000,1728602400000,2.5708134113384795,2.5708134113384795,TARGET
swing,2024,4,2024Q4,1728922200000,1728922500000,1729059000000,2.365709693509924,2.365709693509924,TARGET
swing,2024,4,2024Q4,1729169400000,1729169700000,1729175700000,1.1204499567349624,1.1204499567349624,TARGET
swing,2024,4,2024Q4,1729528200000,1729528500000,1729616100000,2.156196496773309,2.156196496773309,TARGET
swing,2024,4,2024Q4,1729689900000,1729690200000,1729692600000,1.0213655490702194,-1.0,STOP
swing,2024,4,2024Q4,1729693800000,1729694100000,1729694100000,2.1944558998852544,-1.0,STOP
swing,2024,4,2024Q4,1729697700000,1729698000000,1729762200000,1.1739680092184335,1.1739680092184335,TARGET
swing,2024,4,2024Q4,1729847400000,1729847700000,1729865400000,2.023792232235165,2.023792232235165,TARGET
swing,2024,4,2024Q4,1730290800000,1730291100000,1730379900000,1.580060109855972,-1.0,STOP
swing,2024,4,2024Q4,1730472900000,1730473200000,1730484900000,1.182994727333013,-1.0,STOP
swing,2024,4,2024Q4,1730740500000,1730740800000,1730774700000,2.171798530451141,-1.0,STOP
swing,2024,4,2024Q4,1730775300000,1730775600000,1730797800000,1.8274733217126946,1.8274733217126946,TARGET
swing,2024,4,2024Q4,1730855400000,1730855700000,1730874300000,1.547589391845337,-1.0,STOP
swing,2024,4,2024Q4,1730875500000,1730875800000,1730898000000,1.1913530331384803,-1.0,STOP
swing,2024,4,2024Q4,1731048300000,1731048600000,1731287100000,2.9043468588361896,-1.0,STOP
swing,2024,4,2024Q4,1731293400000,1731293700000,1731322800000,2.3225913072219764,-1.0,STOP
swing,2024,4,2024Q4,1731323100000,1731323400000,1731330000000,1.9960804510824652,-1.0,STOP
swing,2024,4,2024Q4,1731530100000,1731530400000,1731546300000,2.9421311950535594,-1.0,STOP
swing,2024,4,2024Q4,1731547500000,1731547800000,1731562500000,2.3544008759472215,-1.0,STOP
swing,2024,4,2024Q4,1731567300000,1731567600000,1731576900000,2.673834476683415,-1.0,STOP
swing,2024,4,2024Q4,1731578100000,1731578400000,1731594900000,1.595092024539921,1.595092024539921,TARGET
swing,2024,4,2024Q4,1731651900000,1731652200000,1731892500000,2.2553361992271763,2.2553361992271763,TARGET
swing,2024,4,2024Q4,1732514100000,1732514400000,1732544400000,2.2719383340761237,-1.0,STOP
swing,2024,4,2024Q4,1732545900000,1732546200000,1732558500000,1.7929049574750295,-1.0,STOP
swing,2024,4,2024Q4,1732727400000,1732727700000,1732755900000,1.9811663736329617,-1.0,STOP
swing,2024,4,2024Q4,1732757100000,1732757400000,1732785300000,1.5420306458543003,1.5420306458543003,TARGET
swing,2024,4,2024Q4,1733301600000,1733301900000,1733325900000,1.8102390557795796,1.8102390557795796,TARGET
swing,2024,4,2024Q4,1733895300000,1733895600000,1733924100000,1.5294337208061866,1.5294337208061866,TARGET
swing,2024,4,2024Q4,1734310800000,1734311100000,1734433200000,1.5093795716976481,-1.0,STOP
swing,2024,4,2024Q4,1734433800000,1734434100000,1734548400000,2.3619188771731743,-1.0,STOP
swing,2024,4,2024Q4,1734563100000,1734563400000,1734572700000,1.7138408870764037,1.7138408870764037,TARGET
swing,2024,4,2024Q4,1734620700000,1734621000000,1734708600000,2.357584372853784,2.357584372853784,TARGET
swing,2024,4,2024Q4,1734952200000,1734952500000,1734966300000,2.4533911427685724,-1.0,STOP
swing,2024,4,2024Q4,1734970500000,1734970800000,1735218600000,2.8124398356857676,2.8124398356857676,TARGET
swing,2024,4,2024Q4,1735287900000,1735288200000,1735296000000,2.245481927710779,-1.0,STOP
swing,2024,4,2024Q4,1735296300000,1735296600000,1735306200000,1.9730430274754065,-1.0,STOP
swing,2024,4,2024Q4,1735306800000,1735307100000,1735309800000,1.8572980231846543,-1.0,STOP
swing,2024,4,2024Q4,1735310400000,1735310700000,1735566900000,1.4778888602333649,-1.0,STOP
swing,2024,4,2024Q4,1735567500000,1735567800000,1735575300000,1.6856736266162535,-1.0,STOP
swing,2025,1,2025Q1,1735893600000,1735893900000,1735911300000,2.9767006073193865,-1.0,STOP
swing,2025,1,2025Q1,1735911900000,1735912200000,1735934400000,1.446224325718316,-1.0,STOP
swing,2025,1,2025Q1,1736171400000,1736171700000,1736172900000,1.9123446346065998,-1.0,STOP
swing,2025,1,2025Q1,1737329400000,1737329700000,1737355800000,1.3845515152995214,1.3845515152995214,TARGET
swing,2025,1,2025Q1,1737738900000,1737739200000,1737942000000,2.002398526430256,-1.0,STOP
swing,2025,1,2025Q1,1737988800000,1737989100000,1737996300000,1.4346333227169885,-1.0,STOP
swing,2025,1,2025Q1,1738153800000,1738154100000,1738156500000,1.9793390086464266,-1.0,STOP
swing,2025,1,2025Q1,1738157100000,1738157400000,1738164900000,1.778622960171977,-1.0,STOP
swing,2025,1,2025Q1,1738165200000,1738165500000,1738220100000,1.0828151432521596,1.0828151432521596,TARGET
swing,2025,1,2025Q1,1738539600000,1738539900000,1738550100000,1.3298624982280596,-1.0,STOP
swing,2025,1,2025Q1,1738554600000,1738554900000,1738586100000,3.0818287348255433,3.0818287348255433,TARGET
swing,2025,1,2025Q1,1738651500000,1738651800000,1738681800000,3.0343850737521065,3.0343850737521065,TARGET
swing,2025,1,2025Q1,1739368500000,1739368800000,1739369400000,0.30859928002264825,0.30859928002264825,TARGET
swing,2025,1,2025Q1,1739547300000,1739547600000,1739555400000,1.1838053925320964,-1.0,STOP
swing,2025,1,2025Q1,1739841600000,1739841900000,1739882700000,2.5267302301532544,2.5267302301532544,TARGET
swing,2025,1,2025Q1,1739981100000,1739981400000,1740042000000,1.629886381881569,1.629886381881569,TARGET
swing,2025,1,2025Q1,1740061800000,1740062100000,1740126000000,1.0078434770410682,-1.0,STOP
swing,2025,1,2025Q1,1740126900000,1740127200000,1740398400000,1.9993811978541036,1.9993811978541036,TARGET
swing,2025,1,2025Q1,1740466200000,1740466500000,1740486600000,2.0919616994509305,-1.0,STOP
swing,2025,1,2025Q1,1740581100000,1740581400000,1740644700000,1.0467434491027845,-1.0,STOP
swing,2025,1,2025Q1,1740647400000,1740647700000,1740667500000,1.01880035810209,-1.0,STOP
swing,2025,1,2025Q1,1740668400000,1740668700000,1740716100000,1.1156783318945747,-1.0,STOP
swing,2025,1,2025Q1,1740729900000,1740730200000,1740750900000,2.8002636783123673,-1.0,STOP
swing,2025,1,2025Q1,1740752100000,1740752400000,1740754500000,1.5581864359450064,-1.0,STOP
swing,2025,1,2025Q1,1740755100000,1740755400000,1740956400000,2.164698214567852,2.164698214567852,TARGET
swing,2025,1,2025Q1,1741182900000,1741183200000,1741191300000,1.9020904036585393,1.9020904036585393,TARGET
swing,2025,1,2025Q1,1741597500000,1741597800000,1741628100000,1.2096607902983836,-1.0,STOP
swing,2025,1,2025Q1,1741764600000,1741764900000,1741792500000,1.5353978950555702,1.5353978950555702,TARGET
swing,2025,1,2025Q1,1741966500000,1741966800000,1742267400000,2.385958120310147,2.385958120310147,TARGET
swing,2025,1,2025Q1,1742827800000,1742828100000,1743049500000,2.033646584997469,2.033646584997469,TARGET
swing,2025,2,2025Q2,1743625500000,1743625800000,1743631800000,0.3501237855811874,0.3501237855811874,TARGET
swing,2025,2,2025Q2,1743676800000,1743677100000,1743680400000,2.571978799749786,-1.0,STOP
swing,2025,2,2025Q2,1744038900000,1744039200000,1744046700000,2.5607280364018536,-1.0,STOP
swing,2025,2,2025Q2,1744133700000,1744134000000,1744179000000,2.747697974217303,2.747697974217303,TARGET
swing,2025,2,2025Q2,1745330400000,1745330700000,1745339100000,1.5444770098043956,-1.0,STOP
swing,2025,2,2025Q2,1745351400000,1745351700000,1745359200000,2.696087464650003,-1.0,STOP
swing,2025,2,2025Q2,1745388900000,1745389200000,1745416200000,2.3853919142590367,-1.0,STOP
swing,2025,2,2025Q2,1745588400000,1745588700000,1745856600000,1.836571118054605,1.836571118054605,TARGET
swing,2025,2,2025Q2,1745929500000,1745929800000,1746000600000,1.6258253394792193,-1.0,STOP
swing,2025,2,2025Q2,1746001800000,1746002100000,1746010800000,1.9482957352215104,-1.0,STOP
swing,2025,2,2025Q2,1746202800000,1746203100000,1746435000000,1.968024294390868,1.968024294390868,TARGET
swing,2025,2,2025Q2,1746579000000,1746579300000,1746684600000,1.8343427729579331,-1.0,STOP
swing,2025,2,2025Q2,1746721500000,1746721800000,1746756300000,2.5620185329910226,-1.0,STOP
swing,2025,2,2025Q2,1746757800000,1746758100000,1746803400000,1.6987438159724633,1.6987438159724633,TARGET
swing,2025,2,2025Q2,1747002300000,1747002600000,1747012200000,2.0521347350353514,-1.0,STOP
swing,2025,2,2025Q2,1747036200000,1747036500000,1747226100000,2.0667672018688097,-1.0,STOP
swing,2025,2,2025Q2,1747228800000,1747229100000,1747276200000,1.3906297995075083,-1.0,STOP
swing,2025,2,2025Q2,1747285200000,1747285500000,1747288800000,2.4313281647897758,-1.0,STOP
swing,2025,2,2025Q2,1747289100000,1747289400000,1747303500000,1.8009787928221757,1.8009787928221757,TARGET
swing,2025,2,2025Q2,1747380300000,1747380600000,1747392300000,2.7757470263997295,-1.0,STOP
swing,2025,2,2025Q2,1747922700000,1747923000000,1748000700000,1.665457243327863,1.665457243327863,TARGET
swing,2025,2,2025Q2,1748325900000,1748326200000,1748328300000,1.1860626874754918,-1.0,STOP
swing,2025,2,2025Q2,1748329800000,1748330100000,1748332500000,1.8890121276022613,-1.0,STOP
swing,2025,2,2025Q2,1748332800000,1748333100000,1748465400000,1.001131257538098,-1.0,STOP
swing,2025,2,2025Q2,1748476200000,1748476500000,1748513700000,1.436610158535213,1.436610158535213,TARGET
swing,2025,2,2025Q2,1748574000000,1748574300000,1748607000000,2.6769867698678,-1.0,STOP
swing,2025,2,2025Q2,1748613900000,1748614200000,1748843400000,1.640990102329889,1.640990102329889,TARGET
swing,2025,2,2025Q2,1748960100000,1748960400000,1749047700000,1.9759153670177356,1.9759153670177356,TARGET
swing,2025,2,2025Q2,1749139800000,1749140100000,1749219300000,1.7493810282622364,-1.0,STOP
swing,2025,2,2025Q2,1749220200000,1749220500000,1749428100000,1.2465219542213144,-1.0,STOP
swing,2025,2,2025Q2,1749521400000,1749521700000,1749552900000,2.106708847775574,2.106708847775574,TARGET
swing,2025,2,2025Q2,1749663900000,1749664200000,1749680400000,2.844705813682107,2.844705813682107,TARGET
swing,2025,2,2025Q2,1750171500000,1750171800000,1750313100000,1.2961526793679046,-1.0,STOP
swing,2025,2,2025Q2,1750315500000,1750315800000,1750629600000,1.5472890392350298,1.8102913965922165,TARGET_GAP
swing,2025,2,2025Q2,1750718400000,1750718700000,1750723200000,2.107914615081128,-1.0,STOP
swing,2025,2,2025Q2,1750768800000,1750769100000,1750996800000,2.521035648551036,-1.0,STOP
swing,2025,2,2025Q2,1750998000000,1750998300000,1751012400000,2.491213829717133,-1.0,STOP
swing,2025,2,2025Q2,1751236200000,1751236500000,1751259000000,1.214060497952437,1.214060497952437,TARGET
swing,2025,3,2025Q3,1751442300000,1751442600000,1751482500000,1.1289888057968607,1.1289888057968607,TARGET
swing,2025,3,2025Q3,1751547000000,1751547300000,1751874600000,1.3415093824260895,-1.0,STOP
swing,2025,3,2025Q3,1751875500000,1751875800000,1751909700000,2.212783338903233,2.212783338903233,TARGET
swing,2025,3,2025Q3,1751966400000,1751966700000,1751982300000,2.5684962342905386,-1.0,STOP
swing,2025,3,2025Q3,1751987700000,1751988000000,1752099600000,1.8297105146784451,1.8297105146784451,TARGET
swing,2025,3,2025Q3,1752156300000,1752156600000,1752214800000,2.014425006123346,2.014425006123346,TARGET
swing,2025,3,2025Q3,1752498600000,1752498900000,1752586200000,1.9525977634567813,-1.0,STOP
swing,2025,3,2025Q3,1752587100000,1752587400000,1752593400000,1.6909341390299206,-1.0,STOP
swing,2025,3,2025Q3,1752594000000,1752594300000,1752678900000,1.7764931602422684,1.7764931602422684,TARGET
swing,2025,3,2025Q3,1753164900000,1753165200000,1753188900000,2.5087475218254456,2.5087475218254456,TARGET
swing,2025,3,2025Q3,1753278000000,1753278300000,1753286400000,1.672459776357535,-1.0,STOP
swing,2025,3,2025Q3,1753416000000,1753416300000,1753431300000,2.344786458730481,-1.0,STOP
swing,2025,3,2025Q3,1753707600000,1753707900000,1753710300000,2.2178110554699297,-1.0,STOP
swing,2025,3,2025Q3,1753712400000,1753712700000,1753888800000,1.6240995810603176,-1.0,STOP
swing,2025,3,2025Q3,1754004300000,1754004600000,1754051400000,2.4226422217502566,2.4226422217502566,TARGET
swing,2025,3,2025Q3,1754652600000,1754652900000,1754874600000,2.1898360234618957,-1.0,STOP
swing,2025,3,2025Q3,1754875200000,1754875500000,1754905800000,2.2532534025271267,-1.0,STOP
swing,2025,3,2025Q3,1754998800000,1754999100000,1755093900000,1.2184071233468439,1.2184071233468439,TARGET
swing,2025,3,2025Q3,1755159600000,1755159900000,1755180600000,1.6833913425829716,-1.0,STOP
swing,2025,3,2025Q3,1755180900000,1755181200000,1755472500000,1.4574332955766456,-1.0,STOP
swing,2025,3,2025Q3,1755473100000,1755473400000,1755488700000,1.7749017187785006,1.7749017187785006,TARGET
swing,2025,3,2025Q3,1755527400000,1755527700000,1755614700000,1.9476391855952715,-1.0,STOP
swing,2025,3,2025Q3,1755615300000,1755615600000,1755647400000,1.9427402862985588,-1.0,STOP
swing,2025,3,2025Q3,1755652500000,1755652800000,1755692100000,2.3182952882530485,2.3182952882530485,TARGET
swing,2025,3,2025Q3,1755758100000,1755758400000,1755772800000,1.7777181592172702,-1.0,STOP
swing,2025,3,2025Q3,1755774900000,1755775200000,1755782400000,1.6293173461703534,1.6293173461703534,TARGET
swing,2025,3,2025Q3,1755828900000,1755829200000,1755843600000,2.554098360655707,-1.0,STOP
swing,2025,3,2025Q3,1755850200000,1755850500000,1755865800000,1.9268850278493364,-1.0,STOP
swing,2025,3,2025Q3,1756956000000,1756956300000,1756992900000,0.9416464216783316,0.9416464216783316,TARGET
swing,2025,3,2025Q3,1757583000000,1757583300000,1757640600000,1.9388473615766924,1.9388473615766924,TARGET
swing,2025,3,2025Q3,1758094800000,1758095100000,1758106200000,2.061382454446007,-1.0,STOP
swing,2025,3,2025Q3,1758135600000,1758135900000,1758175800000,1.0599264981624286,-1.0,STOP
swing,2025,3,2025Q3,1758203700000,1758204000000,1758294900000,1.2047785528474104,1.2047785528474104,TARGET
swing,2025,3,2025Q3,1758726000000,1758726300000,1758729300000,2.1060727447524568,-1.0,STOP
swing,2025,3,2025Q3,1758808500000,1758808800000,1758895200000,1.523189999565105,1.523189999565105,TARGET
swing,2025,3,2025Q3,1759221900000,1759222200000,1759225500000,1.2731933457205344,-1.0,STOP
swing,2025,4,2025Q4,1760711100000,1760711400000,1760985300000,1.984481903875108,1.984481903875108,TARGET
swing,2025,4,2025Q4,1761287100000,1761287400000,1761293100000,2.4136284958468712,-1.0,STOP
swing,2025,4,2025Q4,1761538800000,1761539100000,1761555300000,2.5832800170612518,-1.0,STOP
swing,2025,4,2025Q4,1761626400000,1761626700000,1761634200000,2.1432400499086244,-1.0,STOP
swing,2025,4,2025Q4,1761764100000,1761764400000,1761775200000,0.9606954235328804,-1.0671623183806633,STOP_GAP
swing,2025,4,2025Q4,1761775800000,1761776100000,1761815700000,1.6514557231548543,1.6514557231548543,TARGET
swing,2025,4,2025Q4,1761927600000,1761927900000,1762266300000,1.8493278723196636,-1.0,STOP
swing,2025,4,2025Q4,1763130900000,1763131200000,1763409600000,1.0033218578244751,-1.0,STOP
swing,2025,4,2025Q4,1763409900000,1763410200000,1763530200000,2.046223915955086,2.046223915955086,TARGET
swing,2025,4,2025Q4,1763572200000,1763572500000,1763706300000,2.290064074584904,-1.0,STOP
swing,2025,4,2025Q4,1763709600000,1763709900000,1764009300000,2.26622083612582,2.26622083612582,TARGET
swing,2025,4,2025Q4,1764691800000,1764692100000,1764769800000,1.7943186255368195,1.7943186255368195,TARGET
swing,2025,4,2025Q4,1764951900000,1764952200000,1765206000000,0.8501619075655257,-1.0,STOP
swing,2025,4,2025Q4,1765207200000,1765207500000,1765298700000,1.0261872260937723,1.0261872260937723,TARGET
swing,2025,4,2025Q4,1765357500000,1765357800000,1765395600000,2.1546941465459604,-1.0,STOP
swing,2025,4,2025Q4,1765812600000,1765812900000,1765815600000,1.5843064048103268,-1.0,STOP
swing,2025,4,2025Q4,1765855500000,1765855800000,1765950300000,2.393354828132775,2.393354828132775,TARGET
swing,2025,4,2025Q4,1766591700000,1766592000000,1766710800000,2.1892111138738586,2.1892111138738586,TARGET
swing,2025,4,2025Q4,1766992500000,1766992800000,1767015900000,0.9167697826439991,-1.0,STOP
swing,2025,4,2025Q4,1767161100000,1767161400000,1767323400000,1.7847373676328122,1.7847373676328122,TARGET
swing,2026,1,2026Q1,1767368400000,1767368700000,1767370500000,1.4154578681195649,-1.0,STOP
swing,2026,1,2026Q1,1767371100000,1767371400000,1767571800000,2.589105005747332,2.589105005747332,TARGET
swing,2026,1,2026Q1,1767765300000,1767765600000,1767798600000,1.9492024233803713,-1.0,STOP
swing,2026,1,2026Q1,1768441200000,1768441500000,1768577100000,1.401610017889096,-1.0,STOP
swing,2026,1,2026Q1,1768578300000,1768578600000,1768580100000,0.4875546946790316,0.4875546946790316,TARGET
swing,2026,1,2026Q1,1769009400000,1769009700000,1769024100000,1.4921186214267013,-1.0,STOP
swing,2026,1,2026Q1,1769025300000,1769025600000,1769096700000,1.598718355536685,1.598718355536685,TARGET
swing,2026,1,2026Q1,1769457600000,1769457900000,1769544000000,1.2659267686898983,1.2659267686898983,TARGET
swing,2026,1,2026Q1,1769798400000,1769798700000,1770010800000,1.5400842410056559,-1.0,STOP
swing,2026,1,2026Q1,1770216300000,1770216600000,1770219000000,1.6273166029131043,-1.0,STOP
swing,2026,1,2026Q1,1770219600000,1770219900000,1770223500000,1.0025677079689148,-1.0,STOP
swing,2026,1,2026Q1,1770260700000,1770261000000,1770335100000,1.6466234262613382,-1.0,STOP
swing,2026,1,2026Q1,1770908700000,1770909000000,1770912600000,1.665608306262203,-1.0,STOP
swing,2026,1,2026Q1,1770913800000,1770914100000,1770914400000,0.330458024964193,0.330458024964193,TARGET
swing,2026,1,2026Q1,1772649900000,1772650200000,1772723100000,1.8044022058024072,-1.0,STOP
swing,2026,1,2026Q1,1772728800000,1772729100000,1773007200000,2.2751001720673396,2.285063231737409,TARGET_GAP
swing,2026,1,2026Q1,1773014100000,1773014400000,1773107700000,1.6213969537857644,1.6213969537857644,TARGET
swing,2026,1,2026Q1,1773234600000,1773234900000,1773269700000,1.794201250710613,-1.0,STOP
swing,2026,1,2026Q1,1773414300000,1773414600000,1773431100000,1.1769720324633963,-1.0,STOP
swing,2026,1,2026Q1,1773612300000,1773612600000,1773616800000,1.496711721222179,-1.0,STOP
swing,2026,1,2026Q1,1773744600000,1773744900000,1773762000000,1.9819027271584524,-1.0,STOP
swing,2026,1,2026Q1,1773762300000,1773762600000,1773831900000,1.6149565556966043,-1.0,STOP
swing,2026,1,2026Q1,1773832200000,1773832500000,1773834300000,1.2725830243122334,-1.0,STOP
swing,2026,1,2026Q1,1773840300000,1773840600000,1773865500000,1.280824930037352,-1.0,STOP
swing,2026,1,2026Q1,1774018800000,1774019100000,1774032600000,2.2205955098016172,-1.0,STOP
swing,2026,1,2026Q1,1774318800000,1774319100000,1774589100000,2.680375978678684,0.9524013206933589,864BAR_TIMEOUT
swing,2026,2,2026Q2,1775094600000,1775094900000,1775108700000,0.7455391741976157,-1.0,STOP
swing,2026,2,2026Q2,1775527200000,1775527500000,1775589600000,2.2099519748423324,2.2099519748423324,TARGET
swing,2026,2,2026Q2,1776636300000,1776636600000,1776782700000,0.969482650975657,-1.0,STOP
swing,2026,2,2026Q2,1776784200000,1776784500000,1776791400000,1.0709768600584422,-1.0,STOP
swing,2026,2,2026Q2,1776899700000,1776900000000,1776903000000,2.613978390893275,-1.0,STOP
swing,2026,2,2026Q2,1776903600000,1776903900000,1776905400000,0.5264171487404322,0.5264171487404322,TARGET
swing,2026,2,2026Q2,1776966600000,1776966900000,1777039800000,0.8150377783829829,0.8150377783829829,TARGET
swing,2026,2,2026Q2,1777248600000,1777248900000,1777352700000,2.559913149681106,-1.0,STOP
swing,2026,2,2026Q2,1777378200000,1777378500000,1777468800000,1.0992854693652985,-1.0,STOP
swing,2026,2,2026Q2,1777470600000,1777470900000,1777531800000,2.1432680252710283,2.1432680252710283,TARGET
swing,2026,2,2026Q2,1777882200000,1777882500000,1777888800000,2.7117606756728203,-1.0,STOP
swing,2026,2,2026Q2,1777890300000,1777890600000,1777910700000,1.308996246518928,-1.0,STOP
swing,2026,2,2026Q2,1777911300000,1777911600000,1778024700000,1.5589593508294808,1.5589593508294808,TARGET
swing,2026,2,2026Q2,1778459400000,1778459700000,1778478600000,1.6048782447962942,-1.0,STOP
swing,2026,2,2026Q2,1778599800000,1778600100000,1778616000000,1.2280791977372314,1.2280791977372314,TARGET
swing,2026,2,2026Q2,1778665200000,1778665500000,1778679900000,2.2054773888268095,-1.0,STOP
swing,2026,2,2026Q2,1778680200000,1778680500000,1778787900000,1.630592707056677,-1.0,STOP
swing,2026,2,2026Q2,1778788200000,1778788500000,1778804700000,2.8737404231489836,-1.0,STOP
swing,2026,2,2026Q2,1778807700000,1778808000000,1778822100000,2.0847390937478405,-1.0,STOP
swing,2026,2,2026Q2,1779065700000,1779066000000,1779109200000,1.0545569991208479,1.0545569991208479,TARGET
swing,2026,2,2026Q2,1779188100000,1779188400000,1779196800000,1.3396248719363468,-1.0,STOP
swing,2026,2,2026Q2,1779198600000,1779198900000,1779288900000,0.5225124320710607,0.5225124320710607,TARGET
swing,2026,2,2026Q2,1779370800000,1779371100000,1779662700000,2.4022098387312627,2.4022098387312627,TARGET
swing,2026,2,2026Q2,1779784800000,1779785100000,1779795600000,2.6073621611158244,-1.0,STOP
swing,2026,2,2026Q2,1779797700000,1779798000000,1779818400000,2.371507329569565,-1.0,STOP
swing,2026,2,2026Q2,1779864000000,1779864300000,1779878100000,2.292833865298517,-1.0,STOP
swing,2026,2,2026Q2,1779879600000,1779879900000,1779887100000,2.1901198260166326,-1.0,STOP
swing,2026,2,2026Q2,1779888600000,1779888900000,1779939000000,1.4354469738303581,-1.0,STOP
swing,2026,2,2026Q2,1780286100000,1780286400000,1780306200000,2.776144653613697,-1.0,STOP
swing,2026,2,2026Q2,1780320900000,1780321200000,1780376100000,1.514653926951997,1.514653926951997,TARGET
swing,2026,2,2026Q2,1780443600000,1780443900000,1780476600000,1.4667705190463274,-1.0,STOP
swing,2026,2,2026Q2,1780525500000,1780525800000,1780573500000,2.1953337257452255,2.1953337257452255,TARGET
swing,2026,2,2026Q2,1780619100000,1780619400000,1780640100000,2.5904926523764953,-1.0,STOP
swing,2026,2,2026Q2,1780640400000,1780640700000,1780664100000,1.1854148447121124,-1.0,STOP
swing,2026,2,2026Q2,1781016600000,1781016900000,1781021100000,1.2295046401336902,-1.0,STOP
swing,2026,2,2026Q2,1781022300000,1781022600000,1781045400000,2.335464075684006,-1.0,STOP
swing,2026,2,2026Q2,1781049300000,1781049600000,1781055600000,2.340340693596753,-1.0,STOP
swing,2026,2,2026Q2,1781106900000,1781107200000,1781121600000,1.8825482851874424,-1.0,STOP
swing,2026,2,2026Q2,1781686200000,1781686500000,1781706000000,1.9932358877607563,1.9932358877607563,TARGET
swing,2026,2,2026Q2,1781720100000,1781720400000,1781723400000,0.7593814821799308,-1.0,STOP
swing,2026,2,2026Q2,1781725500000,1781725800000,1781743200000,1.7132226185803334,1.7132226185803334,TARGET
swing,2026,2,2026Q2,1782300900000,1782301200000,1782303900000,2.0805740404504762,-1.0,STOP
swing,2026,2,2026Q2,1782307800000,1782308100000,1782478800000,1.6229567364917619,1.6229567364917619,TARGET
swing,2026,2,2026Q2,1782711600000,1782711900000,1782741900000,2.135912154919813,-1.0,STOP
swing,2026,2,2026Q2,1782742800000,1782743100000,1782780900000,1.3445100538459596,-1.0,STOP
swing,2026,2,2026Q2,1782856800000,1782857100000,1782867900000,2.389524338220659,-1.0,STOP
swing,2026,3,2026Q3,1783319100000,1783319400000,1783387500000,1.972403997362135,-1.0,STOP
swing,2026,3,2026Q3,1783387800000,1783388100000,1783429200000,1.4606368803197847,1.4606368803197847,TARGET
swing,2026,3,2026Q3,1783452600000,1783452900000,1783499700000,1.1807961342867401,-1.0,STOP
swing,2026,3,2026Q3,1783502100000,1783502400000,1783523700000,2.5166937721228146,-1.0,STOP
swing,2026,3,2026Q3,1783662900000,1783663200000,1783673100000,1.9281387665197405,-1.0,STOP
swing,2026,3,2026Q3,1783690800000,1783691100000,1783693800000,1.4563696147036773,-1.0,STOP
swing,2026,3,2026Q3,1783923600000,1783923900000,1783952100000,2.0794430794430676,-1.0,STOP
swing,2026,3,2026Q3,1783954200000,1783954500000,1784032200000,2.3060562832316984,2.3060562832316984,TARGET
swing,2026,3,2026Q3,1784091000000,1784091300000,1784205600000,2.8212083847102125,-1.0,STOP
swing,2026,3,2026Q3,1784207400000,1784207700000,1784547000000,1.1677601955486787,1.1677601955486787,TARGET
swing,2026,3,2026Q3,1784793300000,1784793600000,1784806800000,2.5916958618057926,-1.0,STOP
swing,2026,3,2026Q3,1785234600000,1785234900000,1785333300000,2.3658885183421425,-1.0,STOP
swing,2026,3,2026Q3,1785334500000,1785334800000,1785345000000,1.6107699847214327,1.6107699847214327,TARGET
swing,2026,3,2026Q3,1785504000000,1785504300000,1785506700000,1.726917645184718,-1.0,STOP
swing,2026,3,2026Q3,1786022100000,1786022400000,1786091700000,2.0160518163897154,2.0160518163897154,TARGET
swing,2026,3,2026Q3,1786631700000,1786632000000,1786668300000,1.1705527474319348,-1.0,STOP
swing,2026,3,2026Q3,1787031600000,1787031900000,1787064900000,2.298467563955134,-1.0,STOP
swing,2026,3,2026Q3,1787067000000,1787067300000,1787084400000,2.300801314978376,-1.0,STOP
swing,2026,3,2026Q3,1787227800000,1787228100000,1787237700000,1.7931252636018524,1.7931252636018524,TARGET
swing,2026,3,2026Q3,1787664600000,1787664900000,1787756700000,2.013358118623517,-1.0,STOP
swing,2026,3,2026Q3,1787757900000,1787758200000,1787838300000,1.9866266778111275,-1.0,STOP
swing,2026,3,2026Q3,1787927400000,1787927700000,1787933100000,0.5130564536185108,-1.0,STOP
swing,2026,3,2026Q3,1787934900000,1787935200000,1788127200000,1.746661777737059,-1.1400372780884467,STOP_GAP
swing,2026,3,2026Q3,1788144600000,1788144900000,1788265800000,2.1415521507924415,-1.0,STOP
swing,2026,3,2026Q3,1788527700000,1788528000000,1788534900000,0.8763764301445015,0.8763764301445015,TARGET
swing,2026,3,2026Q3,1788856200000,1788856500000,1788893100000,2.0012678113717195,-1.0,STOP
swing,2026,3,2026Q3,1789038000000,1789038300000,1789043400000,2.18274425065602,-1.0,STOP
swing,2026,3,2026Q3,1789044300000,1789044600000,1789096800000,0.9460245400234456,-1.0,STOP
swing,2026,3,2026Q3,1789130100000,1789130400000,1789130700000,0.16952619321275095,0.16952619321275095,TARGET
swing,2026,3,2026Q3,1789460100000,1789460400000,1789527300000,1.8838048832535033,1.8838048832535033,TARGET
swing,2026,3,2026Q3,1789584000000,1789584300000,1789585800000,0.40638054473708823,-1.0,STOP
swing,2026,3,2026Q3,1789702200000,1789702500000,1790055300000,1.5781114765448703,-1.0,STOP
swing,2026,3,2026Q3,1790061300000,1790061600000,1790063700000,2.3292240936844206,-1.0,STOP
swing,2026,3,2026Q3,1790066100000,1790066400000,1790100300000,1.26589856199863,1.26589856199863,TARGET
swing,2026,3,2026Q3,1790157600000,1790157900000,1790163300000,1.804981833655207,-1.0,STOP
swing,2026,3,2026Q3,1790246100000,1790246400000,1790331000000,1.3995857348703162,1.3995857348703162,TARGET
swing,2026,3,2026Q3,1790345400000,1790345700000,1790555400000,1.8079688071158475,-1.0,STOP
swing,2026,3,2026Q3,1790560500000,1790560800000,1790572800000,2.1780850145223463,-1.0,STOP
