feature,good_n,false_n,good_median,false_median,good_mean,false_mean,effect_good_minus_false
lower_wick_atr,2588,3714,0.5099633025526704,0.3755755216665822,0.6089701596111129,0.4386736753514811,0.42053055663221484
close_location,2588,3714,0.4768502012451097,0.3335723815545787,0.49473525080192854,0.386691041532969,0.3807064640576709
drift5_atr,2588,3714,-1.4572720763188762,-1.668971043227252,-1.5459901603532331,-1.8045820269651878,0.2168899594198891
eff5,2588,3714,0.6075885549947475,0.6662676482982384,0.581778590924744,0.6367833248446911,-0.1969275007065792
pos24,2586,3714,0.1275259990337137,0.09318709373093673,0.18712440926297275,0.13443222231016458,0.18569795793392466
decline_from_24h_high_atr,2586,3714,4.102990652850697,4.301494726727578,4.351739418298535,4.622122991417069,-0.14165089369116635
ema50_slope_atr,2588,3714,-0.0667458544822434,-0.0762101239311071,-0.0660578766387718,-0.07720370611241587,0.13851660112684108
ema50_dist_atr,2588,3714,-1.635273434815482,-1.8671480363124178,-1.6184179776502532,-1.8914907997545036,0.13851660112682807
pos72,2583,3712,0.28102257024412136,0.2490811134407252,0.3220957776499491,0.28860165331949406,0.11581997111935931
drift20_atr,2586,3714,-1.945053939834833,-2.139718808150105,-1.9301862346317846,-2.1693531377269673,0.09195511303296952
decline_from_72h_high_atr,2583,3712,5.811270578303055,6.117554023378457,6.531538243493165,6.815338434019306,-0.0808177707922953
ema200_slope_atr,2588,3714,-0.014109572120589692,-0.018087652626367093,-0.013877642406334547,-0.016452623627308413,0.05572662654120637
ema200_dist_atr,2588,3714,-1.4039024260070914,-1.799721436324155,-1.3808254194323355,-1.6370360509191957,0.05572662654119692
drift50_atr,2586,3714,-1.8543471071301751,-1.9941535369550807,-1.676748080928888,-1.9090801112973081,0.04778201074435183
eff50,2586,3714,0.14500371034830145,0.13394746063342017,0.16373835138148288,0.158266877928666,0.04714293793013214
eff20,2586,3714,0.23710842667049215,0.24006175196615534,0.2668826650596694,0.273797872086717,-0.03678171026547257
atr_rel120,2583,3702,0.971990491236885,0.9508770266169353,1.018376920633857,1.0078407937837863,0.03540577836311137
body_atr,2588,3714,0.6225547521401225,0.6280264701991941,0.7889145430400565,0.7956672691862251,-0.009799988059188391
upper_wick_atr,2588,3714,0.1812557212520509,0.18538853169718916,0.2530857050309685,0.25321584788126705,-0.0004915049388249461
