idea_id,horizon_complete,fresh_event_n,permission_executable_n,baseline_captured_n,new_nonbaseline_n,has_permission_executable,has_new_nonbaseline
IDEA_1520525400000,True,7,3,1,2,True,True
IDEA_1520559900000,True,6,2,1,1,True,True
IDEA_1520844600000,True,10,2,1,1,True,True
IDEA_1521111900000,True,14,2,2,0,True,False
IDEA_1521533700000,True,3,0,0,0,False,False
IDEA_1521540900000,True,2,0,0,0,False,False
IDEA_1522145700000,True,10,10,5,5,True,True
IDEA_1522158300000,True,7,7,4,3,True,True
IDEA_1522240500000,True,10,10,6,4,True,True
IDEA_1522249200000,True,8,8,4,4,True,True
IDEA_1522254300000,True,6,6,3,3,True,True
IDEA_1522743600000,True,10,8,4,4,True,True
IDEA_1522763100000,True,9,7,3,4,True,True
IDEA_1522866900000,True,6,6,3,3,True,True
IDEA_1523524200000,True,7,7,3,4,True,True
IDEA_1523536200000,True,5,4,2,2,True,True
IDEA_1523543700000,True,2,1,1,0,True,False
IDEA_1523954100000,True,3,1,1,0,True,False
IDEA_1524218100000,True,14,8,2,6,True,True
IDEA_1524232800000,True,13,7,2,5,True,True
IDEA_1524477300000,True,10,4,0,4,True,True
IDEA_1525172100000,True,6,2,2,0,True,False
IDEA_1525183200000,True,5,1,1,0,True,False
IDEA_1526360700000,True,10,4,2,2,True,True
IDEA_1526383800000,True,12,3,2,1,True,True
IDEA_1526392800000,True,10,1,0,1,True,True
IDEA_1526405400000,True,7,0,0,0,False,False
IDEA_1529901000000,True,7,7,4,3,True,True
IDEA_1529964000000,True,7,7,4,3,True,True
IDEA_1530006000000,True,5,5,3,2,True,True
IDEA_1530068700000,True,3,3,1,2,True,True
IDEA_1530127200000,True,8,2,2,0,True,False
IDEA_1530513000000,True,8,6,3,3,True,True
IDEA_1530768900000,True,5,5,3,2,True,True
IDEA_1531156500000,True,9,4,3,1,True,True
IDEA_1531204500000,True,11,2,2,0,True,False
IDEA_1531213500000,True,11,1,1,0,True,False
IDEA_1531310400000,True,10,0,0,0,False,False
IDEA_1531979400000,True,12,7,3,4,True,True
IDEA_1532351700000,True,6,6,3,3,True,True
IDEA_1532363700000,True,5,5,2,3,True,True
IDEA_1532594100000,True,11,4,2,2,True,True
IDEA_1532653800000,True,9,1,0,1,True,True
IDEA_1533536400000,True,6,0,0,0,False,False
IDEA_1534324500000,True,7,7,3,4,True,True
IDEA_1534341600000,True,5,5,2,3,True,True
IDEA_1534350300000,True,2,2,1,1,True,True
IDEA_1534983600000,True,5,5,3,2,True,True
IDEA_1534991700000,True,3,3,2,1,True,True
IDEA_1535466900000,True,4,2,1,1,True,True
IDEA_1535483700000,True,0,0,0,0,False,False
IDEA_1536045300000,True,1,1,1,0,True,False
IDEA_1536325500000,True,1,0,0,0,False,False
IDEA_1536931800000,True,4,2,1,1,True,True
IDEA_1536936600000,True,3,1,1,0,True,False
IDEA_1537842000000,True,4,0,0,0,False,False
IDEA_1538376600000,True,7,2,1,1,True,True
IDEA_1538961900000,True,8,1,1,0,True,False
IDEA_1539814200000,True,5,0,0,0,False,False
IDEA_1541162400000,True,4,3,1,2,True,True
IDEA_1543244700000,True,5,1,1,0,True,False
IDEA_1543515600000,True,1,1,1,0,True,False
IDEA_1543586700000,True,4,3,1,2,True,True
IDEA_1549254900000,True,8,3,0,3,True,True
IDEA_1549871700000,True,5,2,1,1,True,True
IDEA_1549890300000,True,2,0,0,0,False,False
IDEA_1550773200000,True,4,2,0,2,True,True
IDEA_1551460800000,True,10,7,1,6,True,True
IDEA_1552304700000,True,7,7,3,4,True,True
IDEA_1552539600000,True,3,3,2,1,True,True
IDEA_1552557600000,True,2,2,1,1,True,True
IDEA_1553181600000,True,6,2,2,0,True,False
IDEA_1553580300000,True,15,11,5,6,True,True
IDEA_1553601000000,True,11,8,3,5,True,True
IDEA_1553694600000,True,7,3,2,1,True,True
IDEA_1553767200000,True,11,2,1,1,True,True
IDEA_1553774400000,True,10,1,1,0,True,False
IDEA_1553781900000,True,7,0,0,0,False,False
IDEA_1554466800000,True,0,0,0,0,False,False
IDEA_1554966600000,True,21,7,4,3,True,True
IDEA_1554997800000,True,20,5,3,2,True,True
IDEA_1555072800000,True,16,4,2,2,True,True
IDEA_1555329600000,True,12,2,1,1,True,True
IDEA_1555334400000,True,5,1,1,0,True,False
IDEA_1555941900000,True,4,4,2,2,True,True
IDEA_1556018400000,True,2,1,0,1,True,True
IDEA_1556526600000,True,8,5,3,2,True,True
IDEA_1556679900000,True,4,0,0,0,False,False
IDEA_1556736600000,True,4,3,2,1,True,True
IDEA_1557144300000,True,8,4,2,2,True,True
IDEA_1557324600000,True,5,0,0,0,False,False
IDEA_1558687800000,True,1,0,0,0,False,False
IDEA_1561522200000,True,2,0,0,0,False,False
IDEA_1562159400000,True,4,1,1,0,True,False
IDEA_1562332200000,True,6,0,0,0,False,False
IDEA_1562857200000,True,6,6,2,4,True,True
IDEA_1563202200000,True,3,3,2,1,True,True
IDEA_1563433200000,True,5,2,1,1,True,True
IDEA_1563536100000,True,3,0,0,0,False,False
IDEA_1564581900000,True,6,6,2,4,True,True
IDEA_1564592100000,True,6,6,2,4,True,True
IDEA_1565968500000,True,6,4,2,2,True,True
IDEA_1566206400000,True,9,1,1,0,True,False
IDEA_1566365400000,True,10,0,0,0,False,False
IDEA_1569303000000,True,5,5,3,2,True,True
IDEA_1569413700000,True,10,3,2,1,True,True
IDEA_1569499800000,True,12,0,0,0,False,False
IDEA_1569568500000,True,12,1,1,0,True,False
IDEA_1570438500000,True,4,4,2,2,True,True
IDEA_1570447200000,True,4,3,2,1,True,True
IDEA_1570795200000,True,5,0,0,0,False,False
IDEA_1571385000000,True,5,1,1,0,True,False
IDEA_1571645100000,True,5,0,0,0,False,False
IDEA_1572274200000,True,2,1,1,0,True,False
IDEA_1572885600000,True,9,2,2,0,True,False
IDEA_1572959100000,True,10,2,2,0,True,False
IDEA_1572966600000,True,8,1,1,0,True,False
IDEA_1573485600000,True,1,1,0,1,True,True
IDEA_1573797600000,True,7,7,2,5,True,True
IDEA_1574151000000,True,6,4,2,2,True,True
IDEA_1574261400000,True,10,3,1,2,True,True
IDEA_1574264400000,True,7,1,1,0,True,False
IDEA_1574690100000,True,3,0,0,0,False,False
IDEA_1575474900000,True,5,4,1,3,True,True
IDEA_1576598100000,True,1,1,1,0,True,False
IDEA_1579597200000,True,5,5,2,3,True,True
IDEA_1580197800000,True,9,1,1,0,True,False
IDEA_1582826100000,True,7,7,3,4,True,True
IDEA_1582870800000,True,6,6,3,3,True,True
IDEA_1582901400000,True,4,4,1,3,True,True
IDEA_1582903200000,True,3,3,0,3,True,True
IDEA_1583802600000,True,12,1,0,1,True,True
IDEA_1583820300000,True,7,0,0,0,False,False
IDEA_1586918700000,True,12,3,1,2,True,True
IDEA_1587120900000,True,1,0,0,0,False,False
IDEA_1587705300000,True,8,8,3,5,True,True
IDEA_1587744000000,True,6,4,2,2,True,True
IDEA_1588038600000,True,6,2,1,1,True,True
IDEA_1588760700000,True,9,9,4,5,True,True
IDEA_1588769400000,True,9,9,3,6,True,True
IDEA_1588771500000,True,5,5,2,3,True,True
IDEA_1588966200000,True,3,3,0,3,True,True
IDEA_1589807100000,True,10,7,4,3,True,True
IDEA_1589808000000,True,9,7,4,3,True,True
IDEA_1589979300000,True,8,6,4,2,True,True
IDEA_1590048000000,True,5,2,2,0,True,False
IDEA_1590056100000,True,5,1,1,0,True,False
IDEA_1590366900000,True,4,1,1,0,True,False
IDEA_1591017300000,True,3,3,3,0,True,False
IDEA_1591115700000,True,7,3,3,0,True,False
IDEA_1591190400000,True,5,1,1,0,True,False
IDEA_1591352400000,True,2,0,0,0,False,False
IDEA_1592190600000,True,9,4,1,3,True,True
IDEA_1592311500000,True,2,2,1,1,True,True
IDEA_1593005400000,True,5,5,0,5,True,True
IDEA_1593602700000,True,8,8,2,6,True,True
IDEA_1593609300000,True,5,5,0,5,True,True
IDEA_1594298100000,True,5,1,0,1,True,True
IDEA_1594307400000,True,0,0,0,0,False,False
IDEA_1594811700000,True,2,1,0,1,True,True
IDEA_1596774600000,True,17,11,6,5,True,True
IDEA_1596814800000,True,14,8,4,4,True,True
IDEA_1596822300000,True,9,5,4,1,True,True
IDEA_1597146600000,True,7,3,2,1,True,True
IDEA_1597150500000,True,6,2,1,1,True,True
IDEA_1597152000000,True,4,0,0,0,False,False
IDEA_1597171800000,True,3,1,1,0,True,False
IDEA_1597816800000,True,5,4,1,3,True,True
IDEA_1597851000000,True,6,3,0,3,True,True
IDEA_1597863000000,True,5,0,0,0,False,False
IDEA_1598353500000,True,7,7,3,4,True,True
IDEA_1598365200000,True,3,3,2,1,True,True
IDEA_1598971800000,True,12,9,3,6,True,True
IDEA_1599032700000,True,12,8,3,5,True,True
IDEA_1599057900000,True,6,2,1,1,True,True
IDEA_1599116100000,True,8,2,2,0,True,False
IDEA_1599223500000,True,8,3,2,1,True,True
IDEA_1600280100000,True,8,5,2,3,True,True
IDEA_1600335300000,True,5,2,1,1,True,True
IDEA_1600681800000,True,19,7,3,4,True,True
IDEA_1600756800000,True,14,4,1,3,True,True
IDEA_1600835400000,True,16,4,1,3,True,True
IDEA_1601604900000,True,9,0,0,0,False,False
IDEA_1602561300000,True,6,3,2,1,True,True
IDEA_1604928300000,True,4,0,0,0,False,False
IDEA_1604929800000,True,4,0,0,0,False,False
IDEA_1605594000000,True,4,4,1,3,True,True
IDEA_1605646200000,True,2,2,1,1,True,True
IDEA_1606125600000,True,10,10,4,6,True,True
IDEA_1606138200000,True,8,8,2,6,True,True
IDEA_1606145400000,True,6,6,2,4,True,True
IDEA_1606187100000,True,6,6,1,5,True,True
IDEA_1606219200000,True,1,1,1,0,True,False
IDEA_1606486800000,True,0,0,0,0,False,False
IDEA_1607425800000,True,5,3,3,0,True,False
IDEA_1607515200000,True,5,1,1,0,True,False
IDEA_1607527800000,True,5,1,1,0,True,False
IDEA_1607678100000,True,3,0,0,0,False,False
IDEA_1608617400000,True,5,1,1,0,True,False
IDEA_1609950000000,True,6,0,0,0,False,False
IDEA_1610534400000,True,4,3,3,0,True,False
IDEA_1610578800000,True,3,2,2,0,True,False
IDEA_1610719500000,True,4,3,2,1,True,True
IDEA_1610724600000,True,3,3,2,1,True,True
IDEA_1611234900000,True,7,6,3,3,True,True
IDEA_1611237900000,True,5,4,3,1,True,True
IDEA_1611315000000,True,10,3,2,1,True,True
IDEA_1611591600000,True,2,0,0,0,False,False
IDEA_1613013900000,True,7,1,1,0,True,False
IDEA_1613072400000,True,9,0,0,0,False,False
IDEA_1613569800000,True,3,0,0,0,False,False
IDEA_1614075000000,True,14,11,3,8,True,True
IDEA_1614092100000,True,13,8,2,6,True,True
IDEA_1614175200000,True,11,4,1,3,True,True
IDEA_1614254100000,True,12,1,0,1,True,True
IDEA_1614268500000,True,9,0,0,0,False,False
IDEA_1614762900000,True,10,3,3,0,True,False
IDEA_1614850500000,True,11,2,2,0,True,False
IDEA_1615193700000,True,5,3,2,1,True,True
IDEA_1615474200000,True,4,4,3,1,True,True
IDEA_1615533900000,True,1,1,1,0,True,False
IDEA_1615981500000,True,5,5,3,2,True,True
IDEA_1616068800000,True,5,5,2,3,True,True
IDEA_1616377200000,True,4,4,0,4,True,True
IDEA_1616692200000,True,9,1,1,0,True,False
IDEA_1617795600000,True,11,1,1,0,True,False
IDEA_1617944100000,True,13,0,0,0,False,False
IDEA_1619072700000,True,8,8,3,5,True,True
IDEA_1619089500000,True,6,6,2,4,True,True
IDEA_1619187000000,True,10,6,1,5,True,True
IDEA_1619189700000,True,2,2,1,1,True,True
IDEA_1619689800000,True,3,3,2,1,True,True
IDEA_1620106200000,True,4,4,2,2,True,True
IDEA_1620198600000,True,0,0,0,0,False,False
IDEA_1620693600000,True,6,5,2,3,True,True
IDEA_1620833700000,True,2,2,0,2,True,True
IDEA_1621348200000,True,4,0,0,0,False,False
IDEA_1622544600000,True,7,4,0,4,True,True
IDEA_1622557500000,True,2,0,0,0,False,False
IDEA_1623160800000,True,6,3,3,0,True,False
IDEA_1623312600000,True,14,5,4,1,True,True
IDEA_1623404100000,True,16,7,4,3,True,True
IDEA_1623414900000,True,16,7,4,3,True,True
IDEA_1623660000000,True,8,7,4,3,True,True
IDEA_1623767400000,True,8,6,4,2,True,True
IDEA_1623776400000,True,7,5,3,2,True,True
IDEA_1623867600000,True,6,4,3,1,True,True
IDEA_1623920700000,True,6,6,2,4,True,True
IDEA_1623939300000,True,5,5,0,5,True,True
IDEA_1624476000000,True,0,0,0,0,False,False
IDEA_1624937100000,True,6,6,3,3,True,True
IDEA_1624966200000,True,4,4,1,3,True,True
IDEA_1626345300000,True,9,9,5,4,True,True
IDEA_1626361500000,True,7,7,4,3,True,True
IDEA_1626434700000,True,13,7,4,3,True,True
IDEA_1626450900000,True,11,5,2,3,True,True
IDEA_1626678300000,True,10,2,1,1,True,True
IDEA_1626792900000,True,9,0,0,0,False,False
IDEA_1627624500000,True,12,12,3,9,True,True
IDEA_1627650900000,True,10,9,2,7,True,True
IDEA_1627662900000,True,9,8,1,7,True,True
IDEA_1627664700000,True,7,6,0,6,True,True
IDEA_1628522100000,True,2,2,1,1,True,True
IDEA_1629210000000,True,2,0,0,0,False,False
IDEA_1629895500000,True,7,3,2,1,True,True
IDEA_1629961200000,True,5,3,2,1,True,True
IDEA_1630309800000,True,5,5,3,2,True,True
IDEA_1631015700000,True,6,2,1,1,True,True
IDEA_1631025300000,True,4,0,0,0,False,False
IDEA_1631695500000,True,12,3,2,1,True,True
IDEA_1631711700000,True,11,3,2,1,True,True
IDEA_1631883900000,True,4,3,2,1,True,True
IDEA_1631888400000,True,3,3,2,1,True,True
IDEA_1632313500000,True,9,8,3,5,True,True
IDEA_1632338100000,True,5,4,2,2,True,True
IDEA_1632408900000,True,8,2,1,1,True,True
IDEA_1633413300000,True,6,0,0,0,False,False
IDEA_1634275500000,True,9,6,3,3,True,True
IDEA_1634284800000,True,8,5,2,3,True,True
IDEA_1634291100000,True,7,4,2,2,True,True
IDEA_1634302800000,True,3,0,0,0,False,False
IDEA_1635234300000,True,8,7,2,5,True,True
IDEA_1635432000000,True,3,1,1,0,True,False
IDEA_1635855000000,True,6,1,1,0,True,False
IDEA_1637591700000,True,14,6,2,4,True,True
IDEA_1637605200000,True,12,6,2,4,True,True
IDEA_1637673300000,True,10,4,1,3,True,True
IDEA_1638290700000,True,2,0,0,0,False,False
IDEA_1638780600000,True,6,6,1,5,True,True
IDEA_1638969300000,True,6,6,2,4,True,True
IDEA_1639053300000,True,5,5,1,4,True,True
IDEA_1639404600000,True,5,2,1,1,True,True
IDEA_1639552500000,True,2,0,0,0,False,False
IDEA_1640002200000,True,7,7,2,5,True,True
IDEA_1640012400000,True,3,3,1,2,True,True
IDEA_1640718000000,True,3,2,2,0,True,False
IDEA_1641199200000,True,12,6,5,1,True,True
IDEA_1641220500000,True,11,4,3,1,True,True
IDEA_1641415200000,True,8,6,3,3,True,True
IDEA_1641452100000,True,7,5,2,3,True,True
IDEA_1641460800000,True,4,4,1,3,True,True
IDEA_1642058400000,True,14,6,4,2,True,True
IDEA_1642065300000,True,13,5,3,2,True,True
IDEA_1642088100000,True,12,4,2,2,True,True
IDEA_1642165200000,True,9,1,0,1,True,True
IDEA_1642180800000,True,2,0,0,0,False,False
IDEA_1643292000000,True,4,2,2,0,True,False
IDEA_1643362200000,True,3,3,1,2,True,True
IDEA_1643774400000,True,1,1,1,0,True,False
IDEA_1644482700000,True,4,4,2,2,True,True
IDEA_1644917700000,True,2,0,0,0,False,False
IDEA_1646876100000,True,3,0,0,0,False,False
IDEA_1647324300000,True,7,7,3,4,True,True
IDEA_1647350700000,True,4,4,3,1,True,True
IDEA_1647441600000,True,4,4,2,2,True,True
IDEA_1647574200000,True,3,3,1,2,True,True
IDEA_1647610200000,True,1,1,1,0,True,False
IDEA_1648190700000,True,8,8,5,3,True,True
IDEA_1648442700000,True,7,7,4,3,True,True
IDEA_1648452600000,True,5,5,2,3,True,True
IDEA_1648459200000,True,3,3,1,2,True,True
IDEA_1648497600000,True,2,2,1,1,True,True
IDEA_1648797600000,True,7,6,2,4,True,True
IDEA_1648813500000,True,6,5,1,4,True,True
IDEA_1650374400000,True,11,6,1,5,True,True
IDEA_1650379800000,True,9,4,0,4,True,True
IDEA_1650397200000,True,1,0,0,0,False,False
IDEA_1650885000000,True,9,4,1,3,True,True
IDEA_1650889800000,True,5,1,1,0,True,False
IDEA_1651263900000,True,9,9,3,6,True,True
IDEA_1651459200000,True,8,8,3,5,True,True
IDEA_1651487400000,True,6,6,2,4,True,True
IDEA_1651760100000,True,14,0,0,0,False,False
IDEA_1651764600000,True,12,0,0,0,False,False
IDEA_1652445300000,True,14,14,5,9,True,True
IDEA_1652677800000,True,14,14,3,11,True,True
IDEA_1652797500000,True,12,12,2,10,True,True
IDEA_1652812800000,True,9,9,1,8,True,True
IDEA_1654028700000,True,7,7,4,3,True,True
IDEA_1654240200000,True,12,12,5,7,True,True
IDEA_1654260600000,True,12,11,4,7,True,True
IDEA_1654270200000,True,10,9,3,6,True,True
IDEA_1654277700000,True,9,8,2,6,True,True
IDEA_1654529400000,True,9,3,1,2,True,True
IDEA_1654661700000,True,2,0,0,0,False,False
IDEA_1655112000000,True,8,0,0,0,False,False
IDEA_1655794800000,True,15,0,0,0,False,False
IDEA_1656666900000,True,15,15,4,11,True,True
IDEA_1656929700000,True,12,12,3,9,True,True
IDEA_1657022700000,True,13,13,3,10,True,True
IDEA_1657035900000,True,4,4,1,3,True,True
IDEA_1657115700000,True,4,4,0,4,True,True
IDEA_1657569300000,True,12,3,3,0,True,False
IDEA_1657781100000,True,11,0,0,0,False,False
IDEA_1657782600000,True,8,0,0,0,False,False
IDEA_1658336700000,True,8,8,4,4,True,True
IDEA_1658362800000,True,4,4,2,2,True,True
IDEA_1658387700000,True,3,3,2,1,True,True
IDEA_1658711100000,True,2,2,0,2,True,True
IDEA_1659686100000,True,8,5,2,3,True,True
IDEA_1659688200000,True,4,1,1,0,True,False
IDEA_1660909200000,True,13,13,4,9,True,True
IDEA_1660920300000,True,7,7,4,3,True,True
IDEA_1661158500000,True,3,3,2,1,True,True
IDEA_1661479500000,True,12,9,3,6,True,True
IDEA_1661527500000,True,12,7,2,5,True,True
IDEA_1661738700000,True,8,1,1,0,True,False
IDEA_1662021900000,True,4,4,2,2,True,True
IDEA_1662036600000,True,5,5,2,3,True,True
IDEA_1662470100000,True,10,10,4,6,True,True
IDEA_1662484500000,True,5,5,3,2,True,True
IDEA_1662643200000,True,8,8,3,5,True,True
IDEA_1663033500000,True,11,2,2,0,True,False
IDEA_1663075200000,True,9,3,3,0,True,False
IDEA_1663249500000,True,12,7,4,3,True,True
IDEA_1663255500000,True,9,6,3,3,True,True
IDEA_1663568400000,True,8,5,2,3,True,True
IDEA_1663667700000,True,4,0,0,0,False,False
IDEA_1664429100000,True,6,6,1,5,True,True
IDEA_1664946000000,True,15,0,0,0,False,False
IDEA_1666199700000,True,10,7,4,3,True,True
IDEA_1666294800000,True,7,7,3,4,True,True
IDEA_1666596600000,True,4,4,1,3,True,True
IDEA_1666601100000,True,1,1,1,0,True,False
IDEA_1666854300000,True,12,1,1,0,True,False
IDEA_1667206500000,True,12,0,0,0,False,False
IDEA_1669363800000,True,4,1,1,0,True,False
IDEA_1670810100000,True,10,6,2,4,True,True
IDEA_1670860200000,True,8,3,1,2,True,True
IDEA_1671005400000,True,4,0,0,0,False,False
IDEA_1671605700000,True,3,2,2,0,True,False
IDEA_1671720300000,True,5,2,2,0,True,False
IDEA_1672906800000,True,4,4,2,2,True,True
IDEA_1672927800000,True,3,3,1,2,True,True
IDEA_1673859300000,True,6,5,2,3,True,True
IDEA_1674225600000,True,6,3,2,1,True,True
IDEA_1674834900000,True,9,5,2,3,True,True
IDEA_1675238100000,True,14,9,4,5,True,True
IDEA_1675346700000,True,15,7,2,5,True,True
IDEA_1675350900000,True,10,5,1,4,True,True
IDEA_1675410300000,True,9,3,1,2,True,True
IDEA_1675437300000,True,6,0,0,0,False,False
IDEA_1676468400000,True,4,1,1,0,True,False
IDEA_1676916000000,True,12,8,4,4,True,True
IDEA_1676951700000,True,10,6,3,3,True,True
IDEA_1676965800000,True,8,4,2,2,True,True
IDEA_1677078900000,True,8,2,1,1,True,True
IDEA_1677246600000,True,2,0,0,0,False,False
IDEA_1678191000000,True,7,7,1,6,True,True
IDEA_1678783800000,True,4,2,0,2,True,True
IDEA_1678802100000,True,0,0,0,0,False,False
IDEA_1679404500000,True,4,4,1,3,True,True
IDEA_1679408400000,True,2,2,1,1,True,True
IDEA_1679679900000,True,8,7,3,4,True,True
IDEA_1679902500000,True,9,6,2,4,True,True
IDEA_1680067200000,True,10,0,0,0,False,False
IDEA_1680704100000,True,8,8,5,3,True,True
IDEA_1680749400000,True,5,5,3,2,True,True
IDEA_1680790200000,True,5,5,3,2,True,True
IDEA_1681078200000,True,3,3,2,1,True,True
IDEA_1681132200000,True,1,1,1,0,True,False
IDEA_1681458600000,True,9,0,0,0,False,False
IDEA_1683868800000,True,1,1,1,0,True,False
IDEA_1684318500000,True,6,4,2,2,True,True
IDEA_1684332600000,True,5,2,2,0,True,False
IDEA_1684417200000,True,8,1,1,0,True,False
IDEA_1684938600000,True,8,0,0,0,False,False
IDEA_1685601600000,True,14,8,4,4,True,True
IDEA_1685942400000,True,11,6,1,5,True,True
IDEA_1687157100000,True,11,5,2,3,True,True
IDEA_1687169400000,True,12,2,1,1,True,True
IDEA_1687226700000,True,14,2,1,1,True,True
IDEA_1687270200000,True,10,0,0,0,False,False
IDEA_1687942200000,True,8,8,4,4,True,True
IDEA_1687958100000,True,5,5,4,1,True,True
IDEA_1688106300000,True,4,4,4,0,True,False
IDEA_1688366700000,True,8,6,4,2,True,True
IDEA_1688523600000,True,7,5,3,2,True,True
IDEA_1688568900000,True,6,5,3,2,True,True
IDEA_1688966400000,True,1,1,1,0,True,False
IDEA_1689228000000,True,4,4,1,3,True,True
IDEA_1689252900000,True,1,1,0,1,True,True
IDEA_1689946200000,True,4,0,0,0,False,False
IDEA_1692022200000,True,8,2,1,1,True,True
IDEA_1692190800000,True,9,0,0,0,False,False
IDEA_1692946800000,True,3,3,2,1,True,True
IDEA_1693490400000,True,10,2,2,0,True,False
IDEA_1693918200000,True,5,3,2,1,True,True
IDEA_1693925400000,True,1,1,1,0,True,False
IDEA_1694007000000,True,2,2,2,0,True,False
IDEA_1694445600000,True,6,3,2,1,True,True
IDEA_1694521800000,True,4,1,1,0,True,False
IDEA_1694673000000,True,3,2,2,0,True,False
IDEA_1695299100000,True,1,1,1,0,True,False
IDEA_1695711900000,True,18,11,8,3,True,True
IDEA_1695735600000,True,18,10,7,3,True,True
IDEA_1695744600000,True,16,8,6,2,True,True
IDEA_1695808200000,True,18,7,6,1,True,True
IDEA_1695818100000,True,19,8,6,2,True,True
IDEA_1695828600000,True,17,6,4,2,True,True
IDEA_1695834000000,True,14,6,4,2,True,True
IDEA_1695909600000,True,14,6,4,2,True,True
IDEA_1696226400000,True,5,4,2,2,True,True
IDEA_1696239600000,True,4,3,2,1,True,True
IDEA_1696289400000,True,2,1,0,1,True,True
IDEA_1697119200000,True,4,1,1,0,True,False
IDEA_1698012600000,True,1,0,0,0,False,False
IDEA_1698811200000,True,2,2,2,0,True,False
IDEA_1699242300000,True,15,11,7,4,True,True
IDEA_1699316700000,True,13,8,5,3,True,True
IDEA_1699326600000,True,11,6,4,2,True,True
IDEA_1699342200000,True,13,5,3,2,True,True
IDEA_1699348500000,True,12,3,2,1,True,True
IDEA_1699359300000,True,14,2,1,1,True,True
IDEA_1699440600000,True,14,0,0,0,False,False
IDEA_1700484300000,True,4,4,1,3,True,True
IDEA_1702045800000,True,13,13,4,9,True,True
IDEA_1702056300000,True,10,10,4,6,True,True
IDEA_1702309500000,True,6,6,3,3,True,True
IDEA_1702392000000,True,3,3,1,2,True,True
IDEA_1702561200000,True,2,2,1,1,True,True
IDEA_1702665300000,True,2,2,2,0,True,False
IDEA_1703068500000,True,2,2,1,1,True,True
IDEA_1704207000000,True,15,0,0,0,False,False
IDEA_1704211500000,True,13,0,0,0,False,False
IDEA_1704686400000,True,6,0,0,0,False,False
IDEA_1705332300000,True,14,10,4,6,True,True
IDEA_1705394700000,True,13,9,3,6,True,True
IDEA_1705397400000,True,10,6,2,4,True,True
IDEA_1705429200000,True,6,2,0,2,True,True
IDEA_1705469100000,True,6,1,1,0,True,False
IDEA_1707122100000,True,7,7,2,5,True,True
IDEA_1707365100000,True,12,10,5,5,True,True
IDEA_1707466800000,True,12,12,5,7,True,True
IDEA_1707487500000,True,9,9,4,5,True,True
IDEA_1707492600000,True,6,6,3,3,True,True
IDEA_1707833700000,True,5,5,3,2,True,True
IDEA_1707837300000,True,2,2,2,0,True,False
IDEA_1708474800000,True,7,2,1,1,True,True
IDEA_1708609200000,True,7,0,0,0,False,False
IDEA_1713526500000,True,8,8,4,4,True,True
IDEA_1713785700000,True,5,5,2,3,True,True
IDEA_1713793200000,True,2,2,1,1,True,True
IDEA_1714353600000,True,8,8,4,4,True,True
IDEA_1714463400000,True,12,7,4,3,True,True
IDEA_1714477800000,True,14,9,6,3,True,True
IDEA_1714486500000,True,11,6,4,2,True,True
IDEA_1714498500000,True,8,3,3,0,True,False
IDEA_1714641000000,True,6,4,4,0,True,False
IDEA_1715066700000,True,4,4,2,2,True,True
IDEA_1715076300000,True,1,1,0,1,True,True
IDEA_1715564700000,True,6,6,4,2,True,True
IDEA_1715586600000,True,5,5,3,2,True,True
IDEA_1715590800000,True,2,2,2,0,True,False
IDEA_1715856300000,True,5,0,0,0,False,False
IDEA_1716964800000,True,12,3,3,0,True,False
IDEA_1717034700000,True,8,1,1,0,True,False
IDEA_1718983500000,True,6,0,0,0,False,False
IDEA_1720422600000,True,5,5,1,4,True,True
IDEA_1720429800000,True,3,3,0,3,True,True
IDEA_1720761900000,True,4,1,1,0,True,False
IDEA_1721229600000,True,14,9,4,5,True,True
IDEA_1721352900000,True,9,5,2,3,True,True
IDEA_1721375400000,True,7,3,1,2,True,True
IDEA_1721391300000,True,6,2,0,2,True,True
IDEA_1721395800000,True,1,0,0,0,False,False
IDEA_1721909700000,True,2,2,2,0,True,False
IDEA_1722255300000,True,1,1,1,0,True,False
IDEA_1723642500000,True,5,5,2,3,True,True
IDEA_1724229900000,True,5,5,2,3,True,True
IDEA_1724248500000,True,1,1,1,0,True,False
IDEA_1724334600000,True,3,3,1,2,True,True
IDEA_1724823300000,True,7,2,2,0,True,False
IDEA_1724991000000,True,10,1,1,0,True,False
IDEA_1725625200000,True,3,3,2,1,True,True
IDEA_1725633300000,True,2,2,1,1,True,True
IDEA_1726484100000,True,5,5,2,3,True,True
IDEA_1726570200000,True,3,3,1,2,True,True
IDEA_1727694600000,True,6,6,1,5,True,True
IDEA_1727848500000,True,2,2,2,0,True,False
IDEA_1728281400000,True,6,0,0,0,False,False
IDEA_1729689900000,True,3,0,0,0,False,False
IDEA_1730364000000,True,8,4,2,2,True,True
IDEA_1730384100000,True,6,2,0,2,True,True
IDEA_1731293400000,True,18,12,5,7,True,True
IDEA_1731323100000,True,20,14,7,7,True,True
IDEA_1731334500000,True,18,12,5,7,True,True
IDEA_1731336300000,True,14,8,4,4,True,True
IDEA_1731391500000,True,13,7,4,3,True,True
IDEA_1731397500000,True,12,6,4,2,True,True
IDEA_1731530100000,True,6,4,3,1,True,True
IDEA_1731567300000,True,1,1,1,0,True,False
IDEA_1732514100000,True,9,8,1,7,True,True
IDEA_1732545900000,True,5,4,0,4,True,True
IDEA_1734084600000,True,12,6,2,4,True,True
IDEA_1734099000000,True,10,2,1,1,True,True
IDEA_1734117000000,True,11,1,0,1,True,True
IDEA_1734310800000,True,6,0,0,0,False,False
IDEA_1735287900000,True,9,0,0,0,False,False
IDEA_1735296300000,True,7,0,0,0,False,False
IDEA_1735894800000,True,10,10,4,6,True,True
IDEA_1735911900000,True,6,6,3,3,True,True
IDEA_1735935300000,True,3,3,2,1,True,True
IDEA_1736142600000,True,2,2,2,0,True,False
IDEA_1736171400000,True,0,0,0,0,False,False
IDEA_1736764200000,True,6,6,1,5,True,True
IDEA_1736772000000,True,2,2,0,2,True,True
IDEA_1737100500000,True,7,7,3,4,True,True
IDEA_1737111000000,True,3,3,1,2,True,True
IDEA_1737148800000,True,2,2,0,2,True,True
IDEA_1737988800000,True,7,7,3,4,True,True
IDEA_1738137000000,True,5,5,3,2,True,True
IDEA_1738157100000,True,4,4,2,2,True,True
IDEA_1738539600000,True,3,3,2,1,True,True
IDEA_1739280000000,True,2,2,2,0,True,False
IDEA_1739542200000,True,11,11,2,9,True,True
IDEA_1739547300000,True,8,8,1,7,True,True
IDEA_1740061800000,True,5,2,1,1,True,True
IDEA_1740465600000,True,10,0,0,0,False,False
IDEA_1741251300000,True,5,3,1,2,True,True
IDEA_1741372200000,True,3,1,1,0,True,False
IDEA_1744875300000,True,5,2,1,1,True,True
IDEA_1745388900000,True,4,3,2,1,True,True
IDEA_1745503800000,True,6,1,1,0,True,False
IDEA_1746581700000,True,8,4,2,2,True,True
IDEA_1746721500000,True,8,0,0,0,False,False
IDEA_1747228800000,True,5,5,4,1,True,True
IDEA_1747285200000,True,5,5,3,2,True,True
IDEA_1747380300000,True,3,3,2,1,True,True
IDEA_1747910400000,True,8,1,1,0,True,False
IDEA_1748355000000,True,6,1,1,0,True,False
IDEA_1748925600000,True,3,3,2,1,True,True
IDEA_1749139800000,True,8,2,0,2,True,True
IDEA_1749220200000,True,5,0,0,0,False,False
IDEA_1750082700000,True,3,1,0,1,True,True
IDEA_1750171500000,True,4,0,0,0,False,False
IDEA_1751013600000,True,4,4,4,0,True,False
IDEA_1751026800000,True,4,4,4,0,True,False
IDEA_1751036100000,True,2,2,2,0,True,False
IDEA_1751414700000,True,6,2,1,1,True,True
IDEA_1751547000000,True,7,0,0,0,False,False
IDEA_1752498600000,True,11,5,1,4,True,True
IDEA_1752587100000,True,11,4,0,4,True,True
IDEA_1753327800000,True,19,5,2,3,True,True
IDEA_1753356900000,True,16,2,0,2,True,True
IDEA_1753362300000,True,8,0,0,0,False,False
IDEA_1754377500000,True,7,7,3,4,True,True
IDEA_1754457300000,True,9,6,3,3,True,True
IDEA_1754469300000,True,10,4,2,2,True,True
IDEA_1754652600000,True,11,5,2,3,True,True
IDEA_1754875200000,True,5,4,2,2,True,True
IDEA_1754915700000,True,3,0,0,0,False,False
IDEA_1758135600000,True,1,1,1,0,True,False
IDEA_1758681600000,True,4,4,3,1,True,True
IDEA_1758733800000,True,1,1,1,0,True,False
IDEA_1759221900000,True,3,1,1,0,True,False
IDEA_1759965000000,True,0,0,0,0,False,False
IDEA_1761025800000,True,7,1,1,0,True,False
IDEA_1761538800000,True,11,2,2,0,True,False
IDEA_1761764100000,True,3,0,0,0,False,False
IDEA_1762217100000,True,1,1,1,0,True,False
IDEA_1762872000000,True,4,4,2,2,True,True
IDEA_1763120100000,True,7,4,1,3,True,True
IDEA_1763128500000,True,2,0,0,0,False,False
IDEA_1764674100000,True,2,2,1,1,True,True
IDEA_1764951900000,True,5,1,0,1,True,True
IDEA_1766998800000,True,3,1,1,0,True,False
IDEA_1767126000000,True,4,0,0,0,False,False
IDEA_1767769500000,True,2,2,0,2,True,True
IDEA_1769009400000,True,2,2,1,1,True,True
IDEA_1769762700000,True,3,2,2,0,True,False
IDEA_1769766900000,True,2,1,1,0,True,False
IDEA_1769796000000,True,4,3,3,0,True,False
IDEA_1769798400000,True,3,3,3,0,True,False
IDEA_1770216300000,True,5,5,3,2,True,True
IDEA_1770219600000,True,4,4,2,2,True,True
IDEA_1770260700000,True,1,1,1,0,True,False
IDEA_1770908700000,True,3,3,3,0,True,False
IDEA_1771218300000,True,1,1,1,0,True,False
IDEA_1771290300000,True,1,1,1,0,True,False
IDEA_1773274200000,True,5,3,2,1,True,True
IDEA_1773338400000,True,7,3,2,1,True,True
IDEA_1773348000000,True,4,0,0,0,False,False
IDEA_1773418800000,True,5,0,0,0,False,False
IDEA_1774014000000,True,10,0,0,0,False,False
IDEA_1774466100000,True,3,3,2,1,True,True
IDEA_1774506300000,True,4,4,1,3,True,True
IDEA_1775094600000,True,2,2,0,2,True,True
IDEA_1776237000000,True,5,5,2,3,True,True
IDEA_1776246600000,True,2,2,1,1,True,True
IDEA_1776636300000,True,6,1,1,0,True,False
IDEA_1776792900000,True,8,0,0,0,False,False
IDEA_1777447800000,True,9,4,3,1,True,True
IDEA_1777456800000,True,8,4,3,1,True,True
IDEA_1777622400000,True,6,2,1,1,True,True
IDEA_1777878300000,True,2,0,0,0,False,False
IDEA_1778459400000,True,9,9,5,4,True,True
IDEA_1778567400000,True,17,7,3,4,True,True
IDEA_1778595000000,True,17,5,2,3,True,True
IDEA_1778665200000,True,15,2,0,2,True,True
IDEA_1778680200000,True,12,0,0,0,False,False
IDEA_1779771900000,True,14,6,1,5,True,True
IDEA_1779797700000,True,10,2,0,2,True,True
IDEA_1779819300000,True,7,0,0,0,False,False
IDEA_1780284300000,True,13,13,5,8,True,True
IDEA_1780300500000,True,10,10,4,6,True,True
IDEA_1780425900000,True,19,7,2,5,True,True
IDEA_1780443600000,True,16,4,2,2,True,True
IDEA_1780477200000,True,15,3,2,1,True,True
IDEA_1780882800000,True,22,17,6,11,True,True
IDEA_1781016600000,True,19,15,5,10,True,True
IDEA_1781053800000,True,10,10,4,6,True,True
IDEA_1781089800000,True,7,7,2,5,True,True
IDEA_1781104800000,True,4,4,1,3,True,True
IDEA_1781119800000,True,3,3,1,2,True,True
IDEA_1781720100000,True,14,3,2,1,True,True
IDEA_1781781900000,True,13,1,0,1,True,True
IDEA_1781802000000,True,11,0,0,0,False,False
IDEA_1782864600000,True,5,5,2,3,True,True
IDEA_1783315500000,True,11,7,2,5,True,True
IDEA_1783342800000,True,5,1,1,0,True,False
IDEA_1783452600000,True,7,3,2,1,True,True
IDEA_1783502100000,True,5,5,3,2,True,True
IDEA_1783662900000,True,11,7,4,3,True,True
IDEA_1783690800000,True,10,6,3,3,True,True
IDEA_1783920900000,True,9,3,1,2,True,True
IDEA_1784091000000,True,1,0,0,0,False,False
IDEA_1784815800000,True,12,3,1,2,True,True
IDEA_1785159300000,True,10,0,0,0,False,False
IDEA_1786638000000,True,7,7,3,4,True,True
IDEA_1787026800000,True,4,4,2,2,True,True
IDEA_1787067000000,True,4,4,2,2,True,True
IDEA_1787595900000,True,3,0,0,0,False,False
IDEA_1788505200000,True,5,4,2,2,True,True
IDEA_1788761700000,True,5,1,1,0,True,False
IDEA_1789983600000,True,15,1,0,1,True,True
IDEA_1789999800000,True,12,0,0,0,False,False
