contrast,stage,constraints,target_total,donor_total,feasible_targets,feasible_target_coverage,compatible_donors,compatible_donor_coverage,compatible_edges,edge_density,zero_candidate_fraction,candidates_median_all_targets,candidates_median_feasible_targets,candidates_p10,candidates_p90,candidates_max,greedy_matched,greedy_target_coverage,greedy_donor_coverage,allocation_loss_count,allocation_loss_pp
PRIMARY_2025_vs_2026,G,GEOMETRY_ONLY,105,122,102,0.9714285714285714,98,0.8032786885245902,2067,0.1613583138173302,0.02857142857142857,20.0,20.0,4.0,34.0,47,82,0.780952380952381,0.6721311475409836,20,0.19047619047619047
PRIMARY_2025_vs_2026,G+S,state,105,122,98,0.9333333333333333,88,0.7213114754098361,854,0.06666666666666667,0.06666666666666667,8.0,8.0,1.0,16.60000000000001,26,75,0.7142857142857143,0.6147540983606558,23,0.21904761904761905
PRIMARY_2025_vs_2026,G+S+J,state|session,105,122,75,0.7142857142857143,64,0.5245901639344263,256,0.01998438719750195,0.2857142857142857,2.0,3.0,0.0,7.0,9,51,0.4857142857142857,0.4180327868852459,24,0.22857142857142856
PRIMARY_2025_vs_2026,G+S+J+C,state|session|coherence,105,122,43,0.4095238095238095,44,0.36065573770491804,94,0.007338017174082748,0.5904761904761905,0.0,2.0,0.0,3.0,5,31,0.29523809523809524,0.2540983606557377,12,0.11428571428571428
PRIMARY_2025_vs_2026,G+S+J+C+E,state|session|coherence|expansion,105,122,39,0.37142857142857144,38,0.3114754098360656,85,0.00663544106167057,0.6285714285714286,0.0,2.0,0.0,3.0,5,28,0.26666666666666666,0.22950819672131148,11,0.10476190476190476
PRIMARY_2025_vs_2026,G+S+J+C+E+P,state|session|coherence|expansion|persistence,105,122,30,0.2857142857142857,23,0.1885245901639344,51,0.003981264637002342,0.7142857142857143,0.0,2.0,0.0,2.0,3,18,0.17142857142857143,0.14754098360655737,12,0.11428571428571428
SEASONAL_2025JS_vs_2026,G,GEOMETRY_ONLY,105,97,100,0.9523809523809523,73,0.7525773195876289,1315,0.12911143838978892,0.047619047619047616,12.0,12.5,2.0,24.0,36,60,0.5714285714285714,0.6185567010309279,40,0.38095238095238093
SEASONAL_2025JS_vs_2026,G+S,state,105,97,95,0.9047619047619048,63,0.6494845360824743,538,0.05282277859597447,0.09523809523809523,5.0,5.0,1.0,11.0,19,55,0.5238095238095238,0.5670103092783505,40,0.38095238095238093
SEASONAL_2025JS_vs_2026,G+S+J,state|session,105,97,69,0.6571428571428571,45,0.4639175257731959,157,0.015414825724104075,0.34285714285714286,1.0,2.0,0.0,4.0,6,38,0.3619047619047619,0.3917525773195876,31,0.29523809523809524
SEASONAL_2025JS_vs_2026,G+S+J+C,state|session|coherence,105,97,36,0.34285714285714286,30,0.30927835051546393,53,0.005203730976926853,0.6571428571428571,0.0,1.0,0.0,2.0,4,23,0.21904761904761905,0.23711340206185566,13,0.12380952380952381
SEASONAL_2025JS_vs_2026,G+S+J+C+E,state|session|coherence|expansion,105,97,33,0.3142857142857143,25,0.25773195876288657,47,0.004614629356897398,0.6857142857142857,0.0,1.0,0.0,2.0,3,21,0.2,0.21649484536082475,12,0.11428571428571428
SEASONAL_2025JS_vs_2026,G+S+J+C+E+P,state|session|coherence|expansion|persistence,105,97,24,0.22857142857142856,15,0.15463917525773196,32,0.0031418753068237605,0.7714285714285715,0.0,1.0,0.0,1.0,2,12,0.11428571428571428,0.12371134020618557,12,0.11428571428571428
