contrast,from_stage,to_stage,constraint_added,feasible_target_loss,feasible_coverage_loss_pp,greedy_pair_loss,greedy_coverage_loss_pp
PRIMARY_2025_vs_2026,G,G+S,state,4,0.03809523809523807,7,0.06666666666666665
PRIMARY_2025_vs_2026,G+S,G+S+J,session,23,0.21904761904761905,24,0.2285714285714286
PRIMARY_2025_vs_2026,G+S+J,G+S+J+C,coherence,32,0.3047619047619048,20,0.19047619047619047
PRIMARY_2025_vs_2026,G+S+J+C,G+S+J+C+E,expansion,4,0.03809523809523807,3,0.02857142857142858
PRIMARY_2025_vs_2026,G+S+J+C+E,G+S+J+C+E+P,persistence,9,0.08571428571428574,10,0.09523809523809523
SEASONAL_2025JS_vs_2026,G,G+S,state,5,0.04761904761904756,5,0.04761904761904756
SEASONAL_2025JS_vs_2026,G+S,G+S+J,session,26,0.24761904761904763,17,0.16190476190476194
SEASONAL_2025JS_vs_2026,G+S+J,G+S+J+C,coherence,33,0.3142857142857143,15,0.14285714285714285
SEASONAL_2025JS_vs_2026,G+S+J+C,G+S+J+C+E,expansion,3,0.02857142857142858,2,0.019047619047619035
SEASONAL_2025JS_vs_2026,G+S+J+C+E,G+S+J+C+E+P,persistence,9,0.08571428571428572,9,0.08571428571428573
