contrast,variable,donor_n,target_n,donor_mean,donor_median,donor_p10,donor_p25,donor_p75,donor_p90,donor_iqr,target_mean,target_median,target_p10,target_p25,target_p75,target_p90,target_iqr,target_fraction_outside_donor_minmax,overlap_coefficient
PRIMARY_2025_vs_2026,signed_coherence_24h,122,105,-0.09051592008152211,-0.10561868738455531,-0.4304549620836785,-0.27890152437348203,0.07946127558793521,0.2842370043662847,0.35836279996141723,-0.14809011350931672,-0.19321386211146863,-0.46994085874377584,-0.33758664331504495,0.02508246037199578,0.21797101191321866,0.36266910368704075,0.02857142857142857,0.8481654957064794
PRIMARY_2025_vs_2026,expansion_level,122,105,0.6766652530151183,0.7672435505343072,0.24412262080379957,0.5098585974885763,0.9039056596984851,0.9711761954448962,0.3940470622099088,0.9123146801267191,0.9331846148310726,0.7954448961968841,0.8754722412118159,0.9801029036088224,0.9917892994638938,0.10463066239700647,0.08571428571428572,0.5323185011709601
PRIMARY_2025_vs_2026,expansion_persistence,122,105,0.45867486338797814,0.39583333333333337,0.008333333333333333,0.13541666666666666,0.7833333333333333,1.0,0.6479166666666667,0.9563492063492063,0.9833333333333333,0.8833333333333333,0.925,1.0,1.0,0.07499999999999996,0.0,0.27447306791569087
SEASONAL_2025JS_vs_2026,signed_coherence_24h,97,105,-0.09783876471190187,-0.10478582597233925,-0.4291426250490615,-0.29545092219731095,0.07452407351196662,0.265493615371782,0.36997499570927755,-0.14809011350931672,-0.19321386211146863,-0.46994085874377584,-0.33758664331504495,0.02508246037199578,0.21797101191321866,0.36266910368704075,0.02857142857142857,0.8638193421698576
SEASONAL_2025JS_vs_2026,expansion_level,97,105,0.6282250110444632,0.7130212643471378,0.20980102903608824,0.42467527794768467,0.8461483107257223,0.9272406721116828,0.4214730327780376,0.9123146801267191,0.9331846148310726,0.7954448961968841,0.8754722412118159,0.9801029036088224,0.9917892994638938,0.10463066239700647,0.08571428571428572,0.4544918998527246
SEASONAL_2025JS_vs_2026,expansion_persistence,97,105,0.3679553264604811,0.25833333333333336,0.0,0.075,0.6083333333333333,0.9666666666666667,0.5333333333333333,0.9563492063492063,0.9833333333333333,0.8833333333333333,0.925,1.0,1.0,0.07499999999999996,0.0,0.2141384388807069
HIST_2023_2024_vs_2026,signed_coherence_24h,289,105,-0.16551773184086185,-0.15999647508959108,-0.5483662791398496,-0.39121353146444005,0.05063610367364864,0.19853372171048075,0.44184963513808867,-0.14809011350931672,-0.19321386211146863,-0.46994085874377584,-0.33758664331504495,0.02508246037199578,0.21797101191321866,0.36266910368704075,0.0,0.8672598451145165
HIST_2023_2024_vs_2026,expansion_level,289,105,0.4217562685682848,0.39675457849098694,0.04556543014428094,0.1803331774187745,0.6466376425718706,0.7875436260929011,0.4663044651530961,0.9123146801267191,0.9331846148310726,0.7954448961968841,0.8754722412118159,0.9801029036088224,0.9917892994638938,0.10463066239700647,0.20952380952380953,0.20243862250782665
HIST_2023_2024_vs_2026,expansion_persistence,289,105,0.18783160322952713,0.15833333333333333,0.0,0.016666666666666666,0.2916666666666667,0.4666666666666667,0.275,0.9563492063492063,0.9833333333333333,0.8833333333333333,0.925,1.0,1.0,0.07499999999999996,0.9238095238095239,0.03460207612456748
EVENT_2025_vs_2026,signed_coherence_24h,526,484,-0.12236927999811514,-0.1410955198768744,-0.40421510207075495,-0.28232621237379585,0.02329539176896841,0.20718030933931297,0.30562160414276424,-0.18694947160686895,-0.1877364516992659,-0.5178452133796511,-0.35491825130877486,-0.02900462923462833,0.10570123119536853,0.32591362207414654,0.008264462809917356,0.8503205228922477
EVENT_2025_vs_2026,expansion_level,526,484,0.65472807593454,0.7058252077861332,0.24749037527434964,0.4315205267513403,0.9051199942431547,0.9747058611880689,0.4735994674918144,0.897954342507909,0.9203576440110819,0.7790954556902818,0.8523728996509913,0.9661335588097723,0.9881049185046594,0.11376065915878097,0.0371900826446281,0.5327279012035321
EVENT_2025_vs_2026,expansion_persistence,526,484,0.46340304182509506,0.4,0.0,0.10833333333333334,0.8,1.0,0.6916666666666667,0.9487086776859505,0.9666666666666667,0.8833333333333333,0.9083333333333333,1.0,1.0,0.09166666666666667,0.0,0.27541400873582
EVENT_2025JS_vs_2026,signed_coherence_24h,431,484,-0.12728273536762072,-0.14491288901299612,-0.40468241548641837,-0.29129165011990293,0.013988292163826686,0.19808006644095766,0.3052799422837296,-0.18694947160686895,-0.1877364516992659,-0.5178452133796511,-0.35491825130877486,-0.02900462923462833,0.10570123119536853,0.32591362207414654,0.008264462809917356,0.8635932196889801
EVENT_2025JS_vs_2026,expansion_level,431,484,0.6126729234514058,0.6674342460331738,0.21537797287086677,0.3979239376821502,0.8443133163026662,0.948080451912352,0.446389378620516,0.897954342507909,0.9203576440110819,0.7790954556902818,0.8523728996509913,0.9661335588097723,0.9881049185046594,0.11376065915878097,0.04338842975206612,0.45629518130045443
EVENT_2025JS_vs_2026,expansion_persistence,431,484,0.3883604021655066,0.2916666666666667,0.0,0.075,0.7083333333333334,0.9666666666666667,0.6333333333333334,0.9487086776859505,0.9666666666666667,0.8833333333333333,0.9083333333333333,1.0,1.0,0.09166666666666667,0.0,0.213236563057276
EVENT_2023_2024_vs_2026,signed_coherence_24h,1232,484,-0.16642756024993927,-0.16212553452384082,-0.4943589708943215,-0.34000954984020854,0.0022705283144049578,0.15678716013918798,0.3422800781546135,-0.18694947160686895,-0.1877364516992659,-0.5178452133796511,-0.35491825130877486,-0.02900462923462833,0.10570123119536853,0.32591362207414654,0.0,0.9161747343565524
EVENT_2023_2024_vs_2026,expansion_level,1232,484,0.4388850072497933,0.4257007160076278,0.06963983736912172,0.20557334580649805,0.6576745943223113,0.81891123664232,0.4521012485158133,0.897954342507909,0.9203576440110819,0.7790954556902818,0.8523728996509913,0.9661335588097723,0.9881049185046594,0.11376065915878097,0.10330578512396695,0.22535419126328218
EVENT_2023_2024_vs_2026,expansion_persistence,1232,484,0.18282602813852813,0.13333333333333333,0.0,0.016666666666666666,0.2916666666666667,0.4666666666666667,0.275,0.9487086776859505,0.9666666666666667,0.8833333333333333,0.9083333333333333,1.0,1.0,0.09166666666666667,0.9152892561983471,0.027597402597402596
