contrast,removed_constraint,feasible_targets,feasible_target_coverage,feasibility_restored_pp,greedy_matched,greedy_target_coverage,greedy_restored_pp
PRIMARY_2025_vs_2026,state,49,0.4666666666666667,0.18095238095238098,29,0.2761904761904762,0.10476190476190478
PRIMARY_2025_vs_2026,session,67,0.638095238095238,0.35238095238095235,28,0.26666666666666666,0.09523809523809523
PRIMARY_2025_vs_2026,coherence,52,0.49523809523809526,0.20952380952380956,27,0.2571428571428571,0.08571428571428569
PRIMARY_2025_vs_2026,expansion,32,0.3047619047619048,0.01904761904761909,19,0.18095238095238095,0.009523809523809518
PRIMARY_2025_vs_2026,persistence,39,0.37142857142857144,0.08571428571428574,28,0.26666666666666666,0.09523809523809523
SEASONAL_2025JS_vs_2026,state,36,0.34285714285714286,0.1142857142857143,16,0.1523809523809524,0.03809523809523811
SEASONAL_2025JS_vs_2026,session,51,0.4857142857142857,0.2571428571428571,18,0.17142857142857143,0.05714285714285715
SEASONAL_2025JS_vs_2026,coherence,46,0.4380952380952381,0.20952380952380953,17,0.1619047619047619,0.04761904761904763
SEASONAL_2025JS_vs_2026,expansion,24,0.22857142857142856,0.0,12,0.11428571428571428,0.0
SEASONAL_2025JS_vs_2026,persistence,33,0.3142857142857143,0.08571428571428572,21,0.2,0.08571428571428573
HIST_2023_2024_vs_2026,state,13,0.12380952380952381,0.0761904761904762,6,0.05714285714285714,0.03809523809523809
HIST_2023_2024_vs_2026,session,27,0.2571428571428571,0.2095238095238095,9,0.08571428571428572,0.06666666666666667
HIST_2023_2024_vs_2026,coherence,8,0.0761904761904762,0.02857142857142858,5,0.047619047619047616,0.028571428571428567
HIST_2023_2024_vs_2026,expansion,5,0.047619047619047616,0.0,2,0.01904761904761905,0.0
HIST_2023_2024_vs_2026,persistence,34,0.3238095238095238,0.2761904761904762,22,0.20952380952380953,0.19047619047619047
EVENT_2025_vs_2026,state,388,0.8016528925619835,0.15082644628099173,146,0.30165289256198347,0.037190082644628086
EVENT_2025_vs_2026,session,415,0.8574380165289256,0.20661157024793386,156,0.32231404958677684,0.05785123966942146
EVENT_2025_vs_2026,coherence,398,0.8223140495867769,0.17148760330578516,154,0.3181818181818182,0.0537190082644628
EVENT_2025_vs_2026,expansion,326,0.6735537190082644,0.022727272727272707,132,0.2727272727272727,0.008264462809917328
EVENT_2025_vs_2026,persistence,378,0.78099173553719,0.1301652892561983,220,0.45454545454545453,0.19008264462809915
EVENT_2025JS_vs_2026,state,309,0.6384297520661157,0.15495867768595045,90,0.1859504132231405,0.01652892561983471
EVENT_2025JS_vs_2026,session,373,0.7706611570247934,0.28719008264462814,102,0.21074380165289255,0.04132231404958678
EVENT_2025JS_vs_2026,coherence,356,0.7355371900826446,0.25206611570247933,99,0.20454545454545456,0.03512396694214878
EVENT_2025JS_vs_2026,expansion,248,0.512396694214876,0.028925619834710703,83,0.17148760330578514,0.0020661157024793597
EVENT_2025JS_vs_2026,persistence,335,0.6921487603305785,0.2086776859504132,162,0.3347107438016529,0.1652892561983471
EVENT_2023_2024_vs_2026,state,197,0.40702479338842973,0.15289256198347106,32,0.06611570247933884,0.012396694214876033
EVENT_2023_2024_vs_2026,session,250,0.5165289256198347,0.262396694214876,40,0.08264462809917356,0.028925619834710745
EVENT_2023_2024_vs_2026,coherence,228,0.47107438016528924,0.21694214876033058,33,0.06818181818181818,0.014462809917355365
EVENT_2023_2024_vs_2026,expansion,126,0.2603305785123967,0.006198347107438051,29,0.05991735537190083,0.006198347107438017
EVENT_2023_2024_vs_2026,persistence,340,0.7024793388429752,0.44834710743801653,201,0.4152892561983471,0.3615702479338843
