contrast,stage,donor_n,target_n,feasible_targets,feasible_target_coverage,greedy_matched,greedy_target_coverage,maximum_cardinality_matched,maximum_target_coverage,greedy_shortfall_vs_max,greedy_shortfall_pp,unavoidable_unmatched_given_network,unavoidable_unmatched_fraction
PRIMARY_2025_vs_2026,G,122,105,102,0.9714285714285714,82,0.780952380952381,91,0.8666666666666667,9,0.08571428571428572,14,0.13333333333333333
PRIMARY_2025_vs_2026,FULL,122,105,30,0.2857142857142857,18,0.17142857142857143,20,0.19047619047619047,2,0.01904761904761905,85,0.8095238095238095
SEASONAL_2025JS_vs_2026,G,97,105,100,0.9523809523809523,60,0.5714285714285714,66,0.6285714285714286,6,0.05714285714285714,39,0.37142857142857144
SEASONAL_2025JS_vs_2026,FULL,97,105,24,0.22857142857142856,12,0.11428571428571428,13,0.12380952380952381,1,0.009523809523809525,92,0.8761904761904762
HIST_2023_2024_vs_2026,G,289,105,103,0.9809523809523809,85,0.8095238095238095,103,0.9809523809523809,18,0.17142857142857143,2,0.01904761904761905
HIST_2023_2024_vs_2026,FULL,289,105,5,0.047619047619047616,2,0.01904761904761905,2,0.01904761904761905,0,0.0,103,0.9809523809523809
EVENT_2025_vs_2026,G,526,484,479,0.9896694214876033,340,0.7024793388429752,412,0.8512396694214877,72,0.1487603305785124,72,0.1487603305785124
EVENT_2025_vs_2026,FULL,526,484,315,0.6508264462809917,128,0.2644628099173554,134,0.2768595041322314,6,0.012396694214876033,350,0.7231404958677686
EVENT_2025JS_vs_2026,G,431,484,477,0.9855371900826446,268,0.5537190082644629,322,0.6652892561983471,54,0.1115702479338843,162,0.3347107438016529
EVENT_2025JS_vs_2026,FULL,431,484,234,0.4834710743801653,82,0.16942148760330578,85,0.1756198347107438,3,0.006198347107438017,399,0.8243801652892562
EVENT_2023_2024_vs_2026,G,1232,484,481,0.993801652892562,396,0.8181818181818182,481,0.993801652892562,85,0.1756198347107438,3,0.006198347107438017
EVENT_2023_2024_vs_2026,FULL,1232,484,123,0.25413223140495866,26,0.05371900826446281,27,0.05578512396694215,1,0.002066115702479339,457,0.9442148760330579
