contrast,dimension,feasibility_loss_pp,feasibility_share_of_total,greedy_loss_pp,greedy_share_of_total
PRIMARY_2025_vs_2026,state,0.1461904761904762,0.21319444444444446,0.10222222222222221,0.1677083333333333
PRIMARY_2025_vs_2026,session,0.2604761904761905,0.3798611111111111,0.11730158730158731,0.19244791666666666
PRIMARY_2025_vs_2026,coherence,0.1573015873015873,0.22939814814814816,0.1053968253968254,0.17291666666666666
PRIMARY_2025_vs_2026,expansion,0.023174603174603195,0.033796296296296324,0.0411111111111111,0.06744791666666664
PRIMARY_2025_vs_2026,persistence,0.09857142857142856,0.14375,0.24349206349206348,0.3994791666666666
SEASONAL_2025JS_vs_2026,state,0.12444444444444441,0.17192982456140346,0.05809523809523809,0.12708333333333333
SEASONAL_2025JS_vs_2026,session,0.2649206349206349,0.3660087719298245,0.07476190476190477,0.16354166666666667
SEASONAL_2025JS_vs_2026,coherence,0.18714285714285717,0.2585526315789474,0.07079365079365078,0.1548611111111111
SEASONAL_2025JS_vs_2026,expansion,0.02126984126984127,0.0293859649122807,0.031111111111111103,0.06805555555555554
SEASONAL_2025JS_vs_2026,persistence,0.126031746031746,0.17412280701754382,0.2223809523809524,0.4864583333333334
HIST_2023_2024_vs_2026,state,0.13460317460317459,0.1442176870748299,0.06571428571428571,0.08313253012048193
HIST_2023_2024_vs_2026,session,0.2679365079365079,0.28707482993197275,0.10460317460317461,0.13232931726907632
HIST_2023_2024_vs_2026,coherence,0.13698412698412696,0.14676870748299317,0.07365079365079366,0.09317269076305222
HIST_2023_2024_vs_2026,expansion,0.04015873015873016,0.04302721088435374,0.09190476190476189,0.11626506024096385
HIST_2023_2024_vs_2026,persistence,0.3536507936507936,0.3789115646258503,0.4546031746031746,0.5751004016064257
EVENT_2025_vs_2026,state,0.07517217630853992,0.22184959349593492,0.03539944903581267,0.08081761006289308
EVENT_2025_vs_2026,session,0.10358126721763083,0.3056910569105691,0.05433884297520661,0.1240566037735849
EVENT_2025_vs_2026,coherence,0.08360881542699729,0.24674796747967492,0.04263085399449036,0.09732704402515724
EVENT_2025_vs_2026,expansion,0.01267217630853994,0.037398373983739824,0.043663911845730034,0.09968553459119499
EVENT_2025_vs_2026,persistence,0.06380853994490357,0.18831300813008128,0.26198347107438014,0.5981132075471698
EVENT_2025JS_vs_2026,state,0.09483471074380165,0.1888888888888889,0.02448347107438016,0.06370967741935482
EVENT_2025JS_vs_2026,session,0.1490702479338843,0.2969135802469136,0.04652203856749314,0.12105734767025095
EVENT_2025JS_vs_2026,coherence,0.1290977961432507,0.2571330589849109,0.03188705234159781,0.08297491039426526
EVENT_2025JS_vs_2026,expansion,0.017527548209366372,0.03491083676268858,0.038429752066115715,0.10000000000000002
EVENT_2025JS_vs_2026,persistence,0.11153581267217628,0.22215363511659805,0.24297520661157032,0.6322580645161291
EVENT_2023_2024_vs_2026,state,0.12269283746556472,0.16587523277467411,0.027272727272727285,0.03567567567567569
EVENT_2023_2024_vs_2026,session,0.16849173553719007,0.22779329608938548,0.0684228650137741,0.0895045045045045
EVENT_2023_2024_vs_2026,coherence,0.13388429752066117,0.1810055865921788,0.02314049586776862,0.030270270270270305
EVENT_2023_2024_vs_2026,expansion,0.01869834710743802,0.025279329608938556,0.0928719008264463,0.12148648648648651
EVENT_2023_2024_vs_2026,persistence,0.2959022038567493,0.4000465549348231,0.5527548209366392,0.7230630630630631
