sample,period,state_id,session,count,proportion
PRIMARY_2025_vs_2026,DONOR,0,S0,7,0.05737704918032787
PRIMARY_2025_vs_2026,DONOR,0,S1,21,0.1721311475409836
PRIMARY_2025_vs_2026,DONOR,0,S2,26,0.21311475409836064
PRIMARY_2025_vs_2026,DONOR,0,S3,9,0.07377049180327869
PRIMARY_2025_vs_2026,DONOR,4,S0,5,0.040983606557377046
PRIMARY_2025_vs_2026,DONOR,4,S1,6,0.04918032786885246
PRIMARY_2025_vs_2026,DONOR,4,S2,9,0.07377049180327869
PRIMARY_2025_vs_2026,DONOR,4,S3,1,0.00819672131147541
PRIMARY_2025_vs_2026,DONOR,5,S0,4,0.03278688524590164
PRIMARY_2025_vs_2026,DONOR,5,S1,11,0.09016393442622951
PRIMARY_2025_vs_2026,DONOR,5,S2,19,0.1557377049180328
PRIMARY_2025_vs_2026,DONOR,5,S3,4,0.03278688524590164
PRIMARY_2025_vs_2026,TARGET,0,S0,15,0.14285714285714285
PRIMARY_2025_vs_2026,TARGET,0,S1,18,0.17142857142857143
PRIMARY_2025_vs_2026,TARGET,0,S2,14,0.13333333333333333
PRIMARY_2025_vs_2026,TARGET,0,S3,13,0.12380952380952381
PRIMARY_2025_vs_2026,TARGET,4,S0,4,0.0380952380952381
PRIMARY_2025_vs_2026,TARGET,4,S1,6,0.05714285714285714
PRIMARY_2025_vs_2026,TARGET,4,S2,6,0.05714285714285714
PRIMARY_2025_vs_2026,TARGET,4,S3,4,0.0380952380952381
PRIMARY_2025_vs_2026,TARGET,5,S0,3,0.02857142857142857
PRIMARY_2025_vs_2026,TARGET,5,S1,2,0.01904761904761905
PRIMARY_2025_vs_2026,TARGET,5,S2,15,0.14285714285714285
PRIMARY_2025_vs_2026,TARGET,5,S3,5,0.047619047619047616
SEASONAL_2025JS_vs_2026,DONOR,0,S0,7,0.07216494845360824
SEASONAL_2025JS_vs_2026,DONOR,0,S1,15,0.15463917525773196
SEASONAL_2025JS_vs_2026,DONOR,0,S2,22,0.2268041237113402
SEASONAL_2025JS_vs_2026,DONOR,0,S3,7,0.07216494845360824
SEASONAL_2025JS_vs_2026,DONOR,4,S0,5,0.05154639175257732
SEASONAL_2025JS_vs_2026,DONOR,4,S1,6,0.061855670103092786
SEASONAL_2025JS_vs_2026,DONOR,4,S2,7,0.07216494845360824
SEASONAL_2025JS_vs_2026,DONOR,4,S3,1,0.010309278350515464
SEASONAL_2025JS_vs_2026,DONOR,5,S0,1,0.010309278350515464
SEASONAL_2025JS_vs_2026,DONOR,5,S1,9,0.09278350515463918
SEASONAL_2025JS_vs_2026,DONOR,5,S2,14,0.14432989690721648
SEASONAL_2025JS_vs_2026,DONOR,5,S3,3,0.030927835051546393
SEASONAL_2025JS_vs_2026,TARGET,0,S0,15,0.14285714285714285
SEASONAL_2025JS_vs_2026,TARGET,0,S1,18,0.17142857142857143
SEASONAL_2025JS_vs_2026,TARGET,0,S2,14,0.13333333333333333
SEASONAL_2025JS_vs_2026,TARGET,0,S3,13,0.12380952380952381
SEASONAL_2025JS_vs_2026,TARGET,4,S0,4,0.0380952380952381
SEASONAL_2025JS_vs_2026,TARGET,4,S1,6,0.05714285714285714
SEASONAL_2025JS_vs_2026,TARGET,4,S2,6,0.05714285714285714
SEASONAL_2025JS_vs_2026,TARGET,4,S3,4,0.0380952380952381
SEASONAL_2025JS_vs_2026,TARGET,5,S0,3,0.02857142857142857
SEASONAL_2025JS_vs_2026,TARGET,5,S1,2,0.01904761904761905
SEASONAL_2025JS_vs_2026,TARGET,5,S2,15,0.14285714285714285
SEASONAL_2025JS_vs_2026,TARGET,5,S3,5,0.047619047619047616
HIST_2023_2024_vs_2026,DONOR,0,S0,21,0.0726643598615917
HIST_2023_2024_vs_2026,DONOR,0,S1,54,0.18685121107266436
HIST_2023_2024_vs_2026,DONOR,0,S2,72,0.2491349480968858
HIST_2023_2024_vs_2026,DONOR,0,S3,13,0.04498269896193772
HIST_2023_2024_vs_2026,DONOR,4,S0,5,0.01730103806228374
HIST_2023_2024_vs_2026,DONOR,4,S1,14,0.04844290657439446
HIST_2023_2024_vs_2026,DONOR,4,S2,27,0.09342560553633218
HIST_2023_2024_vs_2026,DONOR,4,S3,3,0.010380622837370242
HIST_2023_2024_vs_2026,DONOR,5,S0,10,0.03460207612456748
HIST_2023_2024_vs_2026,DONOR,5,S1,27,0.09342560553633218
HIST_2023_2024_vs_2026,DONOR,5,S2,39,0.13494809688581316
HIST_2023_2024_vs_2026,DONOR,5,S3,4,0.01384083044982699
HIST_2023_2024_vs_2026,TARGET,0,S0,15,0.14285714285714285
HIST_2023_2024_vs_2026,TARGET,0,S1,18,0.17142857142857143
HIST_2023_2024_vs_2026,TARGET,0,S2,14,0.13333333333333333
HIST_2023_2024_vs_2026,TARGET,0,S3,13,0.12380952380952381
HIST_2023_2024_vs_2026,TARGET,4,S0,4,0.0380952380952381
HIST_2023_2024_vs_2026,TARGET,4,S1,6,0.05714285714285714
HIST_2023_2024_vs_2026,TARGET,4,S2,6,0.05714285714285714
HIST_2023_2024_vs_2026,TARGET,4,S3,4,0.0380952380952381
HIST_2023_2024_vs_2026,TARGET,5,S0,3,0.02857142857142857
HIST_2023_2024_vs_2026,TARGET,5,S1,2,0.01904761904761905
HIST_2023_2024_vs_2026,TARGET,5,S2,15,0.14285714285714285
HIST_2023_2024_vs_2026,TARGET,5,S3,5,0.047619047619047616
EVENT_2025_vs_2026,DONOR,0,S0,61,0.11596958174904944
EVENT_2025_vs_2026,DONOR,0,S1,106,0.20152091254752852
EVENT_2025_vs_2026,DONOR,0,S2,103,0.1958174904942966
EVENT_2025_vs_2026,DONOR,0,S3,37,0.07034220532319392
EVENT_2025_vs_2026,DONOR,4,S0,22,0.04182509505703422
EVENT_2025_vs_2026,DONOR,4,S1,32,0.060836501901140684
EVENT_2025_vs_2026,DONOR,4,S2,29,0.055133079847908745
EVENT_2025_vs_2026,DONOR,4,S3,12,0.022813688212927757
EVENT_2025_vs_2026,DONOR,5,S0,26,0.049429657794676805
EVENT_2025_vs_2026,DONOR,5,S1,34,0.06463878326996197
EVENT_2025_vs_2026,DONOR,5,S2,54,0.10266159695817491
EVENT_2025_vs_2026,DONOR,5,S3,10,0.019011406844106463
EVENT_2025_vs_2026,TARGET,0,S0,86,0.17768595041322313
EVENT_2025_vs_2026,TARGET,0,S1,106,0.2190082644628099
EVENT_2025_vs_2026,TARGET,0,S2,73,0.15082644628099173
EVENT_2025_vs_2026,TARGET,0,S3,47,0.09710743801652892
EVENT_2025_vs_2026,TARGET,4,S0,19,0.03925619834710744
EVENT_2025_vs_2026,TARGET,4,S1,23,0.047520661157024795
EVENT_2025_vs_2026,TARGET,4,S2,25,0.05165289256198347
EVENT_2025_vs_2026,TARGET,4,S3,12,0.024793388429752067
EVENT_2025_vs_2026,TARGET,5,S0,17,0.03512396694214876
EVENT_2025_vs_2026,TARGET,5,S1,12,0.024793388429752067
EVENT_2025_vs_2026,TARGET,5,S2,49,0.1012396694214876
EVENT_2025_vs_2026,TARGET,5,S3,15,0.030991735537190084
EVENT_2025JS_vs_2026,DONOR,0,S0,57,0.13225058004640372
EVENT_2025JS_vs_2026,DONOR,0,S1,87,0.20185614849187936
EVENT_2025JS_vs_2026,DONOR,0,S2,85,0.19721577726218098
EVENT_2025JS_vs_2026,DONOR,0,S3,31,0.07192575406032482
EVENT_2025JS_vs_2026,DONOR,4,S0,18,0.04176334106728538
EVENT_2025JS_vs_2026,DONOR,4,S1,26,0.060324825986078884
EVENT_2025JS_vs_2026,DONOR,4,S2,25,0.058004640371229696
EVENT_2025JS_vs_2026,DONOR,4,S3,12,0.027842227378190254
EVENT_2025JS_vs_2026,DONOR,5,S0,15,0.03480278422273782
EVENT_2025JS_vs_2026,DONOR,5,S1,26,0.060324825986078884
EVENT_2025JS_vs_2026,DONOR,5,S2,40,0.09280742459396751
EVENT_2025JS_vs_2026,DONOR,5,S3,9,0.02088167053364269
EVENT_2025JS_vs_2026,TARGET,0,S0,86,0.17768595041322313
EVENT_2025JS_vs_2026,TARGET,0,S1,106,0.2190082644628099
EVENT_2025JS_vs_2026,TARGET,0,S2,73,0.15082644628099173
EVENT_2025JS_vs_2026,TARGET,0,S3,47,0.09710743801652892
EVENT_2025JS_vs_2026,TARGET,4,S0,19,0.03925619834710744
EVENT_2025JS_vs_2026,TARGET,4,S1,23,0.047520661157024795
EVENT_2025JS_vs_2026,TARGET,4,S2,25,0.05165289256198347
EVENT_2025JS_vs_2026,TARGET,4,S3,12,0.024793388429752067
EVENT_2025JS_vs_2026,TARGET,5,S0,17,0.03512396694214876
EVENT_2025JS_vs_2026,TARGET,5,S1,12,0.024793388429752067
EVENT_2025JS_vs_2026,TARGET,5,S2,49,0.1012396694214876
EVENT_2025JS_vs_2026,TARGET,5,S3,15,0.030991735537190084
EVENT_2023_2024_vs_2026,DONOR,0,S0,113,0.09172077922077922
EVENT_2023_2024_vs_2026,DONOR,0,S1,220,0.17857142857142858
EVENT_2023_2024_vs_2026,DONOR,0,S2,302,0.24512987012987014
EVENT_2023_2024_vs_2026,DONOR,0,S3,101,0.08198051948051949
EVENT_2023_2024_vs_2026,DONOR,4,S0,39,0.03165584415584415
EVENT_2023_2024_vs_2026,DONOR,4,S1,73,0.05925324675324675
EVENT_2023_2024_vs_2026,DONOR,4,S2,85,0.0689935064935065
EVENT_2023_2024_vs_2026,DONOR,4,S3,15,0.012175324675324676
EVENT_2023_2024_vs_2026,DONOR,5,S0,40,0.032467532467532464
EVENT_2023_2024_vs_2026,DONOR,5,S1,95,0.07711038961038962
EVENT_2023_2024_vs_2026,DONOR,5,S2,129,0.10470779220779221
EVENT_2023_2024_vs_2026,DONOR,5,S3,20,0.016233766233766232
EVENT_2023_2024_vs_2026,TARGET,0,S0,86,0.17768595041322313
EVENT_2023_2024_vs_2026,TARGET,0,S1,106,0.2190082644628099
EVENT_2023_2024_vs_2026,TARGET,0,S2,73,0.15082644628099173
EVENT_2023_2024_vs_2026,TARGET,0,S3,47,0.09710743801652892
EVENT_2023_2024_vs_2026,TARGET,4,S0,19,0.03925619834710744
EVENT_2023_2024_vs_2026,TARGET,4,S1,23,0.047520661157024795
EVENT_2023_2024_vs_2026,TARGET,4,S2,25,0.05165289256198347
EVENT_2023_2024_vs_2026,TARGET,4,S3,12,0.024793388429752067
EVENT_2023_2024_vs_2026,TARGET,5,S0,17,0.03512396694214876
EVENT_2023_2024_vs_2026,TARGET,5,S1,12,0.024793388429752067
EVENT_2023_2024_vs_2026,TARGET,5,S2,49,0.1012396694214876
EVENT_2023_2024_vs_2026,TARGET,5,S3,15,0.030991735537190084
