contrast,first_no_support_stage,state_id,session_bucket_utc,target_count
EVENT_2023_2024_vs_2026,G,0,S3,1
EVENT_2023_2024_vs_2026,G,4,S2,1
EVENT_2023_2024_vs_2026,G,4,S3,1
EVENT_2023_2024_vs_2026,G+S,4,S0,2
EVENT_2023_2024_vs_2026,G+S,4,S1,1
EVENT_2023_2024_vs_2026,G+S,4,S3,1
EVENT_2023_2024_vs_2026,G+S,5,S2,3
EVENT_2023_2024_vs_2026,G+S,5,S3,1
EVENT_2023_2024_vs_2026,G+S+J,0,S0,5
EVENT_2023_2024_vs_2026,G+S+J,0,S1,2
EVENT_2023_2024_vs_2026,G+S+J,0,S2,1
EVENT_2023_2024_vs_2026,G+S+J,0,S3,6
EVENT_2023_2024_vs_2026,G+S+J,4,S0,3
EVENT_2023_2024_vs_2026,G+S+J,4,S1,3
EVENT_2023_2024_vs_2026,G+S+J,4,S2,1
EVENT_2023_2024_vs_2026,G+S+J,4,S3,5
EVENT_2023_2024_vs_2026,G+S+J,5,S0,1
EVENT_2023_2024_vs_2026,G+S+J,5,S1,2
EVENT_2023_2024_vs_2026,G+S+J,5,S2,1
EVENT_2023_2024_vs_2026,G+S+J,5,S3,5
EVENT_2023_2024_vs_2026,G+S+J+C,0,S0,9
EVENT_2023_2024_vs_2026,G+S+J+C,0,S1,6
EVENT_2023_2024_vs_2026,G+S+J+C,0,S2,3
EVENT_2023_2024_vs_2026,G+S+J+C,0,S3,6
EVENT_2023_2024_vs_2026,G+S+J+C,4,S0,6
EVENT_2023_2024_vs_2026,G+S+J+C,4,S1,5
EVENT_2023_2024_vs_2026,G+S+J+C,4,S2,4
EVENT_2023_2024_vs_2026,G+S+J+C,4,S3,3
EVENT_2023_2024_vs_2026,G+S+J+C,5,S0,3
EVENT_2023_2024_vs_2026,G+S+J+C,5,S1,5
EVENT_2023_2024_vs_2026,G+S+J+C,5,S2,3
EVENT_2023_2024_vs_2026,G+S+J+C,5,S3,5
EVENT_2023_2024_vs_2026,G+S+J+C+E,0,S0,2
EVENT_2023_2024_vs_2026,G+S+J+C+E,0,S1,8
EVENT_2023_2024_vs_2026,G+S+J+C+E,0,S2,8
EVENT_2023_2024_vs_2026,G+S+J+C+E,0,S3,3
EVENT_2023_2024_vs_2026,G+S+J+C+E,4,S0,4
EVENT_2023_2024_vs_2026,G+S+J+C+E,4,S1,2
EVENT_2023_2024_vs_2026,G+S+J+C+E,4,S2,5
EVENT_2023_2024_vs_2026,G+S+J+C+E,4,S3,2
EVENT_2023_2024_vs_2026,G+S+J+C+E,5,S0,2
EVENT_2023_2024_vs_2026,G+S+J+C+E,5,S1,2
EVENT_2023_2024_vs_2026,G+S+J+C+E,5,S2,1
EVENT_2023_2024_vs_2026,G+S+J+C+E,5,S3,1
EVENT_2023_2024_vs_2026,G+S+J+C+E+P,0,S0,44
EVENT_2023_2024_vs_2026,G+S+J+C+E+P,0,S1,55
EVENT_2023_2024_vs_2026,G+S+J+C+E+P,0,S2,24
EVENT_2023_2024_vs_2026,G+S+J+C+E+P,0,S3,27
EVENT_2023_2024_vs_2026,G+S+J+C+E+P,4,S0,3
EVENT_2023_2024_vs_2026,G+S+J+C+E+P,4,S1,9
EVENT_2023_2024_vs_2026,G+S+J+C+E+P,4,S2,14
EVENT_2023_2024_vs_2026,G+S+J+C+E+P,5,S0,9
EVENT_2023_2024_vs_2026,G+S+J+C+E+P,5,S1,2
EVENT_2023_2024_vs_2026,G+S+J+C+E+P,5,S2,27
EVENT_2023_2024_vs_2026,G+S+J+C+E+P,5,S3,3
EVENT_2023_2024_vs_2026,SURVIVES_FULL,0,S0,26
EVENT_2023_2024_vs_2026,SURVIVES_FULL,0,S1,35
EVENT_2023_2024_vs_2026,SURVIVES_FULL,0,S2,37
EVENT_2023_2024_vs_2026,SURVIVES_FULL,0,S3,4
EVENT_2023_2024_vs_2026,SURVIVES_FULL,4,S0,1
EVENT_2023_2024_vs_2026,SURVIVES_FULL,4,S1,3
EVENT_2023_2024_vs_2026,SURVIVES_FULL,5,S0,2
EVENT_2023_2024_vs_2026,SURVIVES_FULL,5,S1,1
EVENT_2023_2024_vs_2026,SURVIVES_FULL,5,S2,14
EVENT_2025JS_vs_2026,G,0,S2,2
EVENT_2025JS_vs_2026,G,0,S3,1
EVENT_2025JS_vs_2026,G,4,S2,1
EVENT_2025JS_vs_2026,G,4,S3,1
EVENT_2025JS_vs_2026,G,5,S2,2
EVENT_2025JS_vs_2026,G+S,0,S0,1
EVENT_2025JS_vs_2026,G+S,4,S0,3
EVENT_2025JS_vs_2026,G+S,4,S1,2
EVENT_2025JS_vs_2026,G+S,4,S3,1
EVENT_2025JS_vs_2026,G+S,5,S0,1
EVENT_2025JS_vs_2026,G+S,5,S2,5
EVENT_2025JS_vs_2026,G+S,5,S3,2
EVENT_2025JS_vs_2026,G+S+J,0,S0,4
EVENT_2025JS_vs_2026,G+S+J,0,S3,3
EVENT_2025JS_vs_2026,G+S+J,4,S0,1
EVENT_2025JS_vs_2026,G+S+J,4,S1,3
EVENT_2025JS_vs_2026,G+S+J,4,S2,1
EVENT_2025JS_vs_2026,G+S+J,4,S3,3
EVENT_2025JS_vs_2026,G+S+J,5,S0,2
EVENT_2025JS_vs_2026,G+S+J,5,S1,2
EVENT_2025JS_vs_2026,G+S+J,5,S3,8
EVENT_2025JS_vs_2026,G+S+J+C,0,S0,13
EVENT_2025JS_vs_2026,G+S+J+C,0,S1,6
EVENT_2025JS_vs_2026,G+S+J+C,0,S2,11
EVENT_2025JS_vs_2026,G+S+J+C,0,S3,12
EVENT_2025JS_vs_2026,G+S+J+C,4,S0,4
EVENT_2025JS_vs_2026,G+S+J+C,4,S1,8
EVENT_2025JS_vs_2026,G+S+J+C,4,S2,7
EVENT_2025JS_vs_2026,G+S+J+C,4,S3,5
EVENT_2025JS_vs_2026,G+S+J+C,5,S0,5
EVENT_2025JS_vs_2026,G+S+J+C,5,S1,2
EVENT_2025JS_vs_2026,G+S+J+C,5,S2,7
EVENT_2025JS_vs_2026,G+S+J+C,5,S3,1
EVENT_2025JS_vs_2026,G+S+J+C+E,0,S0,2
EVENT_2025JS_vs_2026,G+S+J+C+E,0,S1,2
EVENT_2025JS_vs_2026,G+S+J+C+E,0,S2,3
EVENT_2025JS_vs_2026,G+S+J+C+E,0,S3,1
EVENT_2025JS_vs_2026,G+S+J+C+E,4,S1,1
EVENT_2025JS_vs_2026,G+S+J+C+E,4,S2,1
EVENT_2025JS_vs_2026,G+S+J+C+E,5,S0,4
EVENT_2025JS_vs_2026,G+S+J+C+E,5,S1,2
EVENT_2025JS_vs_2026,G+S+J+C+E,5,S2,1
EVENT_2025JS_vs_2026,G+S+J+C+E,5,S3,2
EVENT_2025JS_vs_2026,G+S+J+C+E+P,0,S0,19
EVENT_2025JS_vs_2026,G+S+J+C+E+P,0,S1,34
EVENT_2025JS_vs_2026,G+S+J+C+E+P,0,S2,6
EVENT_2025JS_vs_2026,G+S+J+C+E+P,0,S3,5
EVENT_2025JS_vs_2026,G+S+J+C+E+P,4,S0,10
EVENT_2025JS_vs_2026,G+S+J+C+E+P,4,S1,7
EVENT_2025JS_vs_2026,G+S+J+C+E+P,4,S2,4
EVENT_2025JS_vs_2026,G+S+J+C+E+P,4,S3,2
EVENT_2025JS_vs_2026,G+S+J+C+E+P,5,S0,2
EVENT_2025JS_vs_2026,G+S+J+C+E+P,5,S1,2
EVENT_2025JS_vs_2026,G+S+J+C+E+P,5,S2,10
EVENT_2025JS_vs_2026,SURVIVES_FULL,0,S0,47
EVENT_2025JS_vs_2026,SURVIVES_FULL,0,S1,64
EVENT_2025JS_vs_2026,SURVIVES_FULL,0,S2,51
EVENT_2025JS_vs_2026,SURVIVES_FULL,0,S3,25
EVENT_2025JS_vs_2026,SURVIVES_FULL,4,S0,1
EVENT_2025JS_vs_2026,SURVIVES_FULL,4,S1,2
EVENT_2025JS_vs_2026,SURVIVES_FULL,4,S2,11
EVENT_2025JS_vs_2026,SURVIVES_FULL,5,S0,3
EVENT_2025JS_vs_2026,SURVIVES_FULL,5,S1,4
EVENT_2025JS_vs_2026,SURVIVES_FULL,5,S2,24
EVENT_2025JS_vs_2026,SURVIVES_FULL,5,S3,2
EVENT_2025_vs_2026,G,0,S3,1
EVENT_2025_vs_2026,G,4,S2,1
EVENT_2025_vs_2026,G,4,S3,1
EVENT_2025_vs_2026,G,5,S2,2
EVENT_2025_vs_2026,G+S,0,S0,1
EVENT_2025_vs_2026,G+S,0,S2,1
EVENT_2025_vs_2026,G+S,4,S0,1
EVENT_2025_vs_2026,G+S,4,S1,1
EVENT_2025_vs_2026,G+S,5,S2,3
EVENT_2025_vs_2026,G+S,5,S3,1
EVENT_2025_vs_2026,G+S+J,0,S0,2
EVENT_2025_vs_2026,G+S+J,0,S2,1
EVENT_2025_vs_2026,G+S+J,0,S3,2
EVENT_2025_vs_2026,G+S+J,4,S1,1
EVENT_2025_vs_2026,G+S+J,4,S2,1
EVENT_2025_vs_2026,G+S+J,4,S3,4
EVENT_2025_vs_2026,G+S+J,5,S1,1
EVENT_2025_vs_2026,G+S+J,5,S3,9
EVENT_2025_vs_2026,G+S+J+C,0,S0,10
EVENT_2025_vs_2026,G+S+J+C,0,S1,4
EVENT_2025_vs_2026,G+S+J+C,0,S2,6
EVENT_2025_vs_2026,G+S+J+C,0,S3,9
EVENT_2025_vs_2026,G+S+J+C,4,S0,5
EVENT_2025_vs_2026,G+S+J+C,4,S1,3
EVENT_2025_vs_2026,G+S+J+C,4,S2,5
EVENT_2025_vs_2026,G+S+J+C,4,S3,5
EVENT_2025_vs_2026,G+S+J+C,5,S0,3
EVENT_2025_vs_2026,G+S+J+C,5,S1,1
EVENT_2025_vs_2026,G+S+J+C,5,S2,5
EVENT_2025_vs_2026,G+S+J+C,5,S3,1
EVENT_2025_vs_2026,G+S+J+C+E,0,S1,1
EVENT_2025_vs_2026,G+S+J+C+E,0,S2,1
EVENT_2025_vs_2026,G+S+J+C+E,0,S3,1
EVENT_2025_vs_2026,G+S+J+C+E,4,S1,3
EVENT_2025_vs_2026,G+S+J+C+E,4,S2,2
EVENT_2025_vs_2026,G+S+J+C+E,5,S0,2
EVENT_2025_vs_2026,G+S+J+C+E,5,S1,2
EVENT_2025_vs_2026,G+S+J+C+E,5,S2,2
EVENT_2025_vs_2026,G+S+J+C+E,5,S3,1
EVENT_2025_vs_2026,G+S+J+C+E+P,0,S0,17
EVENT_2025_vs_2026,G+S+J+C+E+P,0,S1,9
EVENT_2025_vs_2026,G+S+J+C+E+P,0,S2,6
EVENT_2025_vs_2026,G+S+J+C+E+P,0,S3,2
EVENT_2025_vs_2026,G+S+J+C+E+P,4,S0,2
EVENT_2025_vs_2026,G+S+J+C+E+P,4,S1,7
EVENT_2025_vs_2026,G+S+J+C+E+P,4,S2,4
EVENT_2025_vs_2026,G+S+J+C+E+P,4,S3,2
EVENT_2025_vs_2026,G+S+J+C+E+P,5,S0,3
EVENT_2025_vs_2026,G+S+J+C+E+P,5,S1,3
EVENT_2025_vs_2026,G+S+J+C+E+P,5,S2,8
EVENT_2025_vs_2026,SURVIVES_FULL,0,S0,56
EVENT_2025_vs_2026,SURVIVES_FULL,0,S1,92
EVENT_2025_vs_2026,SURVIVES_FULL,0,S2,58
EVENT_2025_vs_2026,SURVIVES_FULL,0,S3,32
EVENT_2025_vs_2026,SURVIVES_FULL,4,S0,11
EVENT_2025_vs_2026,SURVIVES_FULL,4,S1,8
EVENT_2025_vs_2026,SURVIVES_FULL,4,S2,12
EVENT_2025_vs_2026,SURVIVES_FULL,5,S0,9
EVENT_2025_vs_2026,SURVIVES_FULL,5,S1,5
EVENT_2025_vs_2026,SURVIVES_FULL,5,S2,29
EVENT_2025_vs_2026,SURVIVES_FULL,5,S3,3
HIST_2023_2024_vs_2026,G,5,S2,2
HIST_2023_2024_vs_2026,G+S,4,S0,1
HIST_2023_2024_vs_2026,G+S,4,S3,1
HIST_2023_2024_vs_2026,G+S,5,S2,1
HIST_2023_2024_vs_2026,G+S+J,0,S0,7
HIST_2023_2024_vs_2026,G+S+J,0,S1,2
HIST_2023_2024_vs_2026,G+S+J,0,S2,1
HIST_2023_2024_vs_2026,G+S+J,0,S3,5
HIST_2023_2024_vs_2026,G+S+J,4,S0,3
HIST_2023_2024_vs_2026,G+S+J,4,S1,4
HIST_2023_2024_vs_2026,G+S+J,4,S3,2
HIST_2023_2024_vs_2026,G+S+J,5,S0,1
HIST_2023_2024_vs_2026,G+S+J,5,S1,1
HIST_2023_2024_vs_2026,G+S+J,5,S3,3
HIST_2023_2024_vs_2026,G+S+J+C,0,S0,2
HIST_2023_2024_vs_2026,G+S+J+C,0,S1,4
HIST_2023_2024_vs_2026,G+S+J+C,0,S2,1
HIST_2023_2024_vs_2026,G+S+J+C,0,S3,3
HIST_2023_2024_vs_2026,G+S+J+C,4,S2,3
HIST_2023_2024_vs_2026,G+S+J+C,4,S3,1
HIST_2023_2024_vs_2026,G+S+J+C,5,S0,2
HIST_2023_2024_vs_2026,G+S+J+C,5,S1,1
HIST_2023_2024_vs_2026,G+S+J+C,5,S2,2
HIST_2023_2024_vs_2026,G+S+J+C,5,S3,1
HIST_2023_2024_vs_2026,G+S+J+C+E,0,S0,2
HIST_2023_2024_vs_2026,G+S+J+C+E,0,S1,4
HIST_2023_2024_vs_2026,G+S+J+C+E,0,S2,6
HIST_2023_2024_vs_2026,G+S+J+C+E,4,S1,1
HIST_2023_2024_vs_2026,G+S+J+C+E,4,S2,2
HIST_2023_2024_vs_2026,G+S+J+C+E,5,S2,1
HIST_2023_2024_vs_2026,G+S+J+C+E,5,S3,1
HIST_2023_2024_vs_2026,G+S+J+C+E+P,0,S0,4
HIST_2023_2024_vs_2026,G+S+J+C+E+P,0,S1,8
HIST_2023_2024_vs_2026,G+S+J+C+E+P,0,S2,2
HIST_2023_2024_vs_2026,G+S+J+C+E+P,0,S3,5
HIST_2023_2024_vs_2026,G+S+J+C+E+P,4,S2,1
HIST_2023_2024_vs_2026,G+S+J+C+E+P,5,S2,9
HIST_2023_2024_vs_2026,SURVIVES_FULL,0,S2,4
HIST_2023_2024_vs_2026,SURVIVES_FULL,4,S1,1
PRIMARY_2025_vs_2026,G,0,S2,1
PRIMARY_2025_vs_2026,G,0,S3,1
PRIMARY_2025_vs_2026,G,5,S2,1
PRIMARY_2025_vs_2026,G+S,4,S2,1
PRIMARY_2025_vs_2026,G+S,4,S3,1
PRIMARY_2025_vs_2026,G+S,5,S0,1
PRIMARY_2025_vs_2026,G+S,5,S2,1
PRIMARY_2025_vs_2026,G+S+J,0,S0,3
PRIMARY_2025_vs_2026,G+S+J,0,S3,5
PRIMARY_2025_vs_2026,G+S+J,4,S0,1
PRIMARY_2025_vs_2026,G+S+J,4,S1,5
PRIMARY_2025_vs_2026,G+S+J,4,S3,2
PRIMARY_2025_vs_2026,G+S+J,5,S0,2
PRIMARY_2025_vs_2026,G+S+J,5,S2,1
PRIMARY_2025_vs_2026,G+S+J,5,S3,4
PRIMARY_2025_vs_2026,G+S+J+C,0,S0,8
PRIMARY_2025_vs_2026,G+S+J+C,0,S1,5
PRIMARY_2025_vs_2026,G+S+J+C,0,S2,5
PRIMARY_2025_vs_2026,G+S+J+C,0,S3,5
PRIMARY_2025_vs_2026,G+S+J+C,4,S1,1
PRIMARY_2025_vs_2026,G+S+J+C,4,S2,3
PRIMARY_2025_vs_2026,G+S+J+C,4,S3,1
PRIMARY_2025_vs_2026,G+S+J+C,5,S1,1
PRIMARY_2025_vs_2026,G+S+J+C,5,S2,2
PRIMARY_2025_vs_2026,G+S+J+C,5,S3,1
PRIMARY_2025_vs_2026,G+S+J+C+E,0,S1,1
PRIMARY_2025_vs_2026,G+S+J+C+E,0,S2,1
PRIMARY_2025_vs_2026,G+S+J+C+E,4,S2,1
PRIMARY_2025_vs_2026,G+S+J+C+E,5,S2,1
PRIMARY_2025_vs_2026,G+S+J+C+E+P,0,S2,2
PRIMARY_2025_vs_2026,G+S+J+C+E+P,0,S3,2
PRIMARY_2025_vs_2026,G+S+J+C+E+P,4,S0,2
PRIMARY_2025_vs_2026,G+S+J+C+E+P,5,S2,3
PRIMARY_2025_vs_2026,SURVIVES_FULL,0,S0,4
PRIMARY_2025_vs_2026,SURVIVES_FULL,0,S1,12
PRIMARY_2025_vs_2026,SURVIVES_FULL,0,S2,5
PRIMARY_2025_vs_2026,SURVIVES_FULL,4,S0,1
PRIMARY_2025_vs_2026,SURVIVES_FULL,4,S2,1
PRIMARY_2025_vs_2026,SURVIVES_FULL,5,S1,1
PRIMARY_2025_vs_2026,SURVIVES_FULL,5,S2,6
SEASONAL_2025JS_vs_2026,G,0,S2,1
SEASONAL_2025JS_vs_2026,G,0,S3,1
SEASONAL_2025JS_vs_2026,G,5,S2,2
SEASONAL_2025JS_vs_2026,G,5,S3,1
SEASONAL_2025JS_vs_2026,G+S,4,S2,1
SEASONAL_2025JS_vs_2026,G+S,4,S3,1
SEASONAL_2025JS_vs_2026,G+S,5,S0,1
SEASONAL_2025JS_vs_2026,G+S,5,S2,2
SEASONAL_2025JS_vs_2026,G+S+J,0,S0,3
SEASONAL_2025JS_vs_2026,G+S+J,0,S1,1
SEASONAL_2025JS_vs_2026,G+S+J,0,S3,9
SEASONAL_2025JS_vs_2026,G+S+J,4,S0,1
SEASONAL_2025JS_vs_2026,G+S+J,4,S1,5
SEASONAL_2025JS_vs_2026,G+S+J,4,S3,2
SEASONAL_2025JS_vs_2026,G+S+J,5,S0,2
SEASONAL_2025JS_vs_2026,G+S+J,5,S3,3
SEASONAL_2025JS_vs_2026,G+S+J+C,0,S0,8
SEASONAL_2025JS_vs_2026,G+S+J+C,0,S1,7
SEASONAL_2025JS_vs_2026,G+S+J+C,0,S2,5
SEASONAL_2025JS_vs_2026,G+S+J+C,0,S3,2
SEASONAL_2025JS_vs_2026,G+S+J+C,4,S1,1
SEASONAL_2025JS_vs_2026,G+S+J+C,4,S2,4
SEASONAL_2025JS_vs_2026,G+S+J+C,4,S3,1
SEASONAL_2025JS_vs_2026,G+S+J+C,5,S1,1
SEASONAL_2025JS_vs_2026,G+S+J+C,5,S2,3
SEASONAL_2025JS_vs_2026,G+S+J+C,5,S3,1
SEASONAL_2025JS_vs_2026,G+S+J+C+E,0,S1,2
SEASONAL_2025JS_vs_2026,G+S+J+C+E,0,S2,1
SEASONAL_2025JS_vs_2026,G+S+J+C+E+P,0,S2,3
SEASONAL_2025JS_vs_2026,G+S+J+C+E+P,0,S3,1
SEASONAL_2025JS_vs_2026,G+S+J+C+E+P,4,S0,2
SEASONAL_2025JS_vs_2026,G+S+J+C+E+P,4,S2,1
SEASONAL_2025JS_vs_2026,G+S+J+C+E+P,5,S2,2
SEASONAL_2025JS_vs_2026,SURVIVES_FULL,0,S0,4
SEASONAL_2025JS_vs_2026,SURVIVES_FULL,0,S1,8
SEASONAL_2025JS_vs_2026,SURVIVES_FULL,0,S2,4
SEASONAL_2025JS_vs_2026,SURVIVES_FULL,4,S0,1
SEASONAL_2025JS_vs_2026,SURVIVES_FULL,5,S1,1
SEASONAL_2025JS_vs_2026,SURVIVES_FULL,5,S2,6
