contrast,design_column,raw_donor_mean,raw_target_mean,weighted_donor_mean,weighted_target_mean,raw_smd,weighted_smd,abs_weighted_smd
PRIMARY_2025_vs_2026,z_entry_distance_anchor_atr,0.3170955692177722,0.2100204894168897,0.15846176079384441,0.15846156458855923,-0.12210416211441143,-2.2374470319852743e-07,2.2374470319852743e-07
PRIMARY_2025_vs_2026,z_entry_spread_r,-0.5573382905298853,-1.150430294124021,-1.0375271642487558,-1.037527305429939,-1.252090859761585,-2.980510072123089e-07,2.980510072123089e-07
PRIMARY_2025_vs_2026,z_bars_from_anchor,0.8852459016393442,0.8761904761904762,0.942679157688087,0.9426797446666518,-0.00754522550672801,4.890864227781598e-07,4.890864227781598e-07
PRIMARY_2025_vs_2026,z_signed_coherence_24h,0.20896757037017227,0.038419933589908646,0.19370513557426966,0.19370509749945716,-0.21650562791336297,-4.833494818829084e-08,4.833494818829084e-08
PRIMARY_2025_vs_2026,z_expansion_level,0.5145557183852529,0.9851941581461557,0.9770630418510914,0.9770630887955886,1.1688462355736762,1.165882218116649e-07,1.165882218116649e-07
PRIMARY_2025_vs_2026,z_expansion_persistence,0.9120218579234972,2.239153439153439,2.1484124166146557,2.1484125602531416,1.9525735892794407,2.113315048208206e-07,2.113315048208206e-07
PRIMARY_2025_vs_2026,state_4,0.1721311475409836,0.19047619047619047,0.11887397487352348,0.11887410763905407,0.04741751062731395,3.431668696338542e-07,3.431668696338542e-07
PRIMARY_2025_vs_2026,state_5,0.3114754098360656,0.23809523809523808,0.34205813536835183,0.3420580204192221,-0.16421014952404345,-2.572331643592873e-07,2.572331643592873e-07
PRIMARY_2025_vs_2026,session_S1,0.3114754098360656,0.24761904761904763,0.24090050721867362,0.240900571997965,-0.14202123430556896,1.440738964634588e-07,1.440738964634588e-07
PRIMARY_2025_vs_2026,session_S2,0.4426229508196721,0.3333333333333333,0.3977649650050688,0.3977650283261183,-0.22470606137287527,1.3019190629217778e-07,1.3019190629217778e-07
PRIMARY_2025_vs_2026,session_S3,0.11475409836065574,0.20952380952380953,0.08227178320784155,0.08227172194488729,0.2581020051912174,-1.6684752064446972e-07,1.6684752064446972e-07
PRIMARY_2025_vs_2026,ECDF_GAP::entry_distance_anchor_atr,,,,,,,0.22458314636326493
PRIMARY_2025_vs_2026,ECDF_GAP::entry_spread_r,,,,,,,0.20656084643127332
PRIMARY_2025_vs_2026,ECDF_GAP::bars_from_anchor,,,,,,,0.025728318893494584
PRIMARY_2025_vs_2026,ECDF_GAP::signed_coherence_24h,,,,,,,0.09642265612353029
PRIMARY_2025_vs_2026,ECDF_GAP::expansion_level,,,,,,,0.2343360249008426
PRIMARY_2025_vs_2026,ECDF_GAP::expansion_persistence,,,,,,,0.2902245749801248
SEASONAL_2025JS_vs_2026,z_entry_distance_anchor_atr,0.32196828983961906,0.2100204894168897,0.08315814148878181,0.0831588124447525,-0.12676406075499452,7.59756807286676e-07,7.59756807286676e-07
SEASONAL_2025JS_vs_2026,z_entry_spread_r,-0.42298273334211034,-1.150430294124021,-0.9460296784138509,-0.9460299149441037,-1.5281371031186826,-4.968752042671859e-07,4.968752042671859e-07
SEASONAL_2025JS_vs_2026,z_bars_from_anchor,0.8350515463917526,0.8761904761904762,0.8087353278340813,0.808735622976552,0.03548700770961046,2.5459396206683617e-07,2.5459396206683617e-07
SEASONAL_2025JS_vs_2026,z_signed_coherence_24h,0.18727566689979916,0.038419933589908646,0.14776133841082129,0.14776147582794993,-0.19124620245010426,1.76550163176327e-07,1.76550163176327e-07
SEASONAL_2025JS_vs_2026,z_expansion_level,0.4178109896492356,0.9851941581461557,0.9653534991646063,0.9653536941170108,1.3725923667207534,4.7162164313023133e-07,4.7162164313023133e-07
SEASONAL_2025JS_vs_2026,z_expansion_persistence,0.6701030927835051,2.239153439153439,2.1199277529594776,2.119927925759102,2.4372323657185713,2.6841257089989205e-07,2.6841257089989205e-07
SEASONAL_2025JS_vs_2026,state_4,0.1958762886597938,0.19047619047619047,0.11449655279068532,0.11449706290955915,-0.013610703453396248,1.2857315703375013e-06,1.2857315703375013e-06
SEASONAL_2025JS_vs_2026,state_5,0.27835051546391754,0.23809523809523808,0.25490621142514536,0.2549061092290385,-0.09161782768227188,-2.3259025697105527e-07,2.3259025697105527e-07
SEASONAL_2025JS_vs_2026,session_S1,0.30927835051546393,0.24761904761904763,0.2486140763257755,0.24861429481564973,-0.1371993597549584,4.861662303641901e-07,4.861662303641901e-07
SEASONAL_2025JS_vs_2026,session_S2,0.44329896907216493,0.3333333333333333,0.38760114559758474,0.3876009438396766,-0.22595064311565755,-4.1455977402130336e-07,4.1455977402130336e-07
SEASONAL_2025JS_vs_2026,session_S3,0.1134020618556701,0.20952380952380953,0.012229200265070973,0.012229136494660333,0.2621908973166912,-1.7394628784295075e-07,1.7394628784295075e-07
SEASONAL_2025JS_vs_2026,ECDF_GAP::entry_distance_anchor_atr,,,,,,,0.3446790513361585
SEASONAL_2025JS_vs_2026,ECDF_GAP::entry_spread_r,,,,,,,0.2044788026238552
SEASONAL_2025JS_vs_2026,ECDF_GAP::bars_from_anchor,,,,,,,0.0406145374415291
SEASONAL_2025JS_vs_2026,ECDF_GAP::signed_coherence_24h,,,,,,,0.14457602488718005
SEASONAL_2025JS_vs_2026,ECDF_GAP::expansion_level,,,,,,,0.38682126315837606
SEASONAL_2025JS_vs_2026,ECDF_GAP::expansion_persistence,,,,,,,0.3329981445875122
EVENT_2025_vs_2026,z_entry_distance_anchor_atr,0.104488959825834,0.025457488996133294,0.020424381525923848,0.020424398389921675,-0.09409292920353028,2.007786185596493e-08,2.007786185596493e-08
EVENT_2025_vs_2026,z_entry_spread_r,-0.5050754511331437,-1.0824185854183919,-0.956945090543931,-0.956945152327919,-1.2400192598074513,-1.3269982886034283e-07,1.3269982886034283e-07
EVENT_2025_vs_2026,z_bars_from_anchor,0.7680608365019012,0.7520661157024794,0.8032223534567111,0.8032223939424711,-0.013863167131749477,3.5090381627357484e-08,3.5090381627357484e-08
EVENT_2025_vs_2026,z_signed_coherence_24h,0.11461079463697531,-0.07669017557118807,0.021471858041167052,0.021471846415322075,-0.2741924688703531,-1.666337151174449e-08,1.666337151174449e-08
EVENT_2025_vs_2026,z_expansion_level,0.4707428438091886,0.9565137281778033,0.9383572764365714,0.938357294320222,1.1935094089115823,4.3939037715915664e-08,4.3939037715915664e-08
EVENT_2025_vs_2026,z_expansion_persistence,0.9246303337558092,2.218778696051423,2.1397741878538334,2.139774253913532,1.8742456647118038,9.567071853642958e-08,9.567071853642958e-08
EVENT_2025_vs_2026,state_4,0.1806083650190114,0.16322314049586778,0.1495178959221507,0.14951789941240126,-0.04604368174261774,9.243710704399537e-09,9.243710704399537e-09
EVENT_2025_vs_2026,state_5,0.23574144486692014,0.1921487603305785,0.25258535850175406,0.2525853290269435,-0.10634583041885108,-7.190479875714724e-08,7.190479875714724e-08
EVENT_2025_vs_2026,session_S1,0.3269961977186312,0.29132231404958675,0.3087396397983255,0.30873956454115287,-0.07717264929423999,-1.6280244243861295e-07,1.6280244243861295e-07
EVENT_2025_vs_2026,session_S2,0.35361216730038025,0.3037190082644628,0.33593835334104905,0.3359383441721255,-0.10626183034500572,-1.952785951260202e-08,1.952785951260202e-08
EVENT_2025_vs_2026,session_S3,0.11216730038022814,0.15289256198347106,0.11199057526780802,0.11199051619731319,0.1202072647256279,-1.743562184706833e-07,1.743562184706833e-07
EVENT_2025_vs_2026,ECDF_GAP::entry_distance_anchor_atr,,,,,,,0.1446397678143796
EVENT_2025_vs_2026,ECDF_GAP::entry_spread_r,,,,,,,0.09807167135285993
EVENT_2025_vs_2026,ECDF_GAP::bars_from_anchor,,,,,,,0.030711692519931444
EVENT_2025_vs_2026,ECDF_GAP::signed_coherence_24h,,,,,,,0.08043046211826221
EVENT_2025_vs_2026,ECDF_GAP::expansion_level,,,,,,,0.2523883625663912
EVENT_2025_vs_2026,ECDF_GAP::expansion_persistence,,,,,,,0.4150770232433675
EVENT_2025JS_vs_2026,z_entry_distance_anchor_atr,0.07781348940111896,0.025457488996133294,-0.02998588727700712,-0.029985795973457362,-0.06232056936979871,1.0868074647500743e-07,1.0868074647500743e-07
EVENT_2025JS_vs_2026,z_entry_spread_r,-0.4052664189310569,-1.0824185854183919,-0.8467341234955866,-0.8467341335817766,-1.5753239270643158,-2.3464469608639314e-08,2.3464469608639314e-08
EVENT_2025JS_vs_2026,z_bars_from_anchor,0.765661252900232,0.7520661157024794,0.8440254727222247,0.8440257824750346,-0.011882668824104034,2.7073577877137505e-07,2.7073577877137505e-07
EVENT_2025JS_vs_2026,z_signed_coherence_24h,0.10005604099122245,-0.07669017557118807,-0.001966702244593841,-0.001966647412581295,-0.25466757053382455,7.900556908223974e-08,7.900556908223974e-08
EVENT_2025JS_vs_2026,z_expansion_level,0.3867503996468035,0.9565137281778033,0.9243860241057165,0.9243860224273581,1.4087368711631776,-4.149732283335317e-09,4.149732283335317e-09
EVENT_2025JS_vs_2026,z_expansion_persistence,0.7245166279969064,2.218778696051423,2.119483254671116,2.119483240709912,2.258782044959491,-2.1104274832860173e-08,2.1104274832860173e-08
EVENT_2025JS_vs_2026,state_4,0.18793503480278423,0.16322314049586778,0.14271869631119122,0.14271878584821884,-0.06491513952327324,2.3520287714976257e-07,2.3520287714976257e-07
EVENT_2025JS_vs_2026,state_5,0.2088167053364269,0.1921487603305785,0.20154496094696328,0.20154489759360247,-0.041595479613325013,-1.5810067929647884e-07,1.5810067929647884e-07
EVENT_2025JS_vs_2026,session_S1,0.3225058004640371,0.29132231404958675,0.319118669893147,0.31911867757493345,-0.06757615752717241,1.6646811165665205e-08,1.6646811165665205e-08
EVENT_2025JS_vs_2026,session_S2,0.3480278422273782,0.3037190082644628,0.32536120706877525,0.3253611510567926,-0.09453727736910841,-1.1950710202509122e-07,1.1950710202509122e-07
EVENT_2025JS_vs_2026,session_S3,0.12064965197215777,0.15289256198347106,0.1319255694886396,0.13192561507799358,0.09383796789682188,1.3268071443635714e-07,1.3268071443635714e-07
EVENT_2025JS_vs_2026,ECDF_GAP::entry_distance_anchor_atr,,,,,,,0.18286610969929673
EVENT_2025JS_vs_2026,ECDF_GAP::entry_spread_r,,,,,,,0.2141570314566963
EVENT_2025JS_vs_2026,ECDF_GAP::bars_from_anchor,,,,,,,0.025555833904436165
EVENT_2025JS_vs_2026,ECDF_GAP::signed_coherence_24h,,,,,,,0.07346302483744119
EVENT_2025JS_vs_2026,ECDF_GAP::expansion_level,,,,,,,0.17862805011622152
EVENT_2025JS_vs_2026,ECDF_GAP::expansion_persistence,,,,,,,0.33626343760383226
