contrast,excluded_month,donor_n,target_n,delta_ow,max_abs_weighted_smd,donor_ess,target_ess,balance_pass,ess_pass,converged
PRIMARY_2025_vs_2026,2025-01,103,105,-0.5543956329564342,3.3974668488196474e-07,30.620457058808842,49.320156728843024,True,False,True
PRIMARY_2025_vs_2026,2025-02,110,105,-0.5546647879660453,3.3391540804916193e-07,30.612065457902656,49.320741930539896,True,False,True
PRIMARY_2025_vs_2026,2025-03,116,105,-0.5554473023203133,1.839988653687184e-07,30.612885027569376,49.37673516930545,True,False,True
PRIMARY_2025_vs_2026,2025-04,116,105,-0.5069759675430521,5.176327588167746e-07,26.8640333855686,49.789244167273786,True,False,True
PRIMARY_2025_vs_2026,2025-05,110,105,-0.6496971168330513,9.069546479953185e-08,22.682439173610337,44.37193148280709,True,False,True
PRIMARY_2025_vs_2026,2025-06,111,105,-0.5536520399853813,4.6052213386156285e-07,29.87552519644375,50.65039927118608,True,False,True
PRIMARY_2025_vs_2026,2025-07,111,105,-0.5545640505416314,2.3701052175047862e-07,30.61462988578896,49.32858037619045,True,False,True
PRIMARY_2025_vs_2026,2025-08,112,105,-0.5545037515806177,2.7989721260992043e-07,30.61263189932546,49.32313449835619,True,False,True
PRIMARY_2025_vs_2026,2025-09,112,105,-0.5588724415350224,4.045239314762852e-07,30.56026781389697,49.43449246688082,True,False,True
PRIMARY_2025_vs_2026,2025-10,112,105,-0.4979139483223848,3.8975245366783456e-07,19.527290500198863,28.455071164161485,True,False,True
PRIMARY_2025_vs_2026,2025-11,114,105,-0.5379572916082916,3.3388098097795404e-07,26.479241646950143,46.39162100591482,True,False,True
PRIMARY_2025_vs_2026,2025-12,115,105,-0.5862061790809558,1.1806066039899855e-07,29.43970676660008,50.07635629184794,True,False,True
PRIMARY_2025_vs_2026,2026-01,122,94,-0.7995856976939113,3.8657889781563347e-07,28.352550107610917,44.53312149269465,True,False,True
PRIMARY_2025_vs_2026,2026-02,122,93,-0.5420340917789023,1.7022809820167854e-07,30.499196965784414,43.66422961153648,True,False,True
PRIMARY_2025_vs_2026,2026-03,122,94,-0.5636511722723797,1.2553827112514472e-07,30.85353111620044,48.173256076450244,True,False,True
PRIMARY_2025_vs_2026,2026-04,122,96,-0.45432852606676,2.7110517917509635e-07,29.50546611986463,46.165578848895926,True,False,True
PRIMARY_2025_vs_2026,2026-05,122,92,-0.5521105873145455,3.462084760033259e-07,27.279473917428895,46.096410283207604,True,False,True
PRIMARY_2025_vs_2026,2026-06,122,85,-0.5020277167187723,3.7456031734516484e-07,30.82763419637918,45.14578793975285,True,False,True
PRIMARY_2025_vs_2026,2026-07,122,91,-0.588626544589479,4.3826017236135754e-07,26.987082767319905,39.372209223870705,True,False,True
PRIMARY_2025_vs_2026,2026-08,122,98,-0.5396135264052815,7.471217787689603e-07,30.72825483211632,46.80875585984136,True,False,True
PRIMARY_2025_vs_2026,2026-09,122,97,-0.597183557229769,3.354747188187406e-07,30.466016119825174,47.190845543328464,True,False,True
SEASONAL_2025JS_vs_2026,2025-01,78,105,-0.6040474794118673,7.874145563885703e-07,14.37556264349363,21.00155357615731,True,False,True
SEASONAL_2025JS_vs_2026,2025-02,85,105,-0.6029934884871414,1.0685023305334931e-06,14.459738631834972,20.975058525309283,True,False,True
SEASONAL_2025JS_vs_2026,2025-03,91,105,-0.6033730908381034,4.90347750792755e-07,14.459242155897604,21.002469121731863,True,False,True
SEASONAL_2025JS_vs_2026,2025-04,91,105,-0.35474075433863994,2.966298716489681e-07,10.324796506961432,19.406457052410744,True,False,True
SEASONAL_2025JS_vs_2026,2025-05,85,105,-1.280150442874882,8.707038825732071e-07,6.173319730826564,7.383079486807822,True,False,True
SEASONAL_2025JS_vs_2026,2025-06,86,105,-0.5957309338494527,1.9296412546487787e-07,12.961830595189609,22.012090706476027,True,False,True
SEASONAL_2025JS_vs_2026,2025-07,86,105,-0.6029284962049153,2.562318657737287e-07,14.460362534020204,20.9816409652311,True,False,True
SEASONAL_2025JS_vs_2026,2025-08,87,105,-0.6029613830809757,5.020070029299801e-07,14.459843407659939,20.975057804403153,True,False,True
SEASONAL_2025JS_vs_2026,2025-09,87,105,-0.6464392439003068,4.849264357414649e-07,14.156341454316236,20.454919580747823,True,False,True
SEASONAL_2025JS_vs_2026,2026-01,97,94,-0.8288564478290514,4.787062612824783e-07,13.712314982142301,18.888967588207514,True,False,True
SEASONAL_2025JS_vs_2026,2026-02,97,93,-0.5551261887431547,4.968281366064604e-07,13.537636194587607,17.95211578914511,True,False,True
SEASONAL_2025JS_vs_2026,2026-03,97,94,-0.6020830708862887,3.799941738945716e-07,14.477028707693387,21.031961464947155,True,False,True
SEASONAL_2025JS_vs_2026,2026-04,97,96,-0.4819352354213845,3.7816790686150554e-07,13.731580439648388,19.992653592947388,True,False,True
SEASONAL_2025JS_vs_2026,2026-05,97,92,-0.6973422488370193,4.806988525223643e-07,12.005015025662297,18.4114542402185,True,False,True
SEASONAL_2025JS_vs_2026,2026-06,97,85,-0.55957507520225,4.516434613547268e-07,14.60537362748598,20.328583823263234,True,False,True
SEASONAL_2025JS_vs_2026,2026-07,97,91,-0.7254488192277904,6.901862116342276e-07,11.432852437523891,14.828168787766987,True,False,True
SEASONAL_2025JS_vs_2026,2026-08,97,98,-0.5643985034839376,4.7065319359965977e-07,14.53287694281977,20.408618963145436,True,False,True
SEASONAL_2025JS_vs_2026,2026-09,97,97,-0.6601147092418826,2.3938112154345015e-07,14.434947703022365,20.027193771855327,True,False,True
EVENT_2025_vs_2026,2025-01,481,484,-0.4999624246115403,2.856657263411813e-07,149.44514969091813,291.3202589561418,True,False,True
EVENT_2025_vs_2026,2025-02,482,484,-0.4999973623301819,2.609129997388312e-07,149.46437738162314,291.7427898111419,True,False,True
EVENT_2025_vs_2026,2025-03,504,484,-0.4991777729307978,3.3799720830501664e-07,149.32271904716794,291.667828246501,True,False,True
EVENT_2025_vs_2026,2025-04,481,484,-0.44653227306930904,2.484179274846896e-07,128.08084350661045,293.6209455791541,True,False,True
EVENT_2025_vs_2026,2025-05,469,484,-0.7075519780138778,1.4015478554662997e-07,110.83760863522441,269.565831082502,True,False,True
EVENT_2025_vs_2026,2025-06,471,484,-0.4596966118433763,2.1196242349579073e-07,140.64450283480377,295.30243446489885,True,False,True
EVENT_2025_vs_2026,2025-07,453,484,-0.5003590958978427,1.2075283445831368e-07,149.46605727364965,291.5243075428625,True,False,True
EVENT_2025_vs_2026,2025-08,464,484,-0.5005393040909584,2.22339121235105e-07,149.42265923241533,292.2392571433174,True,False,True
EVENT_2025_vs_2026,2025-09,498,484,-0.5025131582558768,4.898718924773338e-07,149.23311432537298,292.08004193666403,True,False,True
EVENT_2025_vs_2026,2025-10,491,484,-0.5771027598207235,1.770541065399928e-07,115.5792457182281,235.31796083833314,True,False,True
EVENT_2025_vs_2026,2025-11,499,484,-0.3650200759959461,2.209813136802556e-07,126.24285799098136,257.80686727272933,True,False,True
EVENT_2025_vs_2026,2025-12,493,484,-0.49840029493668725,2.2333714417895445e-07,142.6181395295308,286.21721438426846,True,False,True
EVENT_2025_vs_2026,2026-01,526,452,-0.5768186929097383,8.138690888539931e-07,142.11545968855853,275.9453371032961,True,False,True
EVENT_2025_vs_2026,2026-02,526,468,-0.5019012251262882,1.4731487339410782e-07,149.66088782918564,284.01967295191713,True,False,True
EVENT_2025_vs_2026,2026-03,526,433,-0.492813891154086,4.2492647960826015e-07,149.4168007681369,276.38273262907995,True,False,True
EVENT_2025_vs_2026,2026-04,526,430,-0.44187712138990837,4.5306441113950254e-07,144.52434064203084,267.28404213905446,True,False,True
EVENT_2025_vs_2026,2026-05,526,415,-0.48711590264681903,2.1987640112279013e-07,144.62345664345543,263.96329138331106,True,False,True
EVENT_2025_vs_2026,2026-06,526,391,-0.4035603515140731,4.006732836640272e-07,139.228154712648,234.35364447961175,True,False,True
EVENT_2025_vs_2026,2026-07,526,420,-0.5977422581700605,1.8753763714247923e-07,142.70265431787448,253.46393685857956,True,False,True
EVENT_2025_vs_2026,2026-08,526,442,-0.505599975335138,2.1733859644081757e-07,150.21004850167523,275.0943666471358,True,False,True
EVENT_2025_vs_2026,2026-09,526,421,-0.49213746942232317,8.53370131049052e-08,149.76208966629451,266.7168262043795,True,False,True
EVENT_2025JS_vs_2026,2025-01,386,484,-0.3712344967052296,2.456218219642396e-07,84.32408004198852,175.54036860715982,True,False,True
EVENT_2025JS_vs_2026,2025-02,387,484,-0.3718469511889514,1.0243245986304006e-06,84.30652118729367,175.79818011091433,True,False,True
EVENT_2025JS_vs_2026,2025-03,409,484,-0.36849870219972747,2.982125366367745e-07,84.18558324024427,175.8704488927677,True,False,True
EVENT_2025JS_vs_2026,2025-04,386,484,-0.26657575626851043,2.9921581597721896e-07,61.29660911482403,161.79733247178586,True,False,True
EVENT_2025JS_vs_2026,2025-05,374,484,-0.812531099853943,3.221981491581015e-07,44.95395867110148,113.25996937645095,True,False,True
EVENT_2025JS_vs_2026,2025-06,376,484,-0.2644487065377229,1.674011479276591e-07,74.94241433960156,172.7507365847588,True,False,True
EVENT_2025JS_vs_2026,2025-07,358,484,-0.3717266539200651,4.3683884598235295e-07,84.32991237729799,175.66842847324145,True,False,True
EVENT_2025JS_vs_2026,2025-08,369,484,-0.37228029331300805,2.5730869402676126e-07,84.19144680372021,176.28908996570019,True,False,True
EVENT_2025JS_vs_2026,2025-09,403,484,-0.3794052462699499,3.2491284692103956e-07,83.77421707192146,175.56994115355542,True,False,True
EVENT_2025JS_vs_2026,2026-01,431,452,-0.45680145145761436,3.559579373219505e-07,81.07174309468292,168.02022912578633,True,False,True
EVENT_2025JS_vs_2026,2026-02,431,468,-0.3747257391988945,2.902539789366084e-07,84.55880924364037,172.9020646345912,True,False,True
EVENT_2025JS_vs_2026,2026-03,431,433,-0.35041383951582555,1.7111750890399904e-07,82.86456035038856,168.30390942244094,True,False,True
EVENT_2025JS_vs_2026,2026-04,431,430,-0.2943351102249482,1.3836001354112747e-07,81.3062246946659,164.89301220394182,True,False,True
EVENT_2025JS_vs_2026,2026-05,431,415,-0.35596817239309064,5.855071644725014e-07,80.83582772569045,162.07778611330187,True,False,True
EVENT_2025JS_vs_2026,2026-06,431,391,-0.2379850349367043,3.807517287515422e-07,73.96554291462567,122.16282594163879,True,False,True
EVENT_2025JS_vs_2026,2026-07,431,420,-0.46934196024787056,1.1566514973296958e-07,79.30488577488876,154.15362353185452,True,False,True
EVENT_2025JS_vs_2026,2026-08,431,442,-0.37604847897065397,4.58392022686287e-07,84.84760019868622,170.02371326874518,True,False,True
EVENT_2025JS_vs_2026,2026-09,431,421,-0.3584832414772304,5.461249115648012e-07,84.6836281393313,164.01976615204663,True,False,True
