row_id,signal_t,entry_t,T,state_id,session_bucket_utc,entry_distance_anchor_atr,entry_spread_r,bars_from_anchor,signed_coherence_24h,expansion_level,expansion_persistence,pnl_r,propensity,overlap_weight
P000950,1735894800000,1735895100000,0,4,S1,1.1737538321789842,0.04817373362759409,2,0.2883370550926939,0.2911524484582449,0.0,-1.0,1.966410912047798e-07,1.966410912047798e-07
P000951,1735911900000,1735912200000,0,5,S2,1.1757100334862707,0.06055207991905292,1,0.23209250255194935,0.23941280178462201,0.0,-1.0,8.673896111129575e-10,8.673896111129575e-10
P000952,1735935300000,1735935600000,0,0,S3,0.22773184040460986,0.0525137903861883,1,-0.288492131092715,0.42467527794768467,0.0,-1.0,9.290419517795539e-07,9.290419517795539e-07
P000953,1736142600000,1736142900000,0,0,S0,0.551422739166763,0.050687459710572445,1,-0.44871848986807145,0.362141546432555,0.0,-1.0,1.3134295594737621e-08,1.3134295594737621e-08
P000954,1736171400000,1736171700000,0,5,S2,0.8150556374849527,0.054117270500190925,1,-0.17422313868376174,0.568632389450581,0.0,-1.0,1e-12,1e-12
P000955,1736174700000,1736175000000,0,4,S2,1.9171994234731362,0.02563131045226846,6,-0.34978035612518443,0.7750872521858022,0.008333333333333333,0.7139726409403896,3.7431657358741104e-11,3.7431657358741104e-11
P000956,1736764200000,1736764500000,0,5,S1,0.595601035050614,0.06161081543294692,1,0.12569209070407422,0.5014931817364084,0.175,-1.0,1.417618899473021e-10,1.417618899473021e-10
P000957,1736772000000,1736772300000,0,0,S2,1.251819258757828,0.05238238388697688,2,-0.03627506092599342,0.47673874716655273,0.175,-1.0,2.5850984312612853e-09,2.5850984312612853e-09
P000958,1736793000000,1736793300000,0,0,S3,0.6113458116718555,0.050609797474465125,1,-0.44429870557038226,0.6729752095851473,0.175,2.102996243129349,3.8572179851520796e-08,3.8572179851520796e-08
P000959,1737100500000,1737100800000,0,0,S1,0.6294875359095372,0.07738941525720502,1,0.2873770396221229,0.09110207606231785,0.075,-1.0,3.528695301768784e-09,3.528695301768784e-09
P000960,1737111000000,1737111300000,0,0,S1,0.5679107645992673,0.07857617605791456,2,0.1018974941331629,0.06767891195624798,0.075,-1.0,2.1163440507900292e-09,2.1163440507900292e-09
P000961,1737148800000,1737149100000,0,0,S3,0.5139516209976752,0.06914840719992106,2,-0.23950661238596288,0.42967653725758287,0.075,-1.0,1.3485204466599058e-09,1.3485204466599058e-09
P000962,1737329400000,1737329700000,0,0,S3,1.1756874391929717,0.03624467509238074,1,-0.21179163576707416,0.4072608210700536,0.075,1.298124220386446,0.001622726880516211,0.001622726880516211
P000963,1737625200000,1737625500000,0,5,S1,0.8125685216857109,0.0914545630504181,1,0.09560708058452617,0.021264347137768504,0.0,1.7585164037550889,1e-12,1e-12
P000964,1737963600000,1737963900000,0,4,S1,0.8674625963427562,0.04437430875889226,2,-0.3188169157447445,0.4039866153347965,0.0,1.6774297968762677,1.4394061433452527e-08,1.4394061433452527e-08
P000965,1737988800000,1737989100000,0,4,S2,1.1201806338311957,0.031357368347637755,2,-0.2247359327712605,0.729032490195373,0.0,-1.0,2.513817671907542e-10,2.513817671907542e-10
P000966,1738137000000,1738137300000,0,0,S1,0.8231954582318581,0.07590080071172507,5,0.447603899750635,0.004569495916237901,0.06666666666666667,-1.0,2.8000196702750333e-08,2.8000196702750333e-08
P000967,1738157100000,1738157400000,0,0,S2,1.0270119982035832,0.11226352385074792,1,0.3037411901573396,0.026049724750836542,0.06666666666666667,-1.0,1e-12,1e-12
P000968,1738165200000,1738165500000,0,4,S2,1.4862684740482355,0.03445781155603826,1,0.2509046658715544,0.07879681934300004,0.06666666666666667,1.011045891539914,0.07119327505757629,0.07119327505757629
P000969,1738539600000,1738539900000,0,5,S3,1.4205591968804665,0.1134075978291896,1,0.07281331074614772,0.6950311229446263,0.06666666666666667,-1.0,1e-12,1e-12
P000970,1738554600000,1738554900000,0,0,S0,0.29017408838579944,0.05056134298896613,2,-0.22304242973414468,0.8005253121289533,0.08333333333333333,2.875445992141811,1.643513592612823e-12,1.643513592612823e-12
P000971,1738651500000,1738651800000,0,4,S1,0.3277239709442931,0.06656332634266542,1,0.4017966601578644,0.7397905947540747,0.175,2.7658429834959666,1e-12,1e-12
P000972,1739280000000,1739280300000,0,0,S2,0.5958441852564694,0.02617630154191375,1,-0.13075284998393377,0.938581657251826,0.2916666666666667,-1.0,8.164928106016632e-08,8.164928106016632e-08
P000973,1739368500000,1739368800000,0,4,S2,2.9006645545166823,0.020454252800702073,5,-0.06637975351860562,0.7533551613715683,0.39166666666666666,0.2818328595342483,3.259234323249135e-06,3.259234323249135e-06
P000974,1739542200000,1739542500000,0,0,S2,1.3435284695390641,0.07674509894476557,1,0.03292240128256231,0.5004497535350628,0.375,-1.0,4.756851739638004e-12,4.756851739638004e-12
P000975,1739547300000,1739547600000,0,5,S2,1.3618305744887629,0.030590369393125323,1,0.15602636775692352,0.6057280610225596,0.375,-1.0,0.00016255331353477048,0.00016255331353477048
P000976,1739556900000,1739557200000,0,0,S3,0.45458286038590073,0.04349437665211407,1,-0.2801753743706974,0.8504659446623251,0.4,2.4374116017519243,5.637128416324141e-06,5.637128416324141e-06
P000977,1739981100000,1739981400000,0,5,S2,0.9665834695013581,0.03323563517498833,1,0.07190346400731769,0.678768035116756,0.225,1.5424804375416832,2.7944104607250507e-07,2.7944104607250507e-07
P000978,1740061800000,1740062100000,0,0,S2,1.552087293351249,0.024236373079122738,4,0.005441014692192608,0.5488432339078185,0.13333333333333333,-1.0,1.2584497860657135e-05,1.2584497860657135e-05
P000979,1740126900000,1740127200000,0,5,S1,0.7282041419342731,0.035408794532881836,3,-0.20457753919518812,0.7012197315870903,0.16666666666666666,1.8931767252934988,8.648178687889632e-09,8.648178687889632e-09
P000980,1740465600000,1740465900000,0,0,S1,0.2918461403222079,0.06940731595879181,1,-0.03003320551118633,0.34130896268844674,0.14166666666666666,-1.0,5.446347005944766e-10,5.446347005944766e-10
P000981,1741182900000,1741183200000,0,0,S2,0.7991945242427668,0.04240703566604024,1,-0.24794490006900766,0.7834706580793726,0.35833333333333334,1.7790213524045186,9.710615031042447e-09,9.710615031042447e-09
P000982,1741251300000,1741251600000,0,0,S1,0.5817252550455262,0.04096327299095968,1,-0.11368701491727194,0.5349548447450797,0.4666666666666667,-1.0,0.0013834658610977436,0.0013834658610977436
P000983,1741372200000,1741372500000,0,4,S3,0.643534674927364,0.03470305966866757,1,-0.10645154879677136,0.7994099233619977,0.44166666666666665,-1.0,0.004484651458883127,0.004484651458883127
P000984,1741786200000,1741786500000,0,5,S2,0.9954689158496698,0.04484176690288197,1,0.07947581460883513,0.4475947180944842,0.4083333333333333,1.5056767160269036,0.00011611493582204601,0.00011611493582204601
P000985,1741966500000,1741966800000,0,0,S2,0.5610781362971209,0.05405958510154453,3,0.3797970182854683,0.7172669377181304,0.20833333333333334,2.202914629154975,6.366419605842746e-11,6.366419605842746e-11
P000986,1742376000000,1742376300000,0,5,S1,1.0855116618448644,0.06393478847992662,3,0.09276337745404821,0.2951462598496024,0.0,1.397493186672912,2.8681092050070178e-11,2.8681092050070178e-11
P000987,1744634700000,1744635000000,0,5,S2,0.8356036185920733,0.029739987537528923,1,0.06245532194668077,0.9320332457813119,1.0,1.7238996204611163,0.4449144374956094,0.4449144374956094
P000988,1744875300000,1744875600000,0,5,S1,0.7040218442459907,0.029444166249378966,3,0.3234075086241267,0.8883531824560141,0.8416666666666667,-1.0,0.13486121018055947,0.13486121018055947
P000989,1745388900000,1745389200000,0,0,S1,0.5026866105140885,0.017137794958529542,3,-0.4280927554213679,0.9933796279638758,0.8416666666666667,-1.0,0.4274320303366612,0.4274320303366612
P000990,1745417700000,1745418000000,0,0,S2,0.7733318676486747,0.01865856682370726,1,-0.39480909805463077,0.9907170870363041,0.8666666666666667,1.8195512025787284,0.3126872149169713,0.3126872149169713
P000991,1745503800000,1745504100000,0,5,S2,0.4415779281738777,0.028609808532262145,1,0.017757758589728216,0.9754614471269745,1.0,-1.0,0.495813650931773,0.495813650931773
P000992,1745588400000,1745588700000,0,0,S2,0.8051564495530159,0.02352420959540765,2,-0.2005030977970101,0.9742381175116036,1.0,1.7698430245412085,0.7827829282674922,0.7827829282674922
P000993,1746581700000,1746582000000,0,0,S0,0.5080582703300595,0.02910175833312663,1,0.17537991916174048,0.9789875148418666,1.0,-1.0,0.9034123484229545,0.9034123484229545
P000994,1746721500000,1746721800000,0,5,S2,0.44461683121766665,0.028324708996435074,1,-0.2470889772127297,0.9752095851473392,1.0,-1.0,0.32199489845322044,0.32199489845322044
P000995,1746757800000,1746758100000,0,0,S0,0.8828722280886915,0.0160172286156465,4,-0.33339023993708067,0.96855323282841,1.0,1.65551741929697,0.9942799158234773,0.9942799158234773
P000996,1747228800000,1747229100000,0,0,S2,1.1562877707242265,0.030046407813088847,1,-0.3695667194208875,0.9219587665959055,0.9666666666666667,-1.0,0.08782785911540111,0.08782785911540111
P000997,1747285200000,1747285500000,0,0,S0,0.5156537753222677,0.03859197330478893,2,-0.4508619721938309,0.9107688986435434,0.9666666666666667,-1.0,0.037885666638639605,0.037885666638639605
P000998,1747289100000,1747289400000,0,0,S1,0.8347893612890664,0.0270870807321922,1,-0.4651504502677073,0.9217428848990753,0.9666666666666667,1.725108454131843,0.4723423734249756,0.4723423734249756
P000999,1747380300000,1747380600000,0,5,S1,0.392623895505197,0.04910344827585504,1,0.42440519842906077,0.916633684740762,0.9666666666666667,-1.0,0.0012229270183030376,0.0012229270183030376
P001000,1747397400000,1747397700000,0,0,S2,0.6987751020748268,0.0322754696620415,3,-0.07962337474619968,0.9739862555319685,0.9666666666666667,1.9432971991955723,0.04478626979157224,0.04478626979157224
P001001,1747701600000,1747701900000,0,4,S0,0.7292069632495095,0.040268456375852926,1,-0.10986308971789495,0.8017846220271291,0.9666666666666667,1.891498881431765,0.49032158298764866,0.49032158298764866
P001002,1747910400000,1747910700000,0,0,S1,0.9238559333569201,0.03546109326580553,2,-0.028335775618960286,0.7959558162127154,0.9666666666666667,-1.0,0.6539819586496678,0.6539819586496678
P001003,1748355000000,1748355300000,0,4,S2,1.088515915667612,0.017254802604322928,2,-0.3107854564225624,0.9051199942431547,0.7833333333333333,-1.0,0.36523717318863774,0.36523717318863774
P001004,1748613900000,1748614200000,0,5,S2,0.9374464348065489,0.022822347222971134,1,-0.3534803497361113,0.9219947468787104,0.6833333333333333,1.580716509202086,0.00127276084682043,0.00127276084682043
P001005,1748925600000,1748925900000,0,0,S0,0.3580311951933567,0.03691645920187981,1,0.41380366516747047,0.7978627712013816,0.8,-1.0,0.4557247168692115,0.4557247168692115
P001006,1748960100000,1748960400000,0,5,S2,0.7284126457638294,0.027920032811669732,2,-0.09131470691991352,0.8159608534523082,0.8,1.892827712325848,0.15203333688269718,0.15203333688269718
P001007,1749102000000,1749102300000,0,4,S0,0.5492028501793106,0.04889022496117764,1,0.07639248708086312,0.683409491598604,0.7666666666666667,2.22746630592709,0.00915252210675145,0.00915252210675145
P001008,1749139800000,1749140100000,0,0,S2,0.8710602021695135,0.02804241909592916,3,-0.24446122681326143,0.9163458424783218,0.7083333333333334,-1.0,0.0007242925741779354,0.0007242925741779354
P001009,1749220200000,1749220500000,0,0,S2,1.2886376453527488,0.027516369012699247,2,-0.30198001457322016,0.7969992444140611,0.6833333333333333,-1.0,0.00464362028901983,0.00464362028901983
P001010,1750082700000,1750083000000,0,0,S2,1.1729369777685905,0.031387421050433476,2,-0.36177678766190335,0.8494225164609794,0.6083333333333333,-1.0,2.9433395717170682e-05,2.9433395717170682e-05
P001011,1750171500000,1750171800000,0,5,S2,1.2306645824203903,0.023808616256121247,2,-0.15558505160582506,0.8040873601266506,0.7583333333333333,-1.0,0.10156272031871436,0.10156272031871436
P001012,1751013600000,1751013900000,0,0,S1,0.7208167895632759,0.032764190124615185,4,-0.4806625078961746,0.6674342460331738,0.39166666666666666,-1.0,2.0931571074900832e-05,2.0931571074900832e-05
P001013,1751026800000,1751027100000,0,0,S2,0.7449864706005196,0.032368522807446974,2,-0.5313559978802105,0.7876443708847551,0.4,-1.0,8.958202172875185e-07,8.958202172875185e-07
P001014,1751036100000,1751036400000,0,4,S2,0.8321068719574155,0.02595316072421544,2,-0.43071742949060193,0.8720181340625337,0.425,-1.0,3.5389086131023838e-06,3.5389086131023838e-06
P001015,1751236200000,1751236500000,0,5,S3,1.3056552389327412,0.02054124551678588,1,-0.5483697010933981,0.774835390206167,0.45,1.168580937674979,0.08989019429191498,0.08989019429191498
P001016,1751414700000,1751415000000,0,4,S0,1.24498538823305,0.041151303357868985,1,0.3630721453893813,0.39571115028964127,0.25,-1.0,0.0005973800972899779,0.0005973800972899779
P001017,1751442300000,1751442600000,0,4,S1,1.4325297261917904,0.03453069644379803,4,0.06257171319733727,0.35544921383082073,0.21666666666666667,1.0554733396116451,0.0006638925116282797,0.0006638925116282797
P001018,1751547000000,1751547300000,0,5,S2,1.2085156022163435,0.03311765482635449,2,0.014327465775230804,0.6256971179793474,0.21666666666666667,-1.0,3.739853633528648e-07,3.739853633528648e-07
P001019,1752156300000,1752156600000,0,5,S2,0.7430394080579348,0.04839149603019925,1,0.1704012797379517,0.5993595509660706,0.13333333333333333,1.8685524704061949,6.574366762024048e-10,6.574366762024048e-10
P001020,1752498600000,1752498900000,0,0,S2,0.7416169987947483,0.027671393902618368,2,0.024099863521808967,0.6324254308638866,0.041666666666666664,-1.0,3.339652778717507e-07,3.339652778717507e-07
P001021,1752587100000,1752587400000,0,0,S2,0.9268426661393759,0.03568109380969749,2,-0.15242150677496444,0.34371964163638324,0.008333333333333333,-1.0,4.6517030432455184e-06,4.6517030432455184e-06
P001022,1752594000000,1752594300000,0,5,S2,0.8681761480404373,0.03604763437399893,1,-0.08773018637078277,0.5522973410571007,0.008333333333333333,1.6764071499599462,7.918931506942217e-09,7.918931506942217e-09
P001023,1753169700000,1753170000000,0,4,S1,0.6572436369173411,0.05573675103740345,1,0.20860621283890332,0.2023531104954485,0.10833333333333334,2.0170578957844207,5.19298542636504e-06,5.19298542636504e-06
P001024,1753327800000,1753328100000,0,4,S0,0.9375137756226679,0.03697173084580434,5,-0.34978185292230507,0.6663548375490231,0.058333333333333334,-1.0,1.2534672725523998e-09,1.2534672725523998e-09
P001025,1753356900000,1753357200000,0,0,S1,0.5422853453841073,0.053948243173385015,1,-0.628136350703441,0.49041125463246144,0.0,-1.0,1.5755111821250617e-11,1.5755111821250617e-11
P001026,1753362300000,1753362600000,0,0,S2,0.9439041302917459,0.033101316186614715,1,-0.7248640371231744,0.560536825819451,0.0,-1.0,4.725968668154088e-09,4.725968668154088e-09
P001027,1754377500000,1754377800000,0,0,S1,0.9035824386095314,0.06254537331769036,4,0.09362538727161053,0.10491850465944662,0.19166666666666668,-1.0,5.513606770311604e-06,5.513606770311604e-06
P001028,1754389200000,1754389500000,0,5,S1,0.6309481847021289,0.05046466392912287,1,0.011791302076207481,0.21537797287086677,0.19166666666666668,2.0657013183488906,7.108265051227673e-05,7.108265051227673e-05
P001029,1754457300000,1754457600000,0,0,S0,0.262220783425037,0.06245191074635729,1,0.003332434350495663,0.2887777497931134,0.19166666666666668,-1.0,7.146114590491636e-07,7.146114590491636e-07
P001030,1754469300000,1754469600000,0,5,S1,0.5299751149989126,0.061688599733859956,1,0.07452407351196662,0.08160328140179182,0.19166666666666668,-1.0,3.201061872734289e-05,3.201061872734289e-05
P001031,1754475000000,1754475300000,0,0,S1,1.0121343475199998,0.04965799241201129,4,-0.0719139881858178,0.21476630806318137,0.19166666666666668,1.4849235371199716,3.5978291801499854e-05,3.5978291801499854e-05
P001032,1754652600000,1754652900000,0,4,S1,0.6539158445741851,0.05226212213429281,1,0.04940844099651294,0.8461483107257223,0.2833333333333333,-1.0,1.6567832544565412e-11,1.6567832544565412e-11
P001033,1754875200000,1754875500000,0,5,S0,0.6053753418797047,0.04263945863116004,2,-0.1528019745519277,0.9240456229985967,0.3416666666666667,-1.0,3.274427601920264e-10,3.274427601920264e-10
P001034,1754915700000,1754916000000,0,0,S2,1.0433694077917641,0.026926816758736177,1,-0.23312560505579705,0.7377756989169935,0.3416666666666667,-1.0,1.3566859848773707e-05,1.3566859848773707e-05
P001035,1755009000000,1755009300000,0,4,S2,0.674484111252497,0.03314517837337759,3,-0.09348725444487564,0.7733601986111611,0.44166666666666665,1.9859942930482788,1.2900987833164575e-05,1.2900987833164575e-05
P001036,1755851100000,1755851400000,0,0,S1,1.0348616521826073,0.0629980527874803,1,-0.1395721717372245,0.04371604360810276,0.0,1.4571695056698384,1.0746428460691725e-07,1.0746428460691725e-07
P001037,1757455500000,1757455800000,0,0,S3,0.962724355025128,0.028752245802102325,1,-0.10067501416350098,0.8291656172417515,0.4083333333333333,0.0,0.004474061220333739,0.004474061220333739
P001038,1758104100000,1758104400000,0,0,S1,1.0894128682897315,0.034283615288861376,1,-0.29545092219731095,0.28651099197639696,0.058333333333333334,1.3930167540762977,0.00011193633330333295,0.00011193633330333295
P001039,1758135600000,1758135900000,0,5,S3,1.528005340129879,0.03984733190906724,2,-0.3295683977880015,0.8395639189724031,0.06666666666666667,-1.0,1.0811321104931968e-10,1.0811321104931968e-10
P001040,1758203700000,1758204000000,0,0,S2,1.3265446711506577,0.025249126509415333,2,-0.20606113838821905,0.8738891087683949,0.21666666666666667,1.1491098202413204,9.68282374092865e-09,9.68282374092865e-09
P001041,1758681600000,1758681900000,0,4,S0,0.43138369023518236,0.03241839578560591,1,0.07058073257021832,0.8023962868348146,0.30833333333333335,-1.0,4.856060391774865e-06,4.856060391774865e-06
P001042,1758733800000,1758734100000,0,0,S2,0.6512751492563305,0.03159940646617225,4,-0.33769183649269385,0.7181664447882561,0.3333333333333333,-1.0,2.5605037216616396e-06,2.5605037216616396e-06
P001043,1758742200000,1758742500000,0,0,S3,0.5124695636839569,0.04080772387073004,1,-0.3841611874405045,0.7130212643471378,0.3333333333333333,2.305851648228431,0.00010119560380803264,0.00010119560380803264
P001044,1758808500000,1758808800000,0,0,S2,1.0548736195412811,0.03564944908121748,2,-0.2619727588233294,0.8418306767891196,0.25833333333333336,1.4332396661533715,1.1297933080277309e-09,1.1297933080277309e-09
P001045,1759221900000,1759222200000,0,5,S1,1.2337069436850945,0.015292073088661939,2,0.1551648498984536,0.678732054833951,0.48333333333333334,-1.0,0.3525354464310878,0.3525354464310878
P001046,1759226400000,1759226700000,0,0,S1,0.8665722491493808,0.02708527933205274,3,-0.10478582597233925,0.8832080020148958,0.5,1.6787069197447866,2.7844831607771093e-05,2.7844831607771093e-05
P001072,1767769500000,1767769800000,1,0,S1,0.5191475696457951,0.025360978502776344,4,-0.039556345188290716,0.8467239952506027,1.0,-1.0,0.9949018730309268,0.005098126969073191
P001073,1767799200000,1767799500000,1,5,S2,0.43666930487704864,0.02545544347562081,1,-0.1195416298229356,0.9221746482927355,1.0,2.48027203130642,0.9234749887496747,0.07652501125032529
P001074,1768268100000,1768268400000,1,0,S0,0.5440298994271249,0.025294183431285533,1,0.19118616172769748,0.9172453495484475,0.925,0.4906793245274957,0.9761406097571991,0.023859390242800926
P001075,1769009400000,1769009700000,1,4,S2,1.0363421955402974,0.014740721242435655,2,0.5109347478651176,0.9755693879753895,0.7416666666666667,-1.0,0.5736601400947805,0.4263398599052195
P001076,1769025300000,1769025600000,1,5,S3,0.9481826413141623,0.012399909702939346,1,0.06806932086595219,0.987406901018242,0.7416666666666667,1.5664944825846592,0.9972065579191522,0.0027934420808477523
P001077,1769157600000,1769157900000,1,4,S1,1.190487745692772,0.01639525866843421,3,0.5105177520397354,0.9251969920483575,0.7666666666666667,1.2825966544810226,0.7895717110402252,0.21042828895977483
P001078,1769457600000,1769457900000,1,0,S3,1.2302280238538355,0.01059325733349656,3,0.20497176703843162,0.9819738783146835,0.8333333333333334,1.2419232233303077,0.9999138119499424,8.618805005755625e-05
P001079,1769762700000,1769763000000,1,4,S1,0.9053773806988279,0.010878650862651792,2,-0.3185525030327087,0.9997841183031698,1.0,-1.0,0.9976936263001467,0.0023063736998533146
P001080,1769766900000,1769767200000,1,0,S1,0.8807539431399489,0.016485325675291585,1,-0.38434961862356926,1.0,1.0,-1.0,0.9695696488210006,0.030430351178999393
P001081,1769796000000,1769796300000,1,0,S3,0.8467532945567747,0.013383290052414521,1,-0.33758664331504495,1.0,1.0,-1.0,0.9999910653923247,8.934607675259443e-06
P001082,1769798400000,1769798700000,1,0,S3,1.0067607695569225,0.01909650511169263,1,-0.33758664331504495,1.0,1.0,-1.0,0.9998176467615636,0.00018235323843640572
P001083,1770216300000,1770216600000,1,5,S2,0.9436127216348493,0.020853082480504544,1,0.37356691916646695,0.9884143489367826,1.0,-1.0,0.9481221355017168,0.051877864498283244
P001084,1770219600000,1770219900000,1,0,S2,1.5327436354517694,0.014193759877896136,1,0.12225927189244412,0.9899255208145936,1.0,-1.0,0.9869519514919464,0.013048048508053633
P001085,1770223800000,1770224100000,1,0,S2,1.4010772545398624,0.010638100894603267,1,0.00803079856372981,0.9925520814593602,1.0,1.0823986360897768,0.9971190817477468,0.0028809182522532284
P001086,1770260700000,1770261000000,1,5,S0,0.9218173607823728,0.016972335955088926,1,-0.3984728647070665,0.9991004929298745,1.0,-1.0,0.964431521907774,0.035568478092225964
P001087,1770337200000,1770337500000,1,0,S0,0.8873454244114554,0.021337148431840366,1,-0.3222875674739117,0.9981650055769439,1.0,1.6492235789636538,0.9283353864644474,0.07166461353555265
P001088,1770908700000,1770909000000,1,5,S2,0.9138412678729418,0.019905941725624612,2,-0.09843614767367784,0.921311121505415,1.0,-1.0,0.9730404871491003,0.026959512850899703
P001089,1770913800000,1770914100000,1,5,S2,2.8171574686259486,0.015470461355540985,1,0.005453353774289485,0.9357751951930342,1.0,0.3098752255038151,0.6344179148869482,0.3655820851130518
P001090,1771218300000,1771218600000,1,0,S0,0.6218120136626137,0.015602674744236794,1,-0.010670759443112318,0.9835210304752995,1.0,-1.0,0.9993223447195618,0.0006776552804381719
P001091,1771290300000,1771290600000,1,0,S0,1.4473567869617705,0.027796086089756786,1,-0.35369447348336225,0.870902745295578,1.0,-1.0,0.8363723457409967,0.16362765425900327
P001092,1771337100000,1771337400000,1,5,S2,1.6429838197622044,0.014961106094620827,1,-0.4109427814422805,0.9863634728168963,1.0,0.8918012144508215,0.7669525076839202,0.2330474923160798
P001093,1771943700000,1771944000000,1,0,S2,1.5987393292641339,0.013798036214860742,5,-0.15503061451092684,0.9679775483035297,1.0,0.9240098241849468,0.9616147404792355,0.03838525952076455
P001094,1772116800000,1772117100000,1,4,S2,1.7207044138302217,0.01726238142274811,2,-0.06844198808934841,0.8855827006800273,1.0,0.8377593591510253,0.990961643370881,0.009038356629119004
P001095,1772551800000,1772552100000,1,0,S2,0.9212255256822409,0.008334510833546119,3,-0.4789663133223072,0.9991004929298745,0.9916666666666667,0.7514324427050371,0.9969814536075989,0.003018546392401067
P001096,1773274200000,1773274500000,1,0,S0,0.6327774634560849,0.019733635080458885,1,-0.2815229954977996,0.9380059727269456,1.0,-1.0,0.9970311911542357,0.002968808845764337
P001097,1773338400000,1773338700000,1,0,S3,0.301707131892433,0.021394896298441202,1,-0.2579610065861469,0.9289029611772749,1.0,-1.0,0.9999922024921595,7.797507840523465e-06
P001098,1773348000000,1773348300000,1,0,S3,0.8155911192796647,0.012488669915356916,2,-0.30835792443250415,0.9354153923649839,1.0,-1.0,0.9999990181767114,9.818232885594469e-07
P001099,1773418800000,1773419100000,1,0,S2,0.869513634718868,0.013326691141248558,3,-0.39897746000771617,0.9580110099665383,1.0,-1.0,0.9951602978386722,0.004839702161327786
P001100,1773926700000,1773927000000,1,0,S2,1.7498515673983706,0.006663687018384693,5,-0.7290511848095117,0.9945669772964415,0.9666666666666667,0.8182799607363821,0.928117072970198,0.07188292702980204
P001101,1774014000000,1774014300000,1,4,S2,0.7619266545277992,0.014419990226459537,1,0.051255138931162667,0.9898175799661786,0.9666666666666667,-1.0,0.995304843050562,0.004695156949438006
P001102,1774466100000,1774466400000,1,5,S3,0.7452937004092911,0.010955390860071957,1,0.37705642506992476,0.9881265066743424,1.0,-1.0,0.9999996175744602,3.8242553979106475e-07
P001103,1774506300000,1774506600000,1,0,S1,0.7216067471946183,0.012288786482331296,2,-0.34492240441502886,0.990645126470694,1.0,-1.0,0.9974647835136431,0.002535216486356906
P001104,1774544700000,1774545000000,1,5,S2,0.9097630912949176,0.011751460801011547,6,-0.37845063765514253,0.9933436476810708,1.0,1.618125788895492,0.9707213049834754,0.02927869501652458
P001105,1774898700000,1774899000000,1,4,S3,0.3078857484210725,0.015470354013276942,1,0.03160808827160393,0.9858597488576261,1.0,2.8229638988238555,0.9999990549856161,9.450143838574121e-07
P001106,1775094600000,1775094900000,1,5,S0,1.907005142537431,0.014640735165265796,4,0.29133809021937107,0.9801029036088224,1.0,-1.0,0.9785492685832052,0.021450731416794766
P001107,1775110500000,1775110800000,1,0,S1,0.9127035518142758,0.009529302605514697,1,-0.18257472793936824,0.9939193322059512,1.0,1.6141008601449447,0.9993526088670325,0.000647391132967523
P001108,1776237000000,1776237300000,1,0,S1,0.7090072278222499,0.02024541040815177,2,0.2572112697982059,0.8754722412118159,1.0,-1.0,0.9995135330431856,0.0004864669568144242
P001109,1776246600000,1776246900000,1,5,S1,0.7982911199267567,0.020023756999835145,1,0.22663717516307638,0.8363616738027561,1.0,-1.0,0.9996054326492789,0.0003945673507210756
P001110,1776390000000,1776390300000,1,4,S0,0.6351995757246343,0.027320677135012874,3,-0.16796642821144764,0.8213219155902566,0.9916666666666667,2.0577307346623046,0.9961621819842437,0.0038378180157563335
P001111,1776636300000,1776636600000,1,5,S3,1.6194184789368238,0.030800998859173933,1,0.15595868156442788,0.9516065196272443,0.9416666666666667,-1.0,0.903782764002758,0.09621723599724197
P001112,1776792900000,1776793200000,1,0,S2,0.5499065943761843,0.021711221128589864,1,-0.4657151578098094,0.9642715791746123,0.8833333333333333,-1.0,0.353219974687774,0.646780025312226
P001113,1777447800000,1777448100000,1,5,S1,0.6604555980397584,0.019978594363205083,1,-0.22072946035878746,0.7293203324578131,0.8166666666666667,-1.0,0.9936801540136141,0.006319845986385908
P001114,1777456800000,1777457100000,1,0,S1,0.8042933810376105,0.018639698592117192,2,-0.3038387197320897,0.8342028568344547,0.8166666666666667,-1.0,0.9361990665593549,0.06380093344064508
P001115,1777622400000,1777622700000,1,0,S1,0.49023995955912547,0.037942524389847986,1,-0.05211161171117516,0.7472025330119094,0.8083333333333333,-1.0,0.12912905411307243,0.8708709458869276
P001116,1777629900000,1777630200000,1,0,S1,0.4976026166160851,0.02745218687771614,2,-0.25640689138389766,0.7782535170726442,0.8083333333333333,2.3386693803311767,0.7430846540975037,0.2569153459024963
P001117,1777878300000,1777878600000,1,0,S1,0.42724051548861136,0.021216621707607696,4,-0.07665388706289639,0.8879214190623538,0.8083333333333333,-1.0,0.7545906283375158,0.24540937166248422
P001118,1778459400000,1778459700000,1,0,S0,0.9556498264558322,0.018497337803196897,2,0.02508246037199578,0.9064872449897456,0.9833333333333333,-1.0,0.9988205692907365,0.0011794307092635181
P001119,1778479200000,1778479500000,1,0,S1,0.6801295274457004,0.018306238629020498,1,-0.26673141954803725,0.9015219659626524,0.9833333333333333,1.975961030576891,0.9973357608568109,0.00266423914318914
P001120,1778567400000,1778567700000,1,0,S1,0.4827841510047947,0.023813573737025823,1,0.14621821912490665,0.8826682977728205,0.9833333333333333,-1.0,0.9971057569155853,0.0028942430844146605
P001121,1778595000000,1778595300000,1,4,S2,0.8751897087519127,0.01672640382317494,2,-0.08357156111564909,0.9292267837225201,0.9833333333333333,-1.0,0.9959945572591491,0.004005442740850906
P001122,1778599800000,1778600100000,1,0,S2,1.2708453548759509,0.011784137471030666,1,-0.28752258664871483,0.9303061922066708,0.9916666666666667,1.2018232061747522,0.9981261224192524,0.0018738775807476404
P001123,1778665200000,1778665500000,1,4,S1,0.6009436548024242,0.02568084820170592,4,0.005687858315497562,0.781059979131436,1.0,-1.0,0.9991314980657028,0.0008685019342972167
P001124,1778680200000,1778680500000,1,4,S2,0.9290705918098764,0.014700477765529556,1,-0.1416755700172866,0.7931853344367287,0.9916666666666667,-1.0,0.9999690372844857,3.09627155142822e-05
P001125,1779771900000,1779772200000,1,0,S0,0.5674713572048309,0.02449156154380373,1,-0.26773686973738914,0.7938329795272191,0.9083333333333333,-1.0,0.9963040997240704,0.0036959002759295867
P001126,1779797700000,1779798000000,1,5,S2,0.5155917149081235,0.021493592950522215,4,-0.29724326468967643,0.9065592055553556,0.9083333333333333,-1.0,0.7166649201343572,0.28333507986564277
P001127,1779819300000,1779819600000,1,0,S3,0.489404267333542,0.01922181180066245,2,-0.34369384149075266,0.9061274421616954,0.9083333333333333,-1.0,0.9999551193087535,4.488069124652938e-05
P001128,1780284300000,1780284600000,1,4,S0,0.37389064863168625,0.02533479419050092,2,0.07978469047868547,0.9422156658151333,0.8833333333333333,-1.0,0.8728931864328374,0.12710681356716258
P001129,1780300500000,1780300800000,1,4,S1,0.777497147649396,0.025730070167934015,1,-0.11009525550263634,0.8216097578526967,0.8833333333333333,-1.0,0.9315753806014473,0.06842461939855271
P001130,1780320900000,1780321200000,1,5,S2,1.0266801419887133,0.018915154477862177,1,-0.2095465482821321,0.7978627712013816,0.8833333333333333,1.4670888594653373,0.9828060874783298,0.01719391252167024
P001131,1780425900000,1780426200000,1,0,S3,0.5616650780327506,0.022106628040780223,1,0.028733332221525763,0.8290576763933365,0.975,-1.0,0.999999027466944,9.725330559762213e-07
P001132,1780443600000,1780443900000,1,4,S3,1.0859888403162539,0.028306552311135623,3,-0.0006424351578175306,0.7028388443133163,0.9583333333333334,-1.0,0.99999582528162,4.174718379990061e-06
P001133,1780477200000,1780477500000,1,0,S1,0.7418490520868377,0.018131168165255607,1,-0.5376014685492242,0.8507537869247652,0.9583333333333334,-1.0,0.9968343491759077,0.0031656508240922587
P001134,1780525500000,1780525800000,1,4,S3,0.6064506268425921,0.02593845375768842,2,-0.29876034785927585,0.9121361493901342,0.9583333333333334,2.1124517096596005,0.9996856299246587,0.000314370075341297
P001135,1780882800000,1780883100000,1,4,S0,0.9768187865990152,0.012723601490488347,2,-0.41571202095514587,0.9844205375454251,0.9666666666666667,-1.0,0.9952974949139444,0.0047025050860556306
P001136,1780898100000,1780898400000,1,0,S1,1.0237265387184582,0.013383701459797077,4,-0.47275799269975344,0.9789515345590616,0.9666666666666667,1.4706895444313657,0.9642774768223449,0.03572252317765512
P001137,1781016600000,1781016900000,1,5,S2,1.2910325259074833,0.02111794092137542,1,-0.034302975613486233,0.8703270607706977,0.9666666666666667,-1.0,0.952967382983773,0.04703261701622696
P001138,1781053800000,1781054100000,1,0,S0,0.6431153305969756,0.01577010108105383,1,-0.43511707595302823,0.9838088727377398,0.9666666666666667,-1.0,0.9927291113508417,0.007270888649158258
P001139,1781089800000,1781090100000,1,0,S1,0.6550038109641217,0.014016386429935255,1,-0.5059841676110878,0.9781599683373511,0.9833333333333333,-1.0,0.9931991576856113,0.006800842314388711
P001140,1781104800000,1781105100000,1,5,S2,0.5881933585859891,0.0056558547073859815,1,-0.5028393420872128,0.9885942503508077,0.9833333333333333,-1.0,0.9994293934423918,0.0005706065576082109
P001141,1781119800000,1781120100000,1,0,S3,0.16845243306461674,0.016407080020048658,1,-0.4646154317899041,0.9903213039254488,0.9833333333333333,-1.0,0.9999902033073471,9.796692652885852e-06
P001142,1781130600000,1781130900000,1,0,S3,0.4998157437030142,0.016870716786362785,2,-0.5204013589600569,0.9894937574209334,0.9833333333333333,2.333742842074126,0.9999571992391404,4.2800760859607045e-05
P001143,1781560800000,1781561100000,1,0,S3,0.4473900101796467,0.028251186282756274,1,0.39309883299436416,0.897528154571295,1.0,2.454493926885292,0.9999871427332706,1.285726672939358e-05
P001144,1781720100000,1781720400000,1,5,S3,1.8994283672739836,0.019838580494117995,1,0.2870166100850634,0.8735293059403447,0.8916666666666667,-1.0,0.9995784955256569,0.0004215044743430818
P001145,1781725500000,1781725800000,1,5,S3,0.8582392350517353,0.008293979248134154,2,-0.23836141243769382,0.9721152808261073,0.8916666666666667,1.69071920648626,0.9999850948002538,1.4905199746229059e-05
P001146,1781781900000,1781782200000,1,0,S1,0.4229546584120195,0.017721975953434232,3,-0.19321386211146863,0.9661065735976685,0.8916666666666667,-1.0,0.9236678007358942,0.07633219926410584
P001147,1781802000000,1781802300000,1,0,S2,0.4970627494291327,0.01425681271978717,1,-0.3613222612026851,0.9647753031338826,0.8916666666666667,-1.0,0.9691242039649792,0.030875796035020775
P001148,1782864600000,1782864900000,1,0,S0,0.24973841537333177,0.036145422624812254,3,-0.02937782814805434,0.8984996222070305,1.0,-1.0,0.7235378513986699,0.2764621486013301
P001149,1782871800000,1782872100000,1,0,S0,0.41480611045827925,0.029900332225905404,1,-0.03317796973033613,0.9331846148310726,1.0,2.5340531561462054,0.9401627974747032,0.059837202525296784
P001150,1783315500000,1783315800000,1,5,S0,0.17826312154695154,0.03897721444795642,1,0.18379425325471171,0.9092937070485374,0.9916666666666667,-1.0,0.39918148180922963,0.6008185181907704
P001151,1783342800000,1783343100000,1,0,S2,0.7687665942554015,0.01783114992723238,4,-0.17223880387273152,0.9346238261432734,0.9916666666666667,-1.0,0.9893992478017565,0.010600752198243524
P001152,1783452600000,1783452900000,1,0,S3,1.335269153450969,0.018211382113804544,3,-0.21421244088603617,0.8990393264491059,0.9833333333333333,-1.0,0.9999733104829711,2.6689517028888332e-05
P001153,1783502100000,1783502400000,1,0,S1,0.4522578890097927,0.020979675938929854,2,-0.29204158411823566,0.9693447990501205,0.9833333333333333,-1.0,0.9577915971698429,0.04220840283015714
P001154,1783662900000,1783663200000,1,4,S1,0.7775035260930745,0.03934404549359385,2,0.3459216533495444,0.6833735113157989,0.9666666666666667,-1.0,0.9784401370782214,0.021559862921778583
P001155,1783690800000,1783691100000,1,4,S2,1.0795721068588688,0.021181195499690414,3,-0.06716258450936224,0.7674594322311373,0.9166666666666666,-1.0,0.9964961121448638,0.003503887855136223
P001156,1783920900000,1783921200000,1,0,S0,0.5916583692886429,0.025949352424633896,1,-0.34897449551794174,0.9576512071384881,0.925,-1.0,0.5973216852236962,0.4026783147763038
P001157,1783954200000,1783954500000,1,5,S2,0.5403836347232656,0.018182281188715434,2,-0.26280308300457095,0.9455978123988055,0.925,2.2459446382642603,0.9010811660263868,0.09891883397361323
P001158,1784091000000,1784091300000,1,0,S0,0.3588254275573019,0.03704583234387031,2,0.10039481601096552,0.895945022127874,0.925,-1.0,0.2705687240941748,0.7294312759058252
P001159,1784815800000,1784816100000,1,0,S2,0.5267604407089597,0.020365669300313072,1,-0.30326161306198657,0.9171014284172273,0.9666666666666667,-1.0,0.9836375724673565,0.016362427532643498
P001160,1784862600000,1784862900000,1,0,S0,0.7293732970027206,0.03441104178484566,3,-0.51031968909283,0.8108516532939949,0.9916666666666667,1.891220772672872,0.7612275871417478,0.23877241285825224
P001161,1785159300000,1785159600000,1,5,S2,0.7514895860796025,0.02655266881414678,1,0.14543938511433965,0.821933580397942,0.9166666666666666,-1.0,0.9354271326640589,0.06457286733594114
P001162,1786638000000,1786638300000,1,0,S2,0.40429174751741165,0.028069034652820367,1,-0.24587183103174973,0.9348756881229087,1.0,-1.0,0.8170050781598667,0.18299492184013333
P001163,1786674600000,1786674900000,1,0,S0,0.5237911567726805,0.020295924707185,4,-0.49026430849034247,0.9554204296045767,1.0,2.281289550590196,0.9831510320301515,0.016848967969848472
P001164,1787026800000,1787027100000,1,4,S0,0.20800467426231273,0.032406287787187245,3,-0.006518766098021793,0.9019537293563128,1.0,-1.0,0.9464440041737883,0.05355599582621173
P001165,1787067000000,1787067300000,1,5,S2,0.5508870214752842,0.02327914910696079,2,-0.23815608556413365,0.8773791962004821,0.9833333333333333,-1.0,0.9680242066310527,0.03197579336894729
P001166,1787086200000,1787086500000,1,0,S3,0.35274993226767204,0.02990853862075046,1,-0.3884314762888155,0.8718742129313136,0.9833333333333333,2.6961746445022587,0.9998045242813133,0.00019547571868672176
P001167,1787227800000,1787228100000,1,5,S2,0.8251226878067084,0.019184032266395604,1,0.3503619031073418,0.8338790342892095,0.9833333333333333,1.7395418584208298,0.999613876562721,0.00038612343727895126
P001168,1787595900000,1787596200000,1,4,S3,0.7457060749849413,0.0222426400214372,4,0.0440897772141328,0.9503472097290685,0.9833333333333333,-1.0,0.9999331848902888,6.681510971118243e-05
P001169,1788315300000,1788315600000,1,0,S0,0.7007764141829611,0.021205427579685777,3,-0.6217443618410773,0.9522901450005397,1.0,1.9398338066688152,0.9546353743694437,0.04536462563055632
P001170,1788505200000,1788505500000,1,0,S1,0.6024231826129932,0.02782757814323204,1,0.14765870273272905,0.6260569208073975,0.9833333333333333,-1.0,0.9999831393076319,1.6860692368059205e-05
P001171,1788527700000,1788528000000,1,0,S2,1.7067916696485987,0.015546507323782531,3,-0.17582423129502084,0.9472888856906415,0.9416666666666667,0.8472053302310871,0.8258165752113248,0.1741834247886752
P001172,1788761700000,1788762000000,1,0,S1,0.6278744759242334,0.023309659460423317,3,-0.3097079181691112,0.8953333573201885,0.9416666666666667,-1.0,0.9124590827333421,0.08754091726665791
P001173,1788898200000,1788898500000,1,0,S3,0.26749576031654737,0.02372669699401213,1,-0.2729019012985646,0.9377900910301155,0.9416666666666667,2.94478637052902,0.9998745907618446,0.00012540923815540506
P001174,1789983600000,1789983900000,1,4,S1,0.6600956827482292,0.028193465504667132,1,-0.21949401764488577,0.7174828194149606,0.9833333333333333,-1.0,0.9991061027797771,0.0008938972202229278
P001175,1789999800000,1790000100000,1,5,S2,1.107821302240258,0.01566287525638547,1,-0.10945209287439489,0.8872377936890584,0.9666666666666667,-1.0,0.9947728976855323,0.005227102314467658
P001176,1790607600000,1790607900000,1,0,S2,0.6352966904796491,0.01841037756876493,1,-0.6580558311904697,0.9569316014823877,0.925,2.0575491463469198,0.7899878961036375,0.2100121038963625
