scope,metric,order,n,share
ALL,half_r_order,ONLY_MINUS,405,0.3440951571792693
ALL,half_r_order,ONLY_PLUS,283,0.24044180118946473
ALL,half_r_order,PLUS_FIRST,261,0.221750212404418
ALL,half_r_order,MINUS_FIRST,213,0.18096856414613424
ALL,half_r_order,NEITHER,14,0.0118946474086661
ALL,half_r_order,SAME_M1_AMBIGUOUS,1,0.0008496176720475786
ALL,one_r_order,ONLY_MINUS,579,0.491928632115548
ALL,one_r_order,ONLY_PLUS,418,0.35514018691588783
ALL,one_r_order,PLUS_FIRST,114,0.09685641461342395
ALL,one_r_order,NEITHER,63,0.05352591333899745
ALL,one_r_order,SAME_M1_AMBIGUOUS,3,0.002548853016142736
LOSSES,half_r_order,ONLY_MINUS,405,0.5793991416309013
LOSSES,half_r_order,PLUS_FIRST,207,0.296137339055794
LOSSES,half_r_order,MINUS_FIRST,86,0.12303290414878398
LOSSES,half_r_order,SAME_M1_AMBIGUOUS,1,0.001430615164520744
LOSSES,one_r_order,ONLY_MINUS,579,0.8283261802575107
LOSSES,one_r_order,PLUS_FIRST,114,0.1630901287553648
LOSSES,one_r_order,SAME_M1_AMBIGUOUS,3,0.004291845493562232
LOSSES,one_r_order,NEITHER,2,0.002861230329041488
LOSSES,one_r_order,ONLY_PLUS,1,0.001430615164520744
