group_type,group,n_trades,n_losses,total_r,mean_r,win_rate,target_rate,stop_rate,timeout_rate,pre_mfe_median,pre_mae_median,reclaim_loss_rate,anchor_recross_rate,loss_no_start_share,loss_started_faded_share,loss_strong_progress_failed_share,late_eligible_n,late_plus1_share,late_target_share
year,2018,105,63,15.723006380898127,0.1497429179133155,0.4,0.4,0.6,0.0,0.7888754534461515,-1.0274771282369353,0.8380952380952381,0.7904761904761904,0.7142857142857143,0.1746031746031746,0.1111111111111111,63,0.6031746031746031,0.42857142857142855
year,2019,106,63,0.527601848329772,0.004977375927639359,0.4056603773584906,0.3867924528301887,0.5849056603773585,0.02830188679245283,0.8705643956085705,-1.0146722326009265,0.9056603773584906,0.7641509433962265,0.5873015873015873,0.20634920634920634,0.20634920634920634,62,0.6129032258064516,0.46774193548387094
year,2020,129,74,9.758340989594291,0.07564605418290149,0.4263565891472868,0.4108527131782946,0.5736434108527132,0.015503875968992248,0.9343791509286924,-1.0095409946994318,0.9147286821705426,0.7906976744186046,0.527027027027027,0.28378378378378377,0.1891891891891892,74,0.3783783783783784,0.21621621621621623
year,2021,157,97,-12.280719628197755,-0.07822114412864811,0.3821656050955414,0.36942675159235666,0.6178343949044586,0.012738853503184714,0.8065632158126057,-1.03849828047381,0.8789808917197452,0.7579617834394905,0.5463917525773195,0.28865979381443296,0.16494845360824742,97,0.5051546391752577,0.36082474226804123
year,2022,164,97,21.257428338918693,0.12961846548121153,0.40853658536585363,0.40853658536585363,0.5853658536585366,0.006097560975609756,0.9304933625609142,-1.0207677423330273,0.8719512195121951,0.7621951219512195,0.5773195876288659,0.24742268041237114,0.17525773195876287,96,0.6041666666666666,0.46875
year,2023,151,91,7.238620130126845,0.04793788165646917,0.3973509933774834,0.39072847682119205,0.6026490066225165,0.006622516556291391,0.8181042041626219,-1.018288222384784,0.8675496688741722,0.7615894039735099,0.6263736263736264,0.23076923076923078,0.14285714285714285,91,0.5494505494505495,0.43956043956043955
year,2024,138,77,23.622505020666907,0.1711775726135283,0.4420289855072464,0.42028985507246375,0.5579710144927537,0.021739130434782608,0.9878921123523539,-1.0171878491241149,0.8115942028985508,0.717391304347826,0.6103896103896104,0.2077922077922078,0.18181818181818182,77,0.5714285714285714,0.4155844155844156
year,2025,122,68,22.143893262655208,0.1815073218250427,0.4344262295081967,0.4344262295081967,0.5573770491803278,0.00819672131147541,1.125713792976431,-1.0077027801764635,0.8360655737704918,0.7213114754098361,0.5588235294117647,0.27941176470588236,0.16176470588235295,68,0.7941176470588235,0.6617647058823529
year,2026,105,69,-8.337093779000776,-0.07940089313334073,0.34285714285714286,0.3238095238095238,0.6571428571428571,0.01904761904761905,0.8032940520720173,-1.0428053204353205,0.8952380952380953,0.8095238095238095,0.4782608695652174,0.3333333333333333,0.18840579710144928,69,0.5942028985507246,0.42028985507246375
