engine,state_id,year,signal_t,entry_t,exit_t,entry_rr,pnl_r,exit_kind,quarter_key,risk_off,health_n,health_total_r,health_pf
swing,5,2018,1528089600000,1528089900000,1528215600000,3.0489187486878393,3.0489187486878393,TARGET,2018Q2,True,20,-3.585492578498042,0.7438933872501398
swing,0,2018,1529491800000,1529492100000,1529519400000,1.2344471610975407,-1.0,STOP,2018Q2,True,20,-4.118808462979157,0.7057993955014888
swing,0,2018,1529520300000,1529520600000,1529550000000,2.4384731021151227,-1.0,STOP,2018Q2,True,20,-4.118808462979157,0.7057993955014888
swing,0,2018,1529990700000,1529991000000,1529999700000,2.067201131808456,-1.0,STOP,2018Q2,True,20,-4.118808462979157,0.7057993955014888
swing,0,2018,1530006000000,1530006300000,1530064800000,2.6754914603016218,-1.0,STOP,2018Q2,True,20,-4.118808462979157,0.7057993955014888
swing,0,2018,1530068700000,1530069000000,1530126900000,1.3186069524691355,-1.0,STOP,2018Q2,True,20,-6.459054784994656,0.569396347667023
swing,5,2018,1530127200000,1530127500000,1530207000000,1.6491927322549254,-1.0,STOP,2018Q2,True,20,-9.637087059851515,0.39768205875928037
swing,0,2018,1530211500000,1530211800000,1530291300000,2.632089569395468,2.632089569395468,TARGET,2018Q2,True,20,-9.637087059851515,0.39768205875928037
swing,0,2018,1530513000000,1530513300000,1530544800000,2.6355569778603636,-1.0,STOP,2018Q3,True,20,-6.004997490456047,0.5996668339695969
swing,5,2018,1530582600000,1530582900000,1530612300000,2.671122994652522,2.671122994652522,TARGET,2018Q3,True,20,-9.5500756397161,0.4031202725177437
swing,0,2018,1530768900000,1530769200000,1530784200000,1.7811083836858006,-1.0,STOP,2018Q3,True,20,-5.878952645063578,0.608069823662428
swing,0,2018,1530787500000,1530787800000,1530803700000,2.864158221841286,2.864158221841286,TARGET,2018Q3,True,20,-5.878952645063578,0.608069823662428
swing,0,2018,1531222500000,1531222800000,1531229100000,2.0151051326167044,2.0151051326167044,TARGET,2018Q3,True,20,-3.653158495281832,0.7564561003145445
swing,0,2018,1534341600000,1534341900000,1534347000000,1.7896138482023616,-1.0,STOP,2018Q3,True,20,-6.671981294299117,0.5830011691063052
swing,0,2018,1534350300000,1534350600000,1534377900000,1.9682709550529693,-1.0,STOP,2018Q3,True,20,-10.353742853616186,0.39095630272845966
swing,5,2018,1534380600000,1534380900000,1534386300000,0.9315169173425047,0.9315169173425047,TARGET,2018Q3,True,20,-10.353742853616186,0.39095630272845966
swing,0,2018,1534450500000,1534450800000,1534747200000,3.187020482860467,3.187020482860467,TARGET,2018Q3,True,20,-8.422225936273682,0.4736108789828949
swing,4,2018,1534855200000,1534855500000,1534884300000,2.0030802037670696,2.0030802037670696,TARGET,2018Q3,True,20,-4.235205453413215,0.7176529697724523
swing,5,2018,1534983600000,1534983900000,1534986000000,2.8690853586944844,-1.0,STOP,2018Q3,True,20,-4.247230382262849,0.7168513078491434
swing,0,2018,1534991700000,1534992000000,1535007600000,3.1485502865572377,-1.0,STOP,2018Q3,True,20,-4.247230382262849,0.7168513078491434
swing,0,2018,1535070300000,1535070600000,1535105400000,2.1682634730538077,2.1682634730538077,TARGET,2018Q3,True,20,-4.247230382262849,0.7168513078491434
swing,0,2019,1556026500000,1556026800000,1556094300000,1.2235276425361543,1.2235276425361543,TARGET,2019Q2,True,20,-3.695295055253978,0.7360503531961443
swing,4,2019,1557144300000,1557144600000,1557146700000,2.6151990349820387,-1.0,STOP,2019Q2,True,20,-3.4836362278600235,0.7511688408671412
swing,0,2019,1557150600000,1557150900000,1557241200000,1.6355243351730868,1.6355243351730868,TARGET,2019Q2,True,20,-7.300745208967173,0.5132836527355218
swing,5,2019,1557324600000,1557324900000,1557330600000,1.7421497011667872,-1.0,STOP,2019Q2,True,20,-6.938151689526648,0.5374565540315568
swing,0,2019,1557333900000,1557334200000,1557499200000,3.240584704013677,3.240584704013677,TARGET,2019Q2,True,20,-6.938151689526649,0.5374565540315568
swing,4,2019,1557715500000,1557715800000,1557752400000,2.4719190315539,2.4719190315539,TARGET,2019Q2,True,20,-5.3042130892200605,0.6463857940519958
swing,5,2019,1573485600000,1573485900000,1573487400000,1.4650205761316728,-1.0,STOP,2019Q4,True,20,-3.4964164969601725,0.7310448848492175
swing,0,2019,1573488000000,1573488300000,1573586700000,1.5316703669844762,1.5316703669844762,TARGET,2019Q4,True,20,-5.516646645965781,0.6059538110024443
swing,0,2019,1573797600000,1573797900000,1574065200000,2.3597961624802832,-1.0,STOP,2019Q4,True,20,-2.984976278981305,0.7703864400783613
swing,0,2019,1574071800000,1574072100000,1574085900000,2.363409374645179,2.363409374645179,TARGET,2019Q4,True,20,-2.984976278981305,0.7703864400783613
swing,0,2019,1574261400000,1574261700000,1574264100000,1.5488975166655032,-1.0,STOP,2019Q4,True,20,-4.279393216220894,0.694329055984222
swing,5,2019,1574349300000,1574349600000,1574636700000,1.0772791431417585,-1.0,STOP,2019Q4,True,20,-4.279393216220894,0.694329055984222
swing,4,2019,1574859300000,1574859600000,1574860800000,2.6767870645028213,-1.0,STOP,2019Q4,True,20,-4.279393216220894,0.694329055984222
swing,0,2019,1574872200000,1574872500000,1575040500000,1.868373625007801,1.868373625007801,TARGET,2019Q4,True,20,-4.279393216220894,0.694329055984222
swing,0,2020,1592206200000,1592206500000,1592216100000,1.7121247718359927,-1.0,STOP,2020Q2,True,20,-3.106022468710057,0.761075194714611
swing,0,2020,1592216700000,1592217000000,1592272200000,1.9742821473158165,1.9742821473158165,TARGET,2020Q2,True,20,-3.106022468710057,0.761075194714611
swing,5,2020,1608146400000,1608146700000,1608179700000,1.8444465075092045,1.8444465075092045,TARGET,2020Q4,True,20,-4.76174270931986,0.6337120992830877
swing,4,2020,1608280500000,1608280800000,1608512400000,1.805396932034532,1.805396932034532,TARGET,2020Q4,True,20,-4.476158929487296,0.655680082347131
swing,5,2020,1608617400000,1608617700000,1608621000000,2.2676783836906784,-1.0,STOP,2020Q4,True,20,-2.6857693638585234,0.7934023566262673
swing,5,2020,1608653100000,1608653400000,1609110300000,2.257949727437867,2.526211387038143,TARGET_GAP,2020Q4,True,20,-5.021287936169057,0.6413365759879245
swing,0,2021,1610578800000,1610579100000,1610591400000,1.4813162153971426,-1.0,STOP,2021Q1,True,20,-3.3488302391777687,0.7607978400587309
swing,0,2021,1610719500000,1610719800000,1610724000000,1.5195617614875818,-1.0,STOP,2021Q1,True,20,-3.3488302391777687,0.7607978400587309
swing,0,2021,1610724600000,1610724900000,1610727000000,1.8236766005903997,-1.0,STOP,2021Q1,True,20,-3.3488302391777682,0.7607978400587309
swing,5,2021,1611062100000,1611062400000,1611109800000,1.5138748738647845,1.5138748738647845,TARGET,2021Q1,True,20,-5.690343389288808,0.6206437740474128
swing,0,2021,1611149100000,1611149400000,1611150900000,0.6259138730385091,0.6259138730385091,TARGET,2021Q1,True,20,-3.1764685154240233,0.7731093917554269
swing,4,2021,1612242300000,1612242600000,1612250700000,2.610745108373403,-1.0,STOP,2021Q1,True,20,-4.413103018429844,0.6847783558264398
swing,0,2021,1612251300000,1612251600000,1612267200000,1.0092295757133263,-1.0,STOP,2021Q1,True,20,-4.413103018429844,0.6847783558264398
swing,4,2021,1612271400000,1612271700000,1612272300000,2.0363476170209176,-1.0,STOP,2021Q1,True,20,-4.413103018429844,0.6847783558264398
swing,5,2021,1612881900000,1612882200000,1612963800000,0.8501364861733464,0.8501364861733464,TARGET,2021Q1,True,20,-4.413103018429844,0.6847783558264398
swing,4,2021,1613137200000,1613137500000,1613145000000,1.5439733382706844,1.5439733382706844,TARGET,2021Q1,True,20,-5.407413039765702,0.613756211445307
swing,4,2021,1613373900000,1613374200000,1613479500000,2.57224317922629,-1.0,STOP,2021Q1,True,20,-5.6688366335295495,0.5950830976050321
swing,0,2021,1613555700000,1613556000000,1613568000000,2.1761575658548757,-1.0,STOP,2021Q1,True,20,-5.668836633529549,0.5950830976050321
swing,5,2021,1613569800000,1613570100000,1613661300000,0.9735043050885113,-1.0,STOP,2021Q1,True,20,-9.195048020567693,0.3869967986288205
swing,5,2021,1613661900000,1613662200000,1613696700000,1.9334362262059994,-1.0,STOP,2021Q1,True,20,-9.195048020567693,0.3869967986288205
swing,4,2021,1614075000000,1614075300000,1614090900000,1.6626845737182314,-1.0,STOP,2021Q1,True,20,-9.195048020567693,0.3869967986288205
swing,5,2021,1614092100000,1614092400000,1614174300000,1.1827092911942065,-1.0,STOP,2021Q1,True,20,-9.195048020567693,0.3869967986288205
swing,5,2021,1614175200000,1614175500000,1614253500000,1.5450853190280138,-1.0,STOP,2021Q1,True,20,-9.195048020567693,0.3869967986288205
swing,0,2021,1614254100000,1614254400000,1614265500000,1.4889948147348329,-1.0,STOP,2021Q1,True,20,-11.708922894432476,0.2681923190979702
swing,4,2021,1615376400000,1615376700000,1615383300000,2.62413275159149,2.62413275159149,TARGET,2021Q1,True,20,-13.334836767470986,0.21559783720758907
swing,5,2021,1615474200000,1615474500000,1615529400000,1.5565562498664307,-1.0,STOP,2021Q1,True,20,-9.710704015879497,0.3930809990075315
swing,0,2021,1615533900000,1615534200000,1615540500000,1.8909438840425987,-1.0,STOP,2021Q1,True,20,-9.710704015879497,0.3930809990075315
swing,0,2021,1615542900000,1615543200000,1615567200000,2.2249639265779937,2.2249639265779937,TARGET,2021Q1,True,20,-9.710704015879497,0.3930809990075315
swing,4,2021,1615880400000,1615880700000,1615904700000,1.3134556574923844,1.3134556574923844,TARGET,2021Q1,True,20,-8.756793497386488,0.45270040641334464
swing,5,2021,1615981500000,1615981800000,1615989600000,2.124404116119326,-1.0,STOP,2021Q1,True,20,-6.4433378398941015,0.5704441440070599
swing,4,2021,1615990500000,1615990800000,1616004000000,0.809056603773578,0.809056603773578,TARGET,2021Q1,True,20,-6.4433378398941015,0.5704441440070599
swing,0,2021,1616068800000,1616069100000,1616072700000,1.4737230315323546,-1.0,STOP,2021Q1,True,20,-4.634281236120524,0.6689799117056768
swing,4,2021,1616377200000,1616377500000,1616399100000,2.17678647590251,-1.0,STOP,2021Q1,True,20,-4.634281236120524,0.6689799117056768
swing,4,2021,1616662500000,1616662800000,1616673000000,2.4336896687771397,-1.0,STOP,2021Q1,True,20,-6.48441772229387,0.5677054851804086
swing,0,2021,1616676600000,1616676900000,1616678400000,1.1174150195107273,1.1174150195107273,TARGET,2021Q1,True,20,-6.48441772229387,0.5677054851804086
swing,4,2021,1616692200000,1616692500000,1617024900000,1.1393574031931624,-1.0,STOP,2021Q1,True,20,-4.367002702783142,0.6880712355154898
swing,0,2021,1617603300000,1617603600000,1617635700000,1.4345364918871526,1.4345364918871526,TARGET,2021Q2,True,20,-6.910976041053827,0.5392682639297449
swing,4,2021,1617795600000,1617795900000,1617797700000,1.9092007544500516,-1.0,STOP,2021Q2,True,20,-4.476439549166674,0.6802543179166661
swing,0,2021,1617798300000,1617798600000,1617808200000,1.129616527522278,1.129616527522278,TARGET,2021Q2,True,20,-4.476439549166674,0.6802543179166661
swing,4,2021,1619446200000,1619446500000,1619571600000,1.5820457157451049,-1.0,STOP,2021Q2,True,20,-3.1538026540114075,0.7573997958452764
swing,4,2021,1620129300000,1620129600000,1620135000000,1.4207751052002875,1.4207751052002875,TARGET,2021Q2,True,20,-3.1538026540114075,0.7573997958452764
swing,5,2021,1620218100000,1620218400000,1620219000000,0.8931751564970812,0.8931751564970812,TARGET,2021Q2,True,20,-3.9579914753891137,0.6955391172777604
swing,5,2021,1620693600000,1620693900000,1620737700000,3.078783226177812,-1.0,STOP,2021Q2,True,20,-4.378271976384417,0.6632098479704295
swing,4,2021,1620836700000,1620837000000,1620895800000,1.9932488385475817,-1.0,STOP,2021Q2,True,20,-4.378271976384417,0.6632098479704295
swing,4,2021,1620896100000,1620896400000,1620973200000,2.1720773205426442,2.1720773205426442,TARGET,2021Q2,True,20,-6.1873285801579945,0.5580479585601432
swing,4,2021,1621348200000,1621348500000,1621417500000,1.768266287073665,-1.0,STOP,2021Q2,True,20,-3.0152512596153502,0.7680575954142038
swing,0,2021,1621418400000,1621418700000,1621423200000,2.640750873992938,-1.0,STOP,2021Q2,True,20,-3.0152512596153502,0.7680575954142038
swing,0,2021,1621425300000,1621425600000,1621428900000,1.7000821399235413,1.7000821399235413,TARGET,2021Q2,True,20,-3.0152512596153502,0.7680575954142038
swing,0,2021,1623944400000,1623944700000,1624387500000,2.02454601966099,0.7170166299008,864BAR_TIMEOUT,2021Q2,True,20,-3.050088463472968,0.7821365383233594
swing,4,2021,1624949400000,1624949700000,1624953600000,1.2211668217013978,-1.0,STOP,2021Q2,True,20,-4.10482347490152,0.70679832322132
swing,0,2021,1624966200000,1624966500000,1624970400000,0.834091308826824,-1.0,STOP,2021Q2,True,20,-7.173629408455577,0.521758039436295
swing,5,2021,1624972500000,1624972800000,1625071500000,1.6389083275017449,1.6389083275017449,TARGET,2021Q2,True,20,-7.173629408455578,0.521758039436295
swing,5,2021,1625153400000,1625153700000,1625222400000,2.17602179298641,2.17602179298641,TARGET,2021Q3,True,20,-4.534721080953833,0.6760913513604406
swing,0,2021,1626434700000,1626435000000,1626446700000,1.705539998193371,-1.0,STOP,2021Q3,True,20,-4.635803834073863,0.6688711547090097
swing,4,2021,1626450900000,1626451200000,1626675300000,1.9899361784483731,-1.0,STOP,2021Q3,True,20,-7.882530678019508,0.47449795479869944
swing,0,2021,1626678300000,1626678600000,1626696000000,1.9752312198441155,-1.0,STOP,2021Q3,True,20,-7.882530678019508,0.47449795479869944
swing,0,2021,1626698100000,1626698400000,1626699300000,0.8577112743126851,0.8577112743126851,TARGET,2021Q3,True,20,-7.882530678019508,0.47449795479869944
swing,5,2021,1626792900000,1626793200000,1626860400000,1.8172275393638997,-1.0,STOP,2021Q3,True,20,-8.347291512791234,0.4435138991472511
swing,4,2021,1626861300000,1626861600000,1626868800000,1.8122652645133013,-1.0,STOP,2021Q3,True,20,-8.347291512791234,0.4435138991472511
swing,0,2021,1626869400000,1626869700000,1626941700000,2.3789220162239584,-1.0,STOP,2021Q3,True,20,-8.347291512791234,0.4435138991472511
swing,0,2021,1627473600000,1627473900000,1627501200000,1.9246290467627016,1.9246290467627016,TARGET,2021Q3,True,20,-8.347291512791234,0.4435138991472511
swing,4,2021,1627624500000,1627624800000,1627649400000,1.5126257327122326,-1.0,STOP,2021Q3,True,20,-5.422662466028532,0.6126669667122477
swing,0,2021,1627650900000,1627651200000,1627662000000,1.3879201180338785,-1.0,STOP,2021Q3,True,20,-5.422662466028531,0.6126669667122477
swing,0,2021,1627662900000,1627663200000,1627664400000,2.2406308783098976,-1.0,STOP,2021Q3,True,20,-5.422662466028532,0.6126669667122477
swing,0,2021,1627664700000,1627665000000,1627868100000,1.450798596840042,-1.0,STOP,2021Q3,True,20,-7.685712928535659,0.4876191380976227
swing,5,2021,1627869300000,1627869600000,1628079300000,2.0388723516021727,2.0388723516021727,TARGET,2021Q3,True,20,-7.685712928535659,0.4876191380976227
swing,4,2021,1628234700000,1628235000000,1628247300000,0.8104443516494224,-1.0,STOP,2021Q3,True,20,-4.646840576933485,0.6680828159333224
swing,0,2021,1628247900000,1628248200000,1628253000000,1.4055473119507307,-1.0,STOP,2021Q3,True,20,-4.646840576933486,0.6680828159333224
swing,0,2021,1628255400000,1628255700000,1628257500000,1.5161092628261723,-1.0,STOP,2021Q3,True,20,-6.363857206834286,0.5757428528777143
swing,0,2021,1628258700000,1628259000000,1628460900000,2.0407836865253737,-1.0,STOP,2021Q3,True,20,-6.363857206834286,0.5757428528777143
swing,5,2021,1628461800000,1628462100000,1628462700000,2.876327743433794,-1.0,STOP,2021Q3,True,20,-6.363857206834286,0.5757428528777143
swing,5,2021,1628465400000,1628465700000,1628466000000,0.062299347616511826,0.062299347616511826,TARGET,2021Q3,True,20,-9.002765534336032,0.4373271541039981
swing,0,2021,1628522100000,1628522400000,1628604600000,2.0322188747909182,-1.0,STOP,2021Q3,True,20,-11.11648797970593,0.30521950126837943
swing,0,2021,1628772300000,1628772600000,1628818200000,0.6833679480859405,0.6833679480859405,TARGET,2021Q3,True,20,-11.11648797970593,0.30521950126837943
swing,0,2021,1629094800000,1629095100000,1629120900000,1.8058501655069892,1.8058501655069892,TARGET,2021Q3,True,20,-9.433120031619989,0.3711253312253341
swing,5,2021,1629210000000,1629210300000,1629299700000,1.4441142768358173,-1.0,STOP,2021Q3,True,20,-6.627269866113,0.5266235809919285
swing,5,2021,1629967200000,1629967500000,1629982200000,2.1307222787385287,-1.0,STOP,2021Q3,True,20,-6.627269866112998,0.5266235809919285
swing,4,2021,1629982500000,1629982800000,1629987900000,1.1527042003093548,1.1527042003093548,TARGET,2021Q3,True,20,-8.484981140425685,0.43433459063828767
swing,5,2021,1630071900000,1630072200000,1630072800000,1.0844305906379774,-1.0,STOP_BOTH,2021Q3,True,20,-6.33227694011633,0.547694504277405
swing,4,2021,1630309800000,1630310100000,1630337400000,2.364605388041265,-1.0,STOP,2021Q3,True,20,-6.332276940116329,0.547694504277405
swing,0,2021,1630349100000,1630349400000,1630391400000,2.4152282976835666,2.4152282976835666,TARGET,2021Q3,True,20,-6.332276940116329,0.547694504277405
swing,0,2021,1630416000000,1630416300000,1630416900000,0.6920651382975941,0.6920651382975941,TARGET,2021Q3,True,20,-5.841677689195463,0.5827373079146098
swing,0,2021,1630423500000,1630423800000,1630672200000,2.089776122457374,2.089776122457374,TARGET,2021Q3,True,20,-4.149612550897871,0.6807990345463176
swing,0,2021,1631003400000,1631003700000,1631007000000,1.8370344184850482,-1.0,STOP,2021Q3,True,20,-4.098708780042669,0.684714709227487
swing,0,2021,1631011500000,1631011800000,1631023200000,2.253232653854906,-1.0,STOP,2021Q3,True,20,-4.098708780042669,0.684714709227487
swing,5,2021,1631025300000,1631025600000,1631108700000,0.9076690904101942,-1.0,STOP,2021Q3,True,20,-4.098708780042668,0.684714709227487
swing,0,2021,1631109300000,1631109600000,1631113800000,0.5665495942836551,0.5665495942836551,TARGET,2021Q3,True,20,-4.098708780042669,0.684714709227487
swing,4,2021,1631167200000,1631167500000,1631186700000,2.3880645422848508,2.3880645422848508,TARGET,2021Q3,True,20,-2.5321591857590136,0.7889867345200822
swing,0,2021,1632207900000,1632208200000,1632226200000,1.9833082957769235,1.9833082957769235,TARGET,2021Q3,True,20,-4.6956121046836055,0.6645991353797426
swing,0,2021,1632817800000,1632818100000,1632825600000,2.0885017050298718,-1.0,STOP,2021Q3,True,20,-3.8650080092160364,0.7239279993417117
swing,0,2021,1632828900000,1632829200000,1632924900000,2.2790226228730925,-1.0,STOP,2021Q3,True,20,-3.865008009216037,0.7239279993417117
swing,0,2021,1633344900000,1633345200000,1633357500000,3.144523326572004,3.144523326572004,TARGET,2021Q4,True,20,-3.8650080092160355,0.7239279993417117
swing,0,2021,1633413300000,1633413600000,1633439700000,2.612226581826917,-1.0,STOP,2021Q4,True,20,-3.135712980327599,0.7760205014051715
swing,4,2021,1633440900000,1633441200000,1633504200000,1.3770762141214115,-1.0,STOP,2021Q4,True,20,-4.827778118625192,0.6781481254249873
swing,0,2021,1634302800000,1634303100000,1634551800000,1.378754236297802,-1.0,STOP,2021Q4,True,20,-7.917554241082566,0.5051528599323396
swing,0,2021,1634553600000,1634553900000,1634611800000,2.0982588562787465,2.0982588562787465,TARGET,2021Q4,True,20,-7.917554241082565,0.5051528599323396
swing,4,2021,1634658600000,1634658900000,1634733600000,2.4836012304492687,2.4836012304492687,TARGET,2021Q4,True,20,-4.819295384803819,0.6787136410130787
swing,0,2022,1650379800000,1650380100000,1650396000000,1.935021150726814,-1.0,STOP,2022Q2,True,20,-4.177425487491892,0.7016124651791505
swing,0,2022,1650397200000,1650397500000,1650541200000,2.3824817971046017,-1.0,STOP,2022Q2,True,20,-4.177425487491892,0.7016124651791505
swing,0,2022,1650869400000,1650869700000,1650884400000,1.6345267315166507,-1.0,STOP,2022Q2,True,20,-4.177425487491892,0.7016124651791505
swing,5,2022,1650885000000,1650885300000,1650889200000,2.1747876909167037,-1.0,STOP,2022Q2,True,20,-4.177425487491892,0.7016124651791505
swing,0,2022,1650889800000,1650890100000,1651047000000,1.4186961352511644,-1.0,STOP,2022Q2,True,20,-6.29889100139769,0.580073933240154
swing,4,2022,1651047900000,1651048200000,1651061700000,0.691216064617463,0.691216064617463,TARGET,2022Q2,True,20,-6.29889100139769,0.580073933240154
swing,5,2022,1651067400000,1651067700000,1651118400000,1.0603083375402858,-1.0,STOP,2022Q2,True,20,-4.607674936780227,0.6708803616585551
swing,0,2022,1651124700000,1651125000000,1651135200000,1.327392289858633,1.327392289858633,TARGET,2022Q2,True,20,-8.007836059031794,0.46614426273121373
swing,0,2022,1651263900000,1651264200000,1651458300000,2.461815561959682,-1.0,STOP,2022Q2,True,20,-5.680443769173161,0.5942540164876313
swing,0,2022,1651459200000,1651459500000,1651482000000,1.990038089657168,-1.0,STOP,2022Q2,True,20,-7.675331964500616,0.48831120236662556
swing,0,2022,1651487400000,1651487700000,1651493700000,2.8383068322078886,-1.0,STOP,2022Q2,True,20,-7.675331964500616,0.48831120236662556
swing,0,2022,1651499700000,1651500000000,1651589400000,2.138323727518973,2.138323727518973,TARGET,2022Q2,True,20,-7.675331964500616,0.48831120236662556
swing,5,2022,1651644600000,1651644900000,1651689000000,2.4097287184284033,2.4097287184284033,TARGET,2022Q2,True,20,-4.537008236981643,0.6759279830727397
swing,0,2022,1651764600000,1651764900000,1651798500000,2.098941852948207,-1.0,STOP,2022Q2,True,20,-4.438173292776761,0.6829876219445171
swing,0,2022,1652079300000,1652079600000,1652085300000,2.376106690574914,-1.0,STOP,2022Q2,True,20,-4.438173292776761,0.6829876219445171
swing,0,2022,1652124600000,1652124900000,1652194200000,3.2023337435616726,-1.0,STOP,2022Q2,True,20,-4.438173292776761,0.6829876219445171
swing,0,2022,1652443800000,1652444100000,1652446800000,2.1032131743645657,-1.0,STOP,2022Q2,True,20,-6.51934431701112,0.565377045532592
swing,0,2022,1652448300000,1652448600000,1652452200000,1.2887868002096683,1.2887868002096683,TARGET,2022Q2,True,20,-9.433339199576528,0.410416300026467
swing,0,2022,1652677800000,1652678100000,1652686800000,2.821509919783474,-1.0,STOP,2022Q2,True,20,-7.14455239936686,0.523696506708876
swing,0,2022,1652688300000,1652688600000,1652693100000,0.3362619461861332,0.3362619461861332,TARGET,2022Q2,True,20,-7.14455239936686,0.523696506708876
swing,4,2022,1652797500000,1652797800000,1652812500000,1.8513646329477702,-1.0,STOP,2022Q2,True,20,-5.808290453180726,0.585122110487091
swing,0,2022,1652812800000,1652813100000,1652844000000,2.7292648815863503,-1.0,STOP,2022Q2,True,20,-5.808290453180726,0.585122110487091
swing,0,2022,1652844900000,1652845200000,1652951400000,3.058671595459809,3.058671595459809,TARGET,2022Q2,True,20,-5.808290453180726,0.585122110487091
swing,0,2022,1657569300000,1657569600000,1657587600000,3.0517502269746717,-1.0,STOP,2022Q3,True,20,-5.731930644172157,0.6312621172784352
swing,5,2022,1657588800000,1657589100000,1657589400000,2.1608041431492238,2.1608041431492238,TARGET,2022Q3,True,20,-8.778379129020692,0.4694153731688796
swing,5,2022,1657647600000,1657647900000,1657715400000,2.767849517242815,-1.0,STOP,2022Q3,True,20,-8.933131516105362,0.4600617970307636
swing,0,2022,1657717200000,1657717500000,1657717800000,0.2067346580913889,0.2067346580913889,TARGET,2022Q3,True,20,-8.933131516105362,0.4600617970307636
swing,4,2022,1657781100000,1657781400000,1657782000000,2.1560371262166727,-1.0,STOP,2022Q3,True,20,-7.726396858013974,0.5029571368963942
swing,5,2022,1657782600000,1657782900000,1657796400000,1.8797570773125991,-1.0,STOP,2022Q3,True,20,-7.726396858013974,0.5029571368963942
swing,0,2022,1657797000000,1657797300000,1657803600000,1.9422805355451476,-1.0,STOP,2022Q3,True,20,-7.726396858013974,0.5029571368963942
swing,0,2022,1657806600000,1657806900000,1658123100000,1.4486508256142283,1.4486508256142283,TARGET,2022Q3,True,20,-7.726396858013974,0.5029571368963942
swing,0,2022,1658336700000,1658337000000,1658346600000,2.178728391444488,-1.0,STOP,2022Q3,True,20,-5.277746032399746,0.637136872737937
swing,0,2022,1658362800000,1658363100000,1658387400000,1.8901919273516925,-1.0,STOP,2022Q3,True,20,-8.773470029183565,0.4355984111616042
swing,0,2022,1658387700000,1658388000000,1658400000000,1.2402192873162057,-1.0,STOP,2022Q3,True,20,-8.773470029183565,0.4355984111616042
swing,0,2022,1658403600000,1658403900000,1658406900000,1.8514370061648078,1.8514370061648078,TARGET,2022Q3,True,20,-8.773470029183567,0.4355984111616042
swing,5,2022,1658711100000,1658711400000,1658838000000,2.084012340795803,-1.0,STOP,2022Q3,True,20,-5.922033023018758,0.5928399340760405
swing,0,2022,1658838600000,1658838900000,1658946900000,0.8608646290819203,0.8608646290819203,TARGET,2022Q3,True,20,-5.922033023018758,0.5928399340760405
swing,4,2022,1659104400000,1659104700000,1659346800000,1.519034009495769,1.519034009495769,TARGET,2022Q3,True,20,-4.061168393936838,0.7001661499969164
swing,0,2022,1659464700000,1659465000000,1659470100000,2.7731445104872465,-1.0,STOP,2022Q3,True,20,-5.49720423074228,0.5941444065167389
swing,0,2022,1659538800000,1659539100000,1659590700000,1.7306144093330977,1.7306144093330977,TARGET,2022Q3,True,20,-5.49720423074228,0.5941444065167389
swing,4,2022,1659686100000,1659686400000,1659687900000,2.1701896554189104,-1.0,STOP,2022Q3,True,20,-2.7665898214091826,0.7794619787622198
swing,5,2022,1659688200000,1659688500000,1659702600000,2.4698114708456105,-1.0,STOP,2022Q3,True,20,-2.7665898214091826,0.7794619787622198
swing,4,2022,1660111800000,1660112100000,1660134600000,2.5182253123601646,2.5182253123601646,TARGET,2022Q3,True,20,-2.7665898214091826,0.7794619787622198
swing,0,2022,1661158500000,1661158800000,1661169900000,1.5220385674931658,-1.0,STOP,2022Q3,True,20,-2.8644391498586237,0.7796585269339521
swing,0,2022,1661170200000,1661170500000,1661244000000,2.0927690939128483,2.0927690939128483,TARGET,2022Q3,True,20,-2.8644391498586237,0.7796585269339521
swing,5,2022,1664430600000,1664430900000,1664464200000,2.6696589756905715,2.6696589756905715,TARGET,2022Q3,True,20,-2.933378250281126,0.790472982122777
swing,0,2022,1666948800000,1666949100000,1666960200000,1.9654255319149276,-1.0,STOP,2022Q4,True,20,-3.347776656300087,0.7608730959785651
swing,4,2022,1667201700000,1667202000000,1667204100000,2.2134620377865035,-1.0,STOP,2022Q4,True,20,-3.347776656300087,0.7608730959785651
swing,0,2022,1667206500000,1667206800000,1667244000000,2.337027057191577,-1.0,STOP,2022Q4,True,20,-3.347776656300087,0.7608730959785651
swing,5,2022,1667418000000,1667418300000,1667459100000,1.8626936791441928,-1.0,STOP,2022Q4,True,20,-3.347776656300087,0.7608730959785651
swing,0,2022,1667462100000,1667462400000,1667466900000,2.922166535837195,-1.0,STOP,2022Q4,True,20,-3.347776656300087,0.7608730959785651
swing,0,2022,1667469000000,1667469300000,1667537100000,2.9064468760361053,2.9064468760361053,TARGET,2022Q4,True,20,-3.347776656300087,0.7608730959785651
swing,0,2023,1678215900000,1678216200000,1678374000000,2.4021226990274793,2.4021226990274793,TARGET,2023Q1,True,20,-3.4438478017787073,0.7540108713015209
swing,0,2023,1679425500000,1679425800000,1679508000000,2.5979895334225946,2.5979895334225946,TARGET,2023Q1,True,20,-2.83740850405774,0.7973279639958758
swing,5,2023,1679898600000,1679898900000,1679909400000,2.8396216114271984,-1.0,STOP,2023Q1,True,20,-4.13778275028079,0.7241478166479474
swing,0,2023,1679915100000,1679915400000,1680015300000,2.2092148686331368,2.2092148686331368,TARGET,2023Q1,True,20,-4.13778275028079,0.7241478166479474
swing,0,2023,1695914700000,1695915000000,1695972900000,1.670479454784642,1.670479454784642,TARGET,2023Q3,True,20,-4.258705680978933,0.6958067370729334
swing,0,2023,1702309500000,1702309800000,1702318500000,2.304389169711275,-1.0,STOP,2023Q4,True,20,-3.1590535442827843,0.7743533182655156
swing,0,2023,1702319100000,1702319400000,1702387800000,2.2693150966104474,2.2693150966104474,TARGET,2023Q4,True,20,-3.1590535442827843,0.7743533182655156
swing,5,2024,1734966900000,1734967200000,1735225500000,2.404791601704481,2.404791601704481,TARGET,2024Q4,True,20,-3.2270094629688577,0.7694993240736531
swing,5,2025,1736171400000,1736171700000,1736172900000,1.9123446346065998,-1.0,STOP,2025Q1,True,20,-5.2534571753927,0.6497695216404866
swing,4,2025,1736174700000,1736175000000,1736247900000,0.7590596448003238,0.7590596448003238,TARGET,2025Q1,True,20,-8.508793374619877,0.4682004140862577
swing,5,2025,1736764200000,1736764500000,1736770200000,2.339355852317323,-1.0,STOP,2025Q1,True,20,-9.909429258610423,0.38066067133684856
swing,0,2025,1736772000000,1736772300000,1736792700000,1.3431675787136372,-1.0,STOP,2025Q1,True,20,-9.909429258610423,0.38066067133684856
swing,0,2025,1736793000000,1736793300000,1736933700000,2.2684098012333247,2.2684098012333247,TARGET,2025Q1,True,20,-9.909429258610423,0.38066067133684856
swing,0,2025,1737100500000,1737100800000,1737107400000,2.3258336929050607,-1.0,STOP,2025Q1,True,20,-8.734314541319698,0.4541053411675188
swing,0,2025,1737111000000,1737111300000,1737148200000,2.4609013918941707,-1.0,STOP,2025Q1,True,20,-8.7343145413197,0.4541053411675188
swing,0,2025,1737148800000,1737149100000,1737328800000,2.5479505715608823,-1.0,STOP,2025Q1,True,20,-11.56773895226187,0.3195447675140076
swing,0,2025,1737329400000,1737329700000,1737355800000,1.3845515152995214,1.3845515152995214,TARGET,2025Q1,True,20,-11.56773895226187,0.3195447675140076
swing,4,2025,1738153800000,1738154100000,1738156500000,1.9793390086464266,-1.0,STOP,2025Q1,True,20,-9.18318743696235,0.4260507851898532
swing,0,2025,1738157100000,1738157400000,1738164900000,1.778622960171977,-1.0,STOP,2025Q1,True,20,-9.18318743696235,0.4260507851898532
swing,4,2025,1738165200000,1738165500000,1738220100000,1.0828151432521596,1.0828151432521596,TARGET,2025Q1,True,20,-9.18318743696235,0.4260507851898532
swing,5,2025,1738539600000,1738539900000,1738550100000,1.3298624982280596,-1.0,STOP,2025Q1,True,20,-10.505163895414672,0.34342725653658307
swing,0,2025,1738554600000,1738554900000,1738586100000,3.0818287348255433,3.0818287348255433,TARGET,2025Q1,True,20,-10.505163895414672,0.34342725653658307
swing,4,2025,1738651500000,1738651800000,1738681800000,3.0343850737521065,3.0343850737521065,TARGET,2025Q1,True,20,-6.4233351605891285,0.5717776559607248
swing,5,2025,1754387100000,1754387400000,1754388600000,2.154867662637664,-1.0,STOP,2025Q3,True,20,-3.342308775342067,0.7612636589041379
swing,5,2025,1754389200000,1754389500000,1754400900000,2.228633208148511,2.228633208148511,TARGET,2025Q3,True,20,-3.342308775342066,0.7612636589041379
swing,5,2025,1754875200000,1754875500000,1754905800000,2.2532534025271267,-1.0,STOP,2025Q3,True,20,-2.911433443543223,0.7920404683183412
swing,0,2025,1755840300000,1755840600000,1755865800000,2.299820824208538,-1.0,STOP,2025Q3,True,20,-6.304802317073465,0.5796798455284357
swing,0,2025,1756166100000,1756166400000,1756167000000,1.9628482972136552,1.9628482972136552,TARGET,2025Q3,True,20,-6.304802317073465,0.5796798455284357
swing,0,2025,1756280100000,1756280400000,1756312500000,2.0836848003696233,2.0836848003696233,TARGET,2025Q3,True,20,-3.3419540198598097,0.7612889985814422
swing,0,2026,1773338400000,1773338700000,1773342000000,2.925086604705206,-1.0,STOP,2026Q1,True,20,-4.820749658836029,0.5982708617636643
swing,0,2026,1773348000000,1773348300000,1773417300000,1.7887518243797038,-1.0,STOP,2026Q1,True,20,-6.350112979735433,0.5115297707895821
swing,0,2026,1773418800000,1773419100000,1773616800000,1.71061593725176,-1.0,STOP,2026Q1,True,20,-6.350112979735433,0.5115297707895821
swing,0,2026,1773840300000,1773840600000,1773865500000,1.280824930037352,-1.0,STOP,2026Q1,True,20,-6.350112979735433,0.5115297707895821
swing,5,2026,1773866100000,1773866400000,1773902700000,2.898571039479048,-1.0,STOP,2026Q1,True,20,-6.350112979735433,0.5115297707895821
swing,0,2026,1773903600000,1773903900000,1773907500000,1.710432558851163,-1.0,STOP,2026Q1,True,20,-6.350112979735433,0.5115297707895821
swing,0,2026,1773908100000,1773908400000,1773917400000,1.673492085889063,-1.0,STOP,2026Q1,True,20,-6.350112979735433,0.5115297707895821
swing,0,2026,1773918000000,1773918300000,1773921600000,2.1362084798918772,-1.0,STOP,2026Q1,True,20,-6.350112979735433,0.5115297707895821
swing,0,2026,1773924600000,1773924900000,1773968700000,1.3160066148031906,1.3160066148031906,TARGET,2026Q1,True,20,-8.45490257995425,0.396078387146125
swing,4,2026,1774014000000,1774014300000,1774015500000,1.8793223771375975,-1.0,STOP,2026Q1,True,20,-6.138895965151058,0.5277772334499184
swing,5,2026,1774466100000,1774466400000,1774504500000,1.8965805028942277,-1.0,STOP,2026Q1,True,20,-8.845878839507304,0.3681515114637642
swing,0,2026,1774506300000,1774506600000,1774542600000,1.9403976293556375,-1.0,STOP,2026Q1,True,20,-8.845878839507304,0.3681515114637642
swing,5,2026,1774544700000,1774545000000,1774623300000,1.6492584456715502,1.6492584456715502,TARGET,2026Q1,True,20,-10.176336864471494,0.321577542368567
swing,4,2026,1774898700000,1774899000000,1774921200000,2.8830358378821335,2.8830358378821335,TARGET,2026Q1,True,20,-7.527078418799944,0.46235154151428964
swing,5,2026,1775094600000,1775094900000,1775108700000,0.7455391741976157,-1.0,STOP,2026Q2,True,20,-3.644042580917811,0.7196890322370914
swing,4,2026,1776094200000,1776094500000,1776128700000,2.3924147641198035,2.3924147641198035,TARGET,2026Q2,True,20,-5.564577116311034,0.6025302059777833
swing,0,2026,1776237000000,1776237300000,1776246300000,1.986130602684911,-1.0,STOP,2026Q2,True,20,-4.123091162756979,0.7054934883745015
swing,5,2026,1776246600000,1776246900000,1776388200000,1.8372294372294435,-1.0,STOP,2026Q2,True,20,-5.993131878010785,0.6004578747992811
swing,4,2026,1776390000000,1776390300000,1776429900000,2.143616465142781,2.143616465142781,TARGET,2026Q2,True,20,-7.759284337523321,0.5150447289047924
swing,5,2026,1776636300000,1776636600000,1776782700000,0.969482650975657,-1.0,STOP,2026Q2,True,20,-4.615667872380541,0.6922888085079639
swing,0,2026,1777364700000,1777365000000,1777374600000,1.6886221629497682,-1.0,STOP,2026Q2,True,20,-4.615667872380541,0.6922888085079639
swing,0,2026,1777378200000,1777378500000,1777468800000,1.0992854693652985,-1.0,STOP,2026Q2,True,20,-4.615667872380541,0.6922888085079639
swing,0,2026,1777878300000,1777878600000,1777888800000,2.5792023602075456,-1.0,STOP,2026Q2,True,20,-4.615667872380541,0.6922888085079639
swing,0,2026,1778192400000,1778192700000,1778478900000,1.6555579650146914,-1.0,STOP,2026Q2,True,20,-4.615667872380541,0.6922888085079639
swing,0,2026,1778479200000,1778479500000,1778505000000,2.031455579814246,2.031455579814246,TARGET,2026Q2,True,20,-4.615667872380541,0.6922888085079639
swing,5,2026,1779797700000,1779798000000,1779818400000,2.371507329569565,-1.0,STOP,2026Q2,True,20,-3.900218907369486,0.7399854061753677
swing,4,2026,1780286100000,1780286400000,1780306200000,2.776144653613697,-1.0,STOP,2026Q2,True,20,-3.9002189073694855,0.7399854061753677
swing,0,2026,1780306500000,1780306800000,1780319400000,2.1151462219817927,-1.0,STOP,2026Q2,True,20,-3.900218907369486,0.7399854061753677
swing,5,2026,1780320900000,1780321200000,1780376100000,1.514653926951997,1.514653926951997,TARGET,2026Q2,True,20,-3.9002189073694855,0.7399854061753677
swing,0,2026,1780425900000,1780426200000,1780442700000,2.274089922461308,-1.0,STOP,2026Q2,True,20,-4.034823426089039,0.731011771594064
swing,4,2026,1780443600000,1780443900000,1780476600000,1.4667705190463274,-1.0,STOP,2026Q2,True,20,-7.917859263971172,0.5051337960018017
swing,0,2026,1780477200000,1780477500000,1780524900000,1.9235196261582133,-1.0,STOP,2026Q2,True,20,-7.917859263971172,0.5051337960018017
swing,4,2026,1781083800000,1781084100000,1781093400000,2.2725577489119253,-1.0,STOP,2026Q2,True,20,-11.310274028090976,0.334689763053472
swing,0,2026,1781094600000,1781094900000,1781112900000,1.2101849561998284,-1.0,STOP,2026Q2,True,20,-11.310274028090976,0.334689763053472
swing,4,2026,1781114400000,1781114700000,1781121900000,2.0492507769150867,-1.0,STOP,2026Q2,True,20,-11.310274028090976,0.334689763053472
swing,0,2026,1781122500000,1781122800000,1781130000000,3.334202524146255,-1.0,STOP,2026Q2,True,20,-14.453890493233757,0.19700608370923572
swing,0,2026,1781130600000,1781130900000,1781199600000,2.3909506094425756,2.3909506094425756,TARGET,2026Q2,True,20,-14.453890493233757,0.19700608370923572
swing,0,2026,1781560800000,1781561100000,1781717400000,2.554924768748387,2.554924768748387,TARGET,2026Q2,True,20,-11.06293988379118,0.3492388303652247
swing,0,2026,1781781900000,1781782200000,1781800500000,2.577210646518517,-1.0,STOP,2026Q2,True,20,-7.508015115042793,0.5307490553098254
swing,0,2026,1782269400000,1782269700000,1782303600000,1.9473987191480036,-1.0,STOP,2026Q2,True,20,-7.508015115042793,0.5307490553098254
swing,0,2026,1782307800000,1782308100000,1782478800000,1.6229567364917619,1.6229567364917619,TARGET,2026Q2,True,20,-7.508015115042793,0.5307490553098254
swing,0,2026,1782856800000,1782857100000,1782867900000,2.389524338220659,-1.0,STOP,2026Q2,True,20,-7.916513958365277,0.5052178776021701
swing,0,2026,1782871800000,1782872100000,1782912000000,2.6429794520547905,2.6429794520547905,TARGET,2026Q3,True,20,-7.916513958365279,0.5052178776021701
swing,5,2026,1783315500000,1783315800000,1783341600000,3.415643820995701,-1.0,STOP,2026Q3,True,20,-4.273534506310488,0.7150976995793008
swing,4,2026,1783350000000,1783350300000,1783451100000,1.612002272826622,-1.0,STOP,2026Q3,True,20,-4.273534506310488,0.7150976995793008
swing,4,2026,1783662900000,1783663200000,1783673100000,1.9281387665197405,-1.0,STOP,2026Q3,True,20,-4.273534506310488,0.7150976995793008
swing,4,2026,1783690800000,1783691100000,1783693800000,1.4563696147036773,-1.0,STOP,2026Q3,True,20,-4.273534506310488,0.7150976995793008
swing,0,2026,1783920900000,1783921200000,1783951500000,2.225066006993144,-1.0,STOP,2026Q3,True,20,-4.273534506310488,0.7150976995793008
swing,0,2026,1784091000000,1784091300000,1784205600000,2.8212083847102125,-1.0,STOP,2026Q3,True,20,-4.273534506310488,0.7150976995793008
swing,0,2026,1784207400000,1784207700000,1784547000000,1.1677601955486787,1.1677601955486787,TARGET,2026Q3,True,20,-6.788188433262485,0.5757382229210947
swing,0,2026,1784793300000,1784793600000,1784806800000,2.5916958618057926,-1.0,STOP,2026Q3,True,20,-4.620428237713806,0.6919714508190796
swing,0,2026,1784807100000,1784807400000,1784811600000,2.127657481222774,-1.0,STOP,2026Q3,True,20,-4.620428237713806,0.6919714508190796
swing,0,2026,1784812500000,1784812800000,1784861700000,2.239535701723504,-1.0,STOP,2026Q3,True,20,-4.620428237713806,0.6919714508190796
swing,0,2026,1784862600000,1784862900000,1784905800000,1.9942562495921217,1.9942562495921217,TARGET,2026Q3,True,20,-4.620428237713806,0.6919714508190796
swing,0,2026,1786674600000,1786674900000,1786714500000,2.3492660011743656,2.3492660011743656,TARGET,2026Q3,True,20,-5.01712259756426,0.6655251601623827
swing,4,2026,1787026800000,1787027100000,1787064600000,3.2776805798551982,-1.0,STOP,2026Q3,True,20,-5.222781365138282,0.6518145756574479
swing,5,2026,1787067000000,1787067300000,1787084400000,2.300801314978376,-1.0,STOP,2026Q3,True,20,-5.222781365138282,0.6518145756574479
swing,0,2026,1787086200000,1787086500000,1787142900000,2.8101300667538487,2.8101300667538487,TARGET,2026Q3,True,20,-5.222781365138282,0.6518145756574479
swing,4,2026,1787896200000,1787896500000,1787925900000,2.6529419666846836,-1.0,STOP,2026Q3,True,20,-4.035608034876195,0.7309594643415871
swing,0,2026,1788315300000,1788315600000,1788355800000,2.003524835042088,2.003524835042088,TARGET,2026Q3,True,20,-4.035608034876195,0.7309594643415871
swing,0,2026,1788505200000,1788505500000,1788525000000,2.2095894804361254,-1.0,STOP,2026Q3,True,20,-4.675062651888897,0.6883291565407401
swing,0,2026,1788527700000,1788528000000,1788534900000,0.8763764301445015,0.8763764301445015,TARGET,2026Q3,True,20,-4.675062651888897,0.6883291565407401
