cycle_start_year,n_cycles_hold,total_r_hold,mean_r_hold,positive_rate_hold,switch_cycles_hold,n_cycles_replace,total_r_replace,mean_r_replace,positive_rate_replace,switch_cycles_replace,delta_r
2018,105,15.723006380898129,0.1497429179133155,0.4,0,102,-1.1890170271231635,-0.011657029677678073,0.4019607843137255,57,-16.91202340802129
2019,106,0.5276018483298306,0.004977375927639911,0.4056603773584906,0,107,6.5996135598635925,0.061678631400594326,0.45794392523364486,52,6.0720117115337615
2020,129,9.758340989594291,0.07564605418290149,0.4263565891472868,0,128,2.761762246054264,0.02157626754729894,0.4375,63,-6.996578743540027
2021,157,-12.280719628197756,-0.07822114412864813,0.3821656050955414,0,156,-21.36310734149678,-0.13694299577882552,0.38461538461538464,81,-9.082387713299022
2022,164,21.257428338918686,0.1296184654812115,0.40853658536585363,0,167,15.106063842638271,0.09045547211160641,0.4311377245508982,80,-6.151364496280415
2023,151,7.238620130126842,0.04793788165646915,0.3973509933774834,0,144,-0.7776803701930677,-0.0054005581263407475,0.4166666666666667,70,-8.01630050031991
2024,138,23.622505020666907,0.1711775726135283,0.4420289855072464,0,136,19.712946578308788,0.14494813660521166,0.45588235294117646,71,-3.9095584423581187
2025,122,22.14389326265521,0.18150732182504273,0.4344262295081967,0,111,18.28736614966484,0.16475104639337695,0.4594594594594595,59,-3.8565271129903707
2026,105,-8.337093779000778,-0.07940089313334074,0.34285714285714286,0,98,-4.758530211042874,-0.04855643072492729,0.3673469387755102,54,3.5785635679579038
