signal_t,path_available,mae_r,mfe_r,mae_before_mfe,path_asymmetry,reached_plus_0_5r,time_to_plus_0_5r,reached_minus_0_5r,time_to_minus_0_5r,reached_plus_1_0r,time_to_plus_1_0r,reached_minus_1_0r,time_to_minus_1_0r,first_half_r_direction,reclaim_intrabar_recross,time_to_reclaim_intrabar_recross,reclaim_close_loss,time_to_reclaim_close_loss,anchor_recross,time_to_anchor_recross,time_to_exit,exit_kind
1735894800000,True,-1.1003173276571436,0.3156430782088565,False,-0.7846742494482871,False,,True,259.0,False,,True,275.0,MINUS_0_5R,True,5.0,True,255.0,True,259.0,275,STOP
1735911900000,True,-1.004945062775243,0.37239030368673137,False,-0.6325547590885117,False,,True,74.0,False,,True,373.0,MINUS_0_5R,True,33.0,True,35.0,True,75.0,375,STOP
1735935300000,True,-1.1017599159442406,1.1208825847122466,False,0.019122668768005946,True,217.0,True,423.0,True,237.0,True,494.0,PLUS_0_5R,True,1.0,True,10.0,True,9.0,495,STOP
1736142600000,True,-1.155921337301252,0.09432812624178914,False,-1.0615932110594628,False,,True,38.0,False,,True,103.0,MINUS_0_5R,True,1.0,True,25.0,True,28.0,105,STOP
1736171400000,True,-1.0781228841206096,0.26472652066325925,False,-0.8133963634573504,False,,True,22.0,False,,True,24.0,MINUS_0_5R,True,1.0,True,5.0,True,22.0,25,STOP
1736174700000,True,-0.08224086035844783,0.7212413119981639,True,0.6390004516397161,True,813.0,False,,False,,False,,PLUS_0_5R,True,1.0,False,,False,,1160,TARGET
1736764200000,True,-1.0539887068952767,0.19154049153014308,False,-0.8624482153651336,False,,True,67.0,False,,True,96.0,MINUS_0_5R,True,6.0,True,25.0,True,63.0,100,STOP
1736772000000,True,-1.0519314594919436,0.19840673380432283,False,-0.8535247256876207,False,,True,53.0,False,,True,344.0,MINUS_0_5R,True,17.0,True,30.0,True,53.0,345,STOP
1736793000000,True,-0.45566090695423805,2.1309661141372693,True,1.6753052071830312,True,251.0,False,,True,561.0,False,,PLUS_0_5R,True,10.0,True,10.0,True,28.0,2225,TARGET
1737100500000,True,-1.0051069734641862,0.2824872894368476,False,-0.7226196840273387,False,,True,85.0,False,,True,115.0,MINUS_0_5R,True,2.0,True,5.0,True,85.0,115,STOP
1737111000000,True,-1.0900721266276896,2.1391330034707288,False,1.0490608768430392,True,65.0,True,547.0,True,95.0,True,617.0,PLUS_0_5R,True,1.0,True,5.0,True,218.0,620,STOP
1737148800000,True,-1.0467398150296634,0.1779759339675932,False,-0.8687638810620701,False,,True,53.0,False,,True,55.0,MINUS_0_5R,True,36.0,True,50.0,True,52.0,55,STOP
1737329400000,True,-0.6694556238085,1.336110522723527,True,0.666654898915027,True,256.0,True,88.0,True,404.0,False,,MINUS_0_5R,True,31.0,True,80.0,True,89.0,440,TARGET
1737625200000,True,-0.17952192006193468,1.8109697087003045,True,1.6314477886383698,True,12.0,False,,True,57.0,False,,PLUS_0_5R,True,1.0,False,,False,,105,TARGET
1737963600000,True,-0.26718998678211453,1.782525424185993,True,1.5153354374038783,True,34.0,False,,True,83.0,False,,PLUS_0_5R,True,9.0,True,15.0,False,,190,TARGET
1737988800000,True,-1.0667421722795705,0.08164748739578173,False,-0.9850946848837887,False,,True,19.0,False,,True,125.0,MINUS_0_5R,True,4.0,True,5.0,True,20.0,125,STOP
1738137000000,True,-1.436276690391507,1.2325122330962004,False,-0.20376445729530657,True,17.0,True,171.0,True,40.0,True,323.0,PLUS_0_5R,True,164.0,True,165.0,True,171.0,325,STOP
1738157100000,True,-1.1115566012850602,0.7976618799919407,False,-0.31389472129311946,True,26.0,True,118.0,False,,True,127.0,PLUS_0_5R,True,117.0,True,120.0,True,118.0,130,STOP
1738165200000,True,-0.9110436540196879,1.3076217397465668,True,0.3965780857268789,True,278.0,True,68.0,True,852.0,False,,MINUS_0_5R,True,64.0,True,65.0,True,196.0,855,TARGET
1738539600000,True,-1.0775587927258943,0.10892887746358869,False,-0.9686299152623056,False,,True,85.0,False,,True,175.0,MINUS_0_5R,True,4.0,True,80.0,True,87.0,175,STOP
1738554600000,True,-0.06712454155432394,2.9363064067199303,True,2.8691818651656065,True,13.0,False,,True,144.0,False,,PLUS_0_5R,False,,False,,False,,525,TARGET
1738651500000,True,-0.5863043676483796,2.80413969180267,True,2.2178353241542905,True,91.0,True,38.0,True,383.0,False,,MINUS_0_5R,True,1.0,True,15.0,True,34.0,505,TARGET
1739280000000,True,-1.2649561126524949,0.9597811664029486,False,-0.3051749462495462,True,42.0,True,1296.0,False,,True,1386.0,PLUS_0_5R,True,668.0,True,850.0,True,1219.0,1390,STOP
1739368500000,True,-0.11925869429559134,0.3141981239537457,True,0.19493942965815436,False,,False,,False,,False,,NEITHER,False,,False,,False,,15,TARGET
1739542200000,True,-1.2476412589188735,0.3473895675063787,False,-0.9002516914124947,False,,True,59.0,False,,True,67.0,MINUS_0_5R,True,34.0,True,50.0,True,61.0,70,STOP
1739547300000,True,-1.0094821899736082,0.24241424802112535,False,-0.7670679419524828,False,,True,44.0,False,,True,132.0,MINUS_0_5R,True,18.0,True,35.0,True,50.0,135,STOP
1739556900000,True,-0.7740906563661483,2.4931085945044975,True,1.7190179381383492,True,378.0,True,88.0,True,498.0,False,,MINUS_0_5R,True,7.0,True,15.0,True,12.0,2383,TARGET
1739981100000,True,-0.7784808392911186,1.5473744761278785,True,0.7688936368367599,True,418.0,True,95.0,True,770.0,False,,MINUS_0_5R,True,4.0,True,5.0,True,95.0,955,TARGET
1740061800000,True,-1.0213094888218957,0.8347457797710779,False,-0.18656370905081776,True,111.0,True,818.0,False,,True,1008.0,PLUS_0_5R,True,616.0,True,625.0,True,998.0,1010,STOP
1740126900000,True,-0.11472449428652941,2.0147604089209636,True,1.9000359146344343,True,79.0,False,,True,366.0,False,,PLUS_0_5R,True,1.0,True,940.0,False,,1583,TARGET
1740465600000,True,-1.4561927073713805,0.8818811910062367,False,-0.5743115163651438,True,29.0,True,66.0,False,,True,349.0,PLUS_0_5R,True,1.0,True,20.0,True,3.0,350,STOP
1741182900000,True,-0.20535067948803257,1.8925038120126114,True,1.6871531325245788,True,31.0,False,,True,40.0,False,,PLUS_0_5R,True,19.0,False,,False,,140,TARGET
1741251300000,True,-1.0062717060821664,0.005343035607511197,False,-1.0009286704746552,False,,True,4.0,False,,True,55.0,MINUS_0_5R,True,1.0,True,5.0,True,2.0,55,STOP
1741372200000,True,-1.130795925430521,0.6757275014732586,False,-0.45506842395726255,True,285.0,True,849.0,False,,True,1356.0,PLUS_0_5R,True,2.0,True,5.0,True,839.0,1360,STOP
1741786200000,True,-0.1921790010123773,1.9596652882398848,True,1.7674862872275074,True,61.0,False,,True,87.0,False,,PLUS_0_5R,True,4.0,False,,False,,155,TARGET
1741966500000,True,-0.18223433359901475,2.2922922815105844,True,2.1100579479115695,True,71.0,False,,True,1029.0,False,,PLUS_0_5R,True,1.0,False,,False,,2014,TARGET
1742376000000,True,-0.2315058066733766,1.4499619435783044,True,1.2184561369049278,True,58.0,False,,True,201.0,False,,PLUS_0_5R,True,298.0,False,,False,,555,TARGET
1744634700000,True,-0.7296210275873799,1.9858381011725952,True,1.2562170735852152,True,694.0,True,21.0,True,1909.0,False,,MINUS_0_5R,True,1.0,True,5.0,True,21.0,1995,TARGET
1744875300000,True,-1.5722250041729096,0.8861291937906818,False,-0.6860958103822278,True,167.0,True,377.0,False,,True,411.0,PLUS_0_5R,True,11.0,True,45.0,True,56.0,415,STOP
1745388900000,True,-1.1491342514294935,0.39281630023355274,False,-0.7563179511959408,False,,True,34.0,False,,True,451.0,MINUS_0_5R,True,1.0,True,5.0,True,32.0,455,STOP
1745417700000,True,-0.23800520704191058,1.8968819737168388,True,1.6588767666749282,True,148.0,False,,True,546.0,False,,PLUS_0_5R,True,63.0,False,,False,,620,TARGET
1745503800000,True,-1.057799987466173,2.1281882906865386,False,1.0703883032203656,True,31.0,True,860.0,True,324.0,True,866.0,PLUS_0_5R,True,1.0,True,5.0,True,857.0,866,STOP
1745588400000,True,-0.3537917311518935,1.80826884810962,True,1.4544771169577266,True,262.0,False,,True,367.0,False,,PLUS_0_5R,True,68.0,True,85.0,False,,1530,TARGET
1746581700000,True,-1.1565381135213122,1.5451321806754688,False,0.38859406715415656,True,41.0,True,1640.0,True,1392.0,True,1657.0,PLUS_0_5R,True,1056.0,True,1155.0,True,1635.0,1660,STOP
1746721500000,True,-1.09448801813825,0.43641314370641754,False,-0.6580748744318323,False,,True,40.0,False,,True,520.0,MINUS_0_5R,True,1.0,True,10.0,True,35.0,520,STOP
1746757800000,True,-0.0753751934854331,1.6824371312560462,True,1.607061937770613,True,19.0,False,,True,140.0,False,,PLUS_0_5R,False,,False,,False,,760,TARGET
1747228800000,True,-1.0489731198271004,0.2948082837188758,False,-0.7541648361082246,False,,True,198.0,False,,True,729.0,MINUS_0_5R,True,3.0,True,55.0,True,198.0,730,STOP
1747285200000,True,-1.1024101847989867,0.038591973304812024,False,-1.0638182114941745,False,,True,41.0,False,,True,59.0,MINUS_0_5R,True,1.0,True,5.0,True,28.0,60,STOP
1747289100000,True,-0.3627129404295711,1.8465770817902873,True,1.4838641413607163,True,23.0,False,,True,148.0,False,,PLUS_0_5R,True,1.0,True,5.0,False,,240,TARGET
1747380300000,True,-1.3241379310344827,0.27310344827585203,False,-1.0510344827586307,False,,True,44.0,False,,True,197.0,MINUS_0_5R,True,1.0,True,5.0,True,32.0,200,STOP
1747397400000,True,-0.04017265904743479,1.9457987933487102,True,1.9056261343012755,True,24.0,False,,True,428.0,False,,PLUS_0_5R,True,1.0,False,,False,,530,TARGET
1747701600000,True,-0.958053691275168,2.235458612975367,True,1.2774049217001988,True,53.0,True,91.0,True,522.0,False,,PLUS_0_5R,True,85.0,True,85.0,True,86.0,795,TARGET
1747910400000,True,-1.0421401180149623,0.7777667718518556,False,-0.2643733461631067,True,71.0,True,14.0,False,,True,197.0,MINUS_0_5R,True,1.0,True,5.0,True,14.0,200,STOP
1748355000000,True,-1.206727736738899,0.9995592609307407,False,-0.20716847580815845,True,541.0,True,1777.0,False,,True,1857.0,PLUS_0_5R,True,14.0,True,65.0,True,1777.0,1860,STOP
1748613900000,True,-0.41007591065479004,1.5977936759324838,True,1.1877177652776938,True,411.0,False,,True,463.0,False,,PLUS_0_5R,True,24.0,True,30.0,False,,885,TARGET
1748925600000,True,-1.4629092212581498,0.32585477954714503,False,-1.1370544417110047,False,,True,118.0,False,,True,542.0,MINUS_0_5R,True,1.0,True,45.0,True,45.0,545,STOP
1748960100000,True,-0.0795457538596886,2.032894464533692,True,1.9533487106740035,True,58.0,False,,True,471.0,False,,PLUS_0_5R,True,1.0,False,,False,,1400,TARGET
1749102000000,True,-0.391191943484119,2.240813668019391,True,1.8496217245352722,True,93.0,False,,True,216.0,False,,PLUS_0_5R,True,2.0,True,5.0,True,10.0,290,TARGET
1749139800000,True,-1.097209017584335,0.9681743933781325,False,-0.1290346242062025,True,409.0,True,1248.0,False,,True,1264.0,PLUS_0_5R,True,1166.0,True,1245.0,True,1246.0,1265,STOP
1749220200000,True,-1.003731430851191,0.2802152026471983,False,-0.7235162282039929,False,,True,217.0,False,,True,524.0,MINUS_0_5R,True,21.0,True,30.0,True,219.0,525,STOP
1750082700000,True,-1.1913556320845384,0.35509947994367164,False,-0.8362561521408668,False,,True,291.0,False,,True,1408.0,MINUS_0_5R,True,1.0,True,20.0,True,722.0,1410,STOP
1750171500000,True,-1.0377272740600436,0.8443848903249456,False,-0.19334238373509804,True,215.0,True,1659.0,False,,True,2239.0,PLUS_0_5R,True,53.0,True,60.0,True,1660.0,2240,STOP
1751013600000,True,-1.04997033423428,0.18874019381632065,False,-0.8612301404179594,False,,True,129.0,False,,True,206.0,MINUS_0_5R,True,30.0,True,30.0,True,127.0,210,STOP
1751026800000,True,-1.0318861839823747,0.0758986052036854,False,-0.9559875787786893,False,,True,19.0,False,,True,48.0,MINUS_0_5R,True,1.0,True,10.0,True,11.0,50,STOP
1751036100000,True,-1.3423551463470034,0.46826230543712305,False,-0.8740928409098803,False,,True,376.0,False,,True,387.0,MINUS_0_5R,True,262.0,True,375.0,True,376.0,390,STOP
1751236200000,True,-0.03358945807776184,1.2046127061660736,True,1.1710232480883118,True,28.0,False,,True,215.0,False,,PLUS_0_5R,False,,False,,False,,380,TARGET
1751414700000,True,-1.0057247901610378,0.12541349594786477,False,-0.880311294213173,False,,True,64.0,False,,True,435.0,MINUS_0_5R,True,19.0,True,30.0,True,75.0,435,STOP
1751442300000,True,-0.2461096910175382,1.1602314005112313,True,0.9141217094936931,True,168.0,False,,True,638.0,False,,PLUS_0_5R,False,,False,,False,,670,TARGET
1751547000000,True,-1.049887759144332,1.2322725472072107,False,0.1823847880628786,True,22.0,True,1817.0,True,861.0,True,2215.0,PLUS_0_5R,True,1811.0,True,1810.0,True,1819.0,2219,STOP
1752156300000,True,-0.2825730112523472,1.8717858435781287,True,1.5892128323257815,True,298.0,False,,True,562.0,False,,PLUS_0_5R,True,19.0,True,20.0,False,,915,TARGET
1752498600000,True,-1.1249715607462414,0.8458023661459163,False,-0.2791691946003251,True,871.0,True,69.0,False,,True,1398.0,MINUS_0_5R,True,4.0,True,5.0,True,68.0,1400,STOP
1752587100000,True,-1.1651832804027427,0.9382451378950148,False,-0.2269381425077278,True,9.0,True,100.0,False,,True,103.0,PLUS_0_5R,True,97.0,True,100.0,True,100.0,105,STOP
1752594000000,True,-0.844429285820677,2.545057141072956,True,1.7006278552522789,True,769.0,True,24.0,True,1341.0,False,,MINUS_0_5R,True,1.0,True,5.0,True,24.0,1355,TARGET
1753169700000,True,-0.2894023611557881,2.0293536680599926,True,1.7399513069042045,True,261.0,False,,True,281.0,False,,PLUS_0_5R,True,1.0,True,110.0,False,,305,TARGET
1753327800000,True,-1.0772993572606742,0.15869404470735127,False,-0.9186053125533229,False,,True,161.0,False,,True,343.0,MINUS_0_5R,True,91.0,True,100.0,True,130.0,345,STOP
1753356900000,True,-1.0466476251446433,0.021803363455064544,False,-1.0248442616895788,False,,True,22.0,False,,True,71.0,MINUS_0_5R,True,1.0,True,5.0,True,21.0,75,STOP
1753362300000,True,-1.018457710987743,1.1776257420127874,False,0.1591680310250443,True,34.0,True,1090.0,True,81.0,True,1141.0,PLUS_0_5R,True,9.0,True,10.0,True,1090.0,1145,STOP
1754377500000,True,-1.0442843580722432,0.6209862065114595,False,-0.42329815156078365,True,19.0,True,111.0,False,,True,165.0,PLUS_0_5R,True,96.0,True,105.0,True,111.0,165,STOP
1754389200000,True,-0.8835098335854783,2.3539010157769753,True,1.470391182191497,True,126.0,True,34.0,True,158.0,False,,MINUS_0_5R,True,1.0,True,5.0,True,32.0,195,TARGET
1754457300000,True,-1.0002564760195445,0.7578866375993877,False,-0.2423698384201568,True,46.0,True,171.0,False,,True,195.0,PLUS_0_5R,True,1.0,True,5.0,True,4.0,195,STOP
1754469300000,True,-1.2806939721030954,0.0496820937453952,False,-1.2310118783577002,False,,True,51.0,False,,True,71.0,MINUS_0_5R,True,1.0,True,5.0,True,20.0,75,STOP
1754475000000,True,-0.33684831603285387,1.5313295416343786,True,1.1944812256015247,True,160.0,False,,True,244.0,False,,PLUS_0_5R,True,23.0,True,120.0,False,,285,TARGET
1754652600000,True,-1.0579464763274864,0.8834467622051346,False,-0.17449971412235177,True,56.0,True,385.0,False,,True,757.0,PLUS_0_5R,True,176.0,True,385.0,True,385.0,760,STOP
1754875200000,True,-1.0091338542707609,0.19249938927857657,False,-0.8166344649921843,False,,True,307.0,False,,True,509.0,MINUS_0_5R,True,1.0,True,10.0,True,304.0,510,STOP
1754915700000,True,-1.1726628698430308,0.41138192270294155,False,-0.7612809471400892,False,,True,119.0,False,,True,1476.0,MINUS_0_5R,True,31.0,True,35.0,True,119.0,1480,STOP
1755009000000,True,-0.3314517837339346,1.9869662193313913,True,1.6555144355974567,True,48.0,False,,True,54.0,False,,PLUS_0_5R,True,1.0,True,10.0,False,,1910,TARGET
1755851100000,True,-0.9804787852011811,2.938343723921245,True,1.9578649387200637,True,311.0,True,223.0,True,331.0,False,,MINUS_0_5R,True,14.0,True,205.0,True,223.0,335,TARGET
1757455500000,True,-0.7851413846397565,1.1305450012406155,False,0.34540361660085905,True,377.0,True,2046.0,True,699.0,False,,PLUS_0_5R,True,6.0,True,10.0,True,2045.0,4320,864BAR_TIMEOUT
1758104100000,True,-0.5721078301328356,1.4556251658061918,True,0.8835173356733562,True,144.0,True,32.0,True,198.0,False,,MINUS_0_5R,True,3.0,True,15.0,True,32.0,365,TARGET
1758135600000,True,-1.1939796922633552,0.6423581939076756,False,-0.5516214983556796,True,197.0,True,9.0,False,,True,606.0,MINUS_0_5R,True,1.0,True,10.0,True,599.0,610,STOP
1758203700000,True,-0.40161185255370896,1.1547895278036655,True,0.7531776752499566,True,766.0,False,,True,1444.0,False,,PLUS_0_5R,True,18.0,True,20.0,False,,1460,TARGET
1758681600000,True,-1.0453195941084574,1.358272893424557,False,0.3129532993160995,True,58.0,True,770.0,True,162.0,True,812.0,PLUS_0_5R,True,5.0,True,5.0,True,729.0,815,STOP
1758733800000,True,-1.0609208133921202,-0.02165144517126124,False,-1.0825722585633815,False,,True,52.0,False,,True,106.0,MINUS_0_5R,True,3.0,True,5.0,True,45.0,110,STOP
1758742200000,True,-0.04080772387073004,2.428373475876352,True,2.387565752005622,True,14.0,False,,True,86.0,False,,PLUS_0_5R,False,,False,,False,,705,TARGET
1758808500000,True,-0.44486318400509073,1.499919114695332,True,1.0550559306902412,True,267.0,False,,True,295.0,False,,PLUS_0_5R,True,4.0,True,5.0,False,,1385,TARGET
1759221900000,True,-1.1705503677685436,0.046390238529399046,False,-1.1241601292391445,False,,True,22.0,False,,True,57.0,MINUS_0_5R,True,1.0,True,5.0,True,22.0,60,STOP
1759226400000,True,-0.06475074590319069,1.81767616767485,True,1.7529254217716594,True,90.0,False,,True,223.0,False,,PLUS_0_5R,False,,False,,False,,250,TARGET
1759419600000,True,-0.2941610269280902,1.3401421238300415,True,1.0459810969019512,True,186.0,False,,True,898.0,False,,PLUS_0_5R,True,7.0,True,10.0,False,,1215,TARGET
1759821900000,True,-0.5614966324287658,2.019208314954054,True,1.457711682525288,True,114.0,True,37.0,True,281.0,False,,MINUS_0_5R,True,2.0,True,15.0,True,29.0,470,TARGET
1759965000000,True,-1.3971374236813054,1.4730457411670124,False,0.07590831748570692,True,139.0,True,34.0,True,706.0,True,1041.0,MINUS_0_5R,True,7.0,True,10.0,True,28.0,1045,STOP
1760423100000,True,-0.5691287364382103,1.183795146313462,True,0.6146664098752517,True,103.0,True,16.0,True,885.0,False,,MINUS_0_5R,True,1.0,True,5.0,True,17.0,970,TARGET
1760711100000,True,-0.9079713724188241,1.9907158167733012,True,1.0827444443544771,True,394.0,True,121.0,True,1264.0,False,,MINUS_0_5R,True,3.0,True,5.0,True,120.0,1630,TARGET
1761025800000,True,-1.08186949966691,0.582822014188351,False,-0.49904748547855904,True,54.0,True,99.0,False,,True,102.0,PLUS_0_5R,True,1.0,True,5.0,True,9.0,105,STOP
1761294600000,True,-0.47726762446861104,2.670446554799759,True,2.193178930331148,True,34.0,False,,True,236.0,False,,PLUS_0_5R,True,1.0,True,145.0,True,149.0,340,TARGET
1761538800000,True,-1.1475106787000393,0.6206892215343094,False,-0.5268214571657299,True,62.0,True,269.0,False,,True,271.0,PLUS_0_5R,True,7.0,True,15.0,True,269.0,275,STOP
1761642900000,True,-0.20862498697676887,1.7483029725029566,True,1.5396779855261877,True,94.0,False,,True,331.0,False,,PLUS_0_5R,True,37.0,False,,False,,1230,TARGET
1761764100000,True,-0.935870190817719,0.21722672333643264,False,-0.7186434674812864,False,,True,32.0,False,,False,,MINUS_0_5R,True,5.0,True,5.0,True,34.0,120,STOP_GAP
1762217100000,True,-1.4062610787374983,0.411400299897325,False,-0.9948607788401733,False,,True,74.0,False,,True,820.0,MINUS_0_5R,True,11.0,True,45.0,True,74.0,820,STOP
1762267500000,True,-0.37740622002393703,1.891190610259535,True,1.513784390235598,True,6.0,False,,True,50.0,False,,PLUS_0_5R,True,1.0,True,230.0,False,,980,TARGET
1762450200000,True,-0.04766838619446597,2.108685384989967,True,2.061016998795501,True,12.0,False,,True,97.0,False,,PLUS_0_5R,False,,False,,False,,885,TARGET
1762527600000,True,-0.5479027017533572,1.308204782952333,True,0.7603020811989757,True,86.0,True,42.0,True,92.0,False,,MINUS_0_5R,True,2.0,True,5.0,True,42.0,550,TARGET
1762872000000,True,-1.3406032340633425,0.061390776426753946,False,-1.2792124576365884,False,,True,5.0,False,,True,37.0,MINUS_0_5R,True,1.0,True,5.0,True,5.0,40,STOP
1762875300000,True,-0.2595982620983413,1.6063761425360388,True,1.3467778804376975,True,231.0,False,,True,300.0,False,,PLUS_0_5R,True,1.0,False,,False,,425,TARGET
1763120100000,True,-1.0446095365738346,0.05337893265244346,False,-0.9912306039213912,False,,True,15.0,False,,True,33.0,MINUS_0_5R,True,6.0,True,10.0,True,15.0,35,STOP
1763128500000,True,-1.1693233170108155,1.596605687217589,False,0.4272823702067736,True,53.0,True,3.0,True,109.0,True,1723.0,MINUS_0_5R,True,1.0,True,5.0,True,3.0,1725,STOP
1764674100000,True,-1.211787771576021,1.7792139782611835,False,0.5674262066851625,True,34.0,True,275.0,True,101.0,True,279.0,PLUS_0_5R,True,246.0,True,250.0,True,257.0,280,STOP
1764691800000,True,-0.20560628312366946,1.8568418364089312,True,1.6512355532852618,True,76.0,False,,True,264.0,False,,PLUS_0_5R,True,1.0,False,,False,,1240,TARGET
1764828000000,True,-0.23784426765284172,2.155437912576455,True,1.9175936449236133,True,219.0,False,,True,498.0,False,,PLUS_0_5R,True,4.0,True,10.0,False,,1830,TARGET
1764951900000,True,-1.0187323060231497,0.08035396429845623,False,-0.9383783417246935,False,,True,198.0,False,,True,1263.0,MINUS_0_5R,True,1.0,True,15.0,True,287.0,1263,STOP
1765207200000,True,-0.8196778957732401,0.9912792742105776,True,0.17160137843733747,True,1012.0,True,37.0,False,,False,,MINUS_0_5R,True,11.0,True,20.0,True,825.0,1465,TARGET
1766998800000,True,-1.0924740228083274,0.2755274301937618,False,-0.8169465926145656,False,,True,155.0,False,,True,278.0,MINUS_0_5R,True,1.0,True,20.0,True,155.0,280,STOP
1767126000000,True,-1.2805703780099633,0.7025992855327747,False,-0.5779710924771886,True,254.0,True,124.0,False,,True,504.0,MINUS_0_5R,True,18.0,True,25.0,True,90.0,505,STOP
1767769500000,True,-1.086247291560222,1.0311272394172746,False,-0.05512005214294735,True,37.0,True,359.0,True,93.0,True,487.0,PLUS_0_5R,True,2.0,True,290.0,True,309.0,490,STOP
1767799200000,True,-0.8985391614901205,2.536539959347292,True,1.6380007978571718,True,7.0,True,799.0,True,58.0,False,,PLUS_0_5R,True,748.0,True,765.0,True,772.0,2715,TARGET
1768268100000,True,-0.5642307740099402,1.9933695341525572,True,1.429138760142617,True,229.0,True,1135.0,True,711.0,False,,PLUS_0_5R,True,3.0,True,10.0,True,301.0,4320,864BAR_TIMEOUT
1769009400000,True,-1.2426428007370358,0.2837588839168319,False,-0.9588839168202039,False,,True,117.0,False,,True,242.0,MINUS_0_5R,True,10.0,True,50.0,True,117.0,245,STOP
1769025300000,True,-0.1786553706826675,1.576108462692735,True,1.3974530920100676,True,32.0,False,,True,82.0,False,,PLUS_0_5R,True,1.0,True,5.0,False,,1130,TARGET
1769157600000,True,-0.5758280713415234,1.3477345740556028,True,0.7719065027140795,True,352.0,True,44.0,True,445.0,False,,MINUS_0_5R,True,1.0,True,5.0,True,45.0,465,TARGET
1769457600000,True,-0.848438425818668,1.277220888040906,True,0.4287824622222379,True,251.0,True,78.0,True,1379.0,False,,MINUS_0_5R,True,4.0,True,70.0,True,88.0,1380,TARGET
1769762700000,True,-1.1352382210930336,0.03480281257339629,False,-1.1004354085196373,False,,True,24.0,False,,True,56.0,MINUS_0_5R,True,16.0,True,20.0,True,23.0,60,STOP
1769766900000,True,-1.1387711390719593,0.8251705421349599,False,-0.3136005969369994,True,54.0,True,428.0,False,,True,464.0,PLUS_0_5R,True,230.0,True,230.0,True,428.0,465,STOP
1769796000000,True,-1.031082150694251,0.02283852544630615,False,-1.0082436252479448,False,,True,8.0,False,,True,25.0,MINUS_0_5R,True,3.0,True,5.0,True,6.0,25,STOP
1769798400000,True,-1.0380360420166885,0.8205521824048236,False,-0.2174838596118649,True,12.0,True,316.0,False,,True,591.0,PLUS_0_5R,True,199.0,True,200.0,True,316.0,591,STOP
1770216300000,True,-1.2298235989366817,0.234593648270884,False,-0.9952299506657977,False,,True,33.0,False,,True,42.0,MINUS_0_5R,True,1.0,True,10.0,True,33.0,45,STOP
1770219600000,True,-1.047835892902305,0.049693734290857584,False,-0.9981421586114475,False,,True,19.0,False,,True,64.0,MINUS_0_5R,True,13.0,True,15.0,True,62.0,65,STOP
1770223800000,True,-0.3023633419218683,1.128545974285681,True,0.8261826323638126,True,178.0,False,,True,320.0,False,,PLUS_0_5R,True,2.0,True,55.0,False,,325,TARGET
1770260700000,True,-1.0910129029255562,0.7561588852199248,False,-0.3348540177056314,True,179.0,True,1105.0,False,,True,1180.0,PLUS_0_5R,True,3.0,True,145.0,True,1104.0,1180,STOP
1770337200000,True,-0.11242173565183836,1.7058788595008512,True,1.5934571238490127,True,20.0,False,,True,124.0,False,,PLUS_0_5R,False,,False,,False,,330,TARGET
1770908700000,True,-2.7862523015120235,0.4142451670497161,False,-2.3720071344623075,False,,True,61.0,False,,True,62.0,MINUS_0_5R,True,58.0,True,60.0,True,61.0,65,STOP
1770913800000,True,-0.07375452506711172,0.3610973576863156,True,0.2873428326192039,False,,False,,False,,False,,NEITHER,False,,False,,False,,10,TARGET
1771218300000,True,-1.0451791735726137,0.660513230839582,False,-0.3846659427330317,True,158.0,True,972.0,False,,True,978.0,PLUS_0_5R,True,593.0,True,595.0,True,972.0,979,STOP
1771290300000,True,-1.199104926970162,0.5087595101509325,False,-0.6903454168192295,True,74.0,True,246.0,False,,True,248.0,PLUS_0_5R,True,11.0,True,240.0,True,246.0,250,STOP
1771337100000,True,-0.5243345787114939,0.9875489798116337,True,0.4632144011001398,True,818.0,True,51.0,False,,False,,MINUS_0_5R,True,31.0,True,35.0,False,,1403,TARGET
1771943700000,True,-0.2536806508785611,0.9457324224399541,True,0.692051771561393,True,206.0,False,,False,,False,,PLUS_0_5R,True,21.0,False,,False,,834,TARGET
1772116800000,True,-0.8219549308217516,0.9086462309338199,True,0.08669130011206827,True,355.0,True,43.0,False,,False,,MINUS_0_5R,True,1.0,True,10.0,True,43.0,1295,TARGET
1772551800000,True,-0.05671607786179071,1.1346512572963985,True,1.0779351794346077,True,49.0,False,,True,579.0,False,,PLUS_0_5R,False,,False,,False,,4323,864BAR_TIMEOUT
1773274200000,True,-1.0121710326681619,1.4269336711021798,False,0.41476263843401795,True,14.0,True,897.0,True,448.0,True,1064.0,PLUS_0_5R,True,311.0,True,890.0,True,897.0,1065,STOP
1773338400000,True,-1.0615434380070297,0.12765621458061918,False,-0.9338872234264105,False,,True,45.0,False,,True,59.0,MINUS_0_5R,True,1.0,True,5.0,True,17.0,60,STOP
1773348000000,True,-1.0382180581356868,1.3959418104802532,False,0.35772375234456644,True,39.0,True,1031.0,True,189.0,True,1091.0,PLUS_0_5R,True,1.0,True,620.0,True,1031.0,1095,STOP
1773418800000,True,-1.6143065202422697,0.5299580843833224,False,-1.0843484358589475,True,72.0,True,203.0,False,,True,356.0,PLUS_0_5R,True,2.0,True,175.0,True,203.0,360,STOP
1773926700000,True,-0.3311014195262073,0.8433585998636811,True,0.5122571803374738,True,31.0,False,,False,,False,,PLUS_0_5R,True,1.0,True,10.0,False,,470,TARGET
1774014000000,True,-1.007797094715292,0.029480868907412843,False,-0.9783162258078792,False,,True,7.0,False,,True,24.0,MINUS_0_5R,True,1.0,True,5.0,True,7.0,25,STOP
1774466100000,True,-1.2738292372624644,0.5937115046749621,False,-0.6801177325875023,True,42.0,True,551.0,False,,True,577.0,PLUS_0_5R,True,1.0,True,80.0,True,551.0,580,STOP
1774506300000,True,-1.0780420973969316,0.6438327728650408,False,-0.43420932453189076,True,485.0,True,592.0,False,,True,603.0,PLUS_0_5R,True,7.0,True,115.0,True,134.0,605,STOP
1774544700000,True,-0.7034718222003986,1.6976454059657404,True,0.9941735837653418,True,474.0,True,165.0,True,688.0,False,,MINUS_0_5R,True,2.0,True,15.0,True,165.0,1250,TARGET
1774898700000,True,-0.5131000747733883,3.010273051748314,True,2.497172976974926,True,94.0,True,234.0,True,256.0,False,,PLUS_0_5R,True,1.0,True,160.0,True,161.0,315,TARGET
1775094600000,True,-1.3619574645340051,0.03481788278799586,False,-1.3271395817460092,False,,True,43.0,False,,True,232.0,MINUS_0_5R,True,1.0,True,5.0,True,219.0,235,STOP
1775110500000,True,-0.1331594653559684,1.9553878175389323,True,1.8222283521829639,True,75.0,False,,True,484.0,False,,PLUS_0_5R,True,7.0,False,,False,,3644,TARGET
1776237000000,True,-1.0066283568502554,0.16870069033529467,False,-0.8379276665149608,False,,True,117.0,False,,True,153.0,MINUS_0_5R,True,1.0,True,5.0,True,117.0,155,STOP
1776246600000,True,-1.0110300356354935,1.3361615475988358,False,0.3251315119633422,True,120.0,True,1666.0,True,243.0,True,2238.0,PLUS_0_5R,True,1.0,True,10.0,True,1621.0,2240,STOP
1776390000000,True,-0.1192874635472472,2.4680961006191833,True,2.348808637071936,True,11.0,False,,True,195.0,False,,PLUS_0_5R,True,3.0,False,,False,,665,TARGET
1776636300000,True,-1.2101366430588298,0.6560766165410982,False,-0.5540600265177317,True,920.0,True,87.0,False,,True,2377.0,MINUS_0_5R,True,1.0,True,15.0,True,94.0,2380,STOP
1776792900000,True,-1.1344800103648671,0.3435319798827668,False,-0.7909480304821004,False,,True,122.0,False,,True,124.0,MINUS_0_5R,True,16.0,True,35.0,True,37.0,125,STOP
1777447800000,True,-1.2136996075633253,0.10806603314630735,False,-1.105633574417018,False,,True,25.0,False,,True,136.0,MINUS_0_5R,True,2.0,True,5.0,True,10.0,140,STOP
1777456800000,True,-1.1056910569105274,0.5449137418203136,False,-0.5607773150902138,True,26.0,True,167.0,False,,True,196.0,PLUS_0_5R,True,111.0,True,145.0,True,150.0,200,STOP
1777622400000,True,-1.0693657754048733,0.000989374821139109,False,-1.0683764005837342,False,,True,13.0,False,,True,110.0,MINUS_0_5R,True,1.0,True,5.0,True,6.0,110,STOP
1777629900000,True,-0.22435063069031871,2.531754269119379,True,2.30740363842906,True,105.0,False,,True,125.0,False,,PLUS_0_5R,True,53.0,False,,False,,225,TARGET
1777878300000,True,-1.5642436549902086,0.07175075704766339,False,-1.4924928979425451,False,,True,50.0,False,,True,174.0,MINUS_0_5R,True,1.0,True,10.0,True,19.0,175,STOP
1778459400000,True,-1.1228160126208022,0.3285348057582275,False,-0.7942812068625746,False,,True,18.0,False,,True,317.0,MINUS_0_5R,True,5.0,True,20.0,True,18.0,320,STOP
1778479200000,True,-0.32231468982920675,2.02167263337049,True,1.6993579435412833,True,40.0,False,,True,379.0,False,,PLUS_0_5R,True,207.0,True,210.0,False,,430,TARGET
1778567400000,True,-1.0235995807932923,0.3118809979752921,False,-0.7117185828180002,False,,True,30.0,False,,True,445.0,MINUS_0_5R,True,4.0,True,15.0,True,21.0,445,STOP
1778595000000,True,-1.4783982734034693,0.017805526650475755,False,-1.4605927467529936,False,,True,19.0,False,,True,67.0,MINUS_0_5R,True,1.0,True,5.0,True,19.0,70,STOP
1778599800000,True,-0.09331702823746409,1.2391131721881554,True,1.1457961439506914,True,172.0,False,,True,240.0,False,,PLUS_0_5R,False,,False,,False,,270,TARGET
1778665200000,True,-1.0747434972423562,0.6749782935688031,False,-0.39976520367355306,True,24.0,True,166.0,False,,True,244.0,PLUS_0_5R,True,79.0,True,155.0,True,158.0,245,STOP
1778680200000,True,-1.0675346948775566,1.2387952608459474,False,0.1712605659683908,True,103.0,True,786.0,True,822.0,True,1733.0,PLUS_0_5R,True,2.0,True,10.0,True,786.0,1735,STOP
1779771900000,True,-1.077183406808012,0.42348136414818516,False,-0.6537020426598268,False,,True,245.0,False,,True,386.0,MINUS_0_5R,True,4.0,True,40.0,True,128.0,390,STOP
1779797700000,True,-1.0316924616252012,0.6848303409063639,False,-0.3468621207188374,True,62.0,True,311.0,False,,True,343.0,PLUS_0_5R,True,1.0,True,5.0,True,11.0,345,STOP
1779819300000,True,-1.1084578138370749,1.7692407682224915,False,0.6607829543854167,True,58.0,True,748.0,True,161.0,True,918.0,PLUS_0_5R,True,657.0,True,660.0,True,670.0,918,STOP
1780284300000,True,-1.0342557157767702,0.14586589538947084,False,-0.8883898203872994,False,,True,173.0,False,,True,258.0,MINUS_0_5R,True,1.0,True,10.0,True,13.0,260,STOP
1780300500000,True,-1.2081612051986823,0.35330842618651126,False,-0.854852779012171,False,,True,24.0,False,,True,313.0,MINUS_0_5R,True,5.0,True,5.0,True,17.0,315,STOP
1780320900000,True,-0.892107467555591,1.5328153365055144,True,0.6407078689499234,True,244.0,True,12.0,True,807.0,False,,MINUS_0_5R,True,1.0,True,5.0,True,12.0,860,TARGET
1780425900000,True,-1.066644802968622,0.24912469292131284,False,-0.8175201100473091,False,,True,201.0,False,,True,219.0,MINUS_0_5R,True,47.0,True,50.0,True,201.0,220,STOP
1780443600000,True,-1.2596415778443697,0.8032940520720173,False,-0.4563475257723524,True,55.0,True,346.0,False,,True,547.0,PLUS_0_5R,True,1.0,True,90.0,True,346.0,550,STOP
1780477200000,True,-1.030146370859035,0.6060990500959615,False,-0.4240473207630735,True,63.0,True,278.0,False,,True,732.0,PLUS_0_5R,True,24.0,True,25.0,True,25.0,735,STOP
1780525500000,True,-0.02593845375768842,2.435515651954055,True,2.4095771981963665,True,28.0,False,,True,77.0,False,,PLUS_0_5R,False,,False,,False,,800,TARGET
1780882800000,True,-1.0781869263018953,0.07191600842443956,False,-1.0062709178774558,False,,True,230.0,False,,True,233.0,MINUS_0_5R,True,25.0,True,30.0,True,230.0,235,STOP
1780898100000,True,-0.4113396995538074,1.4824540570091906,True,1.0711143574553832,True,86.0,False,,True,457.0,False,,PLUS_0_5R,True,122.0,True,145.0,False,,1850,TARGET
1781016600000,True,-1.0658169209486366,0.08558323426028432,False,-0.9802336866883522,False,,True,34.0,False,,True,75.0,MINUS_0_5R,True,13.0,True,30.0,True,35.0,75,STOP
1781053800000,True,-1.1199090900055337,0.41357090085045106,False,-0.7063381891550826,False,,True,52.0,False,,True,533.0,MINUS_0_5R,True,10.0,True,30.0,True,28.0,535,STOP
1781089800000,True,-1.305486232085893,0.4411339074591015,False,-0.8643523246267916,False,,True,44.0,False,,True,222.0,MINUS_0_5R,True,5.0,True,10.0,True,31.0,225,STOP
1781104800000,True,-1.0128169448210078,0.12945622996883463,False,-0.8833607148521732,False,,True,28.0,False,,True,239.0,MINUS_0_5R,True,9.0,True,25.0,True,24.0,240,STOP
1781119800000,True,-1.1864201634175893,0.15304309067889815,False,-1.033377072738691,False,,True,72.0,False,,True,101.0,MINUS_0_5R,True,1.0,True,25.0,True,26.0,105,STOP
1781130600000,True,-0.5990199960248985,2.602253289242009,True,2.003233293217111,True,119.0,True,39.0,True,162.0,False,,MINUS_0_5R,True,21.0,True,25.0,True,38.0,1150,TARGET
1781560800000,True,-0.3319514388222351,2.840906055903015,True,2.50895461708078,True,331.0,False,,True,605.0,False,,PLUS_0_5R,True,8.0,True,20.0,True,24.0,2550,TARGET
1781720100000,True,-1.0309592754605394,0.5388762245086774,False,-0.492083050951862,True,28.0,True,14.0,False,,True,52.0,MINUS_0_5R,True,5.0,True,5.0,True,14.0,55,STOP
1781725500000,True,-0.1021344301697839,1.7336786336938936,True,1.6315442035241097,True,24.0,False,,True,145.0,False,,PLUS_0_5R,False,,False,,False,,235,TARGET
1781781900000,True,-1.1348628304996218,0.8883960908509406,False,-0.24646673964868115,True,52.0,True,240.0,False,,True,307.0,PLUS_0_5R,True,1.0,True,5.0,True,21.0,310,STOP
1781802000000,True,-1.1620886456933244,0.2721467139178297,False,-0.8899419317754946,False,,True,122.0,False,,True,341.0,MINUS_0_5R,True,106.0,True,115.0,True,118.0,345,STOP
1782864600000,True,-1.350806079807613,0.006196358164272985,False,-1.34460972164334,False,,True,27.0,False,,True,51.0,MINUS_0_5R,True,1.0,True,5.0,True,5.0,55,STOP
1782871800000,True,-0.7097176079734112,2.8762458471760977,True,2.1665282392026866,True,470.0,True,233.0,True,526.0,False,,MINUS_0_5R,True,116.0,True,145.0,True,178.0,670,TARGET
1783315500000,True,-1.126749212396535,0.6574840647666401,False,-0.4692651476298949,True,134.0,True,237.0,False,,True,433.0,PLUS_0_5R,True,1.0,True,30.0,True,1.0,435,STOP
1783342800000,True,-1.1784479621542905,1.1236808588063936,False,-0.05476710334789692,True,287.0,True,100.0,True,1376.0,True,1743.0,MINUS_0_5R,True,11.0,True,15.0,True,100.0,1745,STOP
1783452600000,True,-1.2504256336680886,0.5487517934003046,False,-0.701673840267784,True,512.0,True,86.0,False,,True,722.0,MINUS_0_5R,True,62.0,True,65.0,True,703.0,725,STOP
1783502100000,True,-1.053573101058339,0.8788517373794065,False,-0.17472136367893243,True,179.0,True,39.0,False,,True,357.0,MINUS_0_5R,True,2.0,True,20.0,True,23.0,360,STOP
1783662900000,True,-1.0562719037227961,0.1124776829994187,False,-0.9437942207233774,False,,True,105.0,False,,True,170.0,MINUS_0_5R,True,16.0,True,30.0,True,104.0,170,STOP
1783690800000,True,-1.0105355816576145,0.39281489835775796,False,-0.6177206832998565,False,,True,49.0,False,,True,49.0,MINUS_0_5R,True,1.0,True,50.0,True,49.0,50,STOP
1783920900000,True,-1.1028474780473168,0.5533699404555048,False,-0.549477537591812,True,163.0,True,26.0,False,,True,508.0,MINUS_0_5R,True,1.0,True,10.0,True,22.0,510,STOP
1783954200000,True,-0.9412004380045327,3.2478545417504754,True,2.3066541037459425,True,802.0,True,99.0,True,1236.0,False,,MINUS_0_5R,True,93.0,True,95.0,True,99.0,1240,TARGET
1784091000000,True,-1.5696984089289825,2.258370933269963,False,0.6886725243409804,True,456.0,True,36.0,True,461.0,True,1846.0,MINUS_0_5R,True,3.0,True,10.0,True,17.0,1850,STOP
1784815800000,True,-1.0210787529592957,0.5295074018083942,False,-0.49157135115090156,True,32.0,True,693.0,False,,True,704.0,PLUS_0_5R,True,1.0,True,5.0,True,590.0,705,STOP
1784862600000,True,-0.4698430705237377,1.942459192033791,True,1.4726161215100533,True,235.0,False,,True,329.0,False,,PLUS_0_5R,True,57.0,True,85.0,True,124.0,720,TARGET
1785159300000,True,-1.0149020080079416,0.3430773399163207,False,-0.6718246680916209,False,,True,17.0,False,,True,568.0,MINUS_0_5R,True,16.0,True,20.0,True,17.0,570,STOP
1786638000000,True,-1.1227613861117798,0.5549324013113263,False,-0.5678289848004535,True,44.0,True,171.0,False,,True,444.0,PLUS_0_5R,True,121.0,True,165.0,True,169.0,445,STOP
1786674600000,True,-0.32698989806013445,2.439376855282202,True,2.1123869572220677,True,269.0,False,,True,407.0,False,,PLUS_0_5R,True,13.0,True,15.0,False,,665,TARGET
1787026800000,True,-1.0428053204353205,0.6389359129383556,False,-0.40386940749696487,True,187.0,True,546.0,False,,True,629.0,PLUS_0_5R,True,1.0,True,10.0,True,14.0,630,STOP
1787067000000,True,-1.0820790688340387,0.45113385510735693,False,-0.6309452137266818,False,,True,254.0,False,,True,287.0,MINUS_0_5R,True,2.0,True,150.0,True,250.0,290,STOP
1787086200000,True,-0.5117164029641321,3.8044595767406952,True,3.292743173776563,True,142.0,True,188.0,True,226.0,False,,PLUS_0_5R,True,2.0,True,5.0,True,99.0,885,TARGET
1787227800000,True,-0.4314597445576027,1.9263664098454143,True,1.4949066652878116,True,44.0,False,,True,108.0,False,,PLUS_0_5R,True,11.0,True,15.0,False,,165,TARGET
1787595900000,True,-1.150989625205792,1.4958845373454785,False,0.3448949121396865,True,159.0,True,442.0,True,261.0,True,2447.0,PLUS_0_5R,True,1.0,True,5.0,True,442.0,2450,STOP
1788315300000,True,-0.556053434311567,1.949132218365437,True,1.3930787840538699,True,191.0,True,76.0,True,585.0,False,,MINUS_0_5R,True,60.0,True,65.0,True,75.0,675,TARGET
1788505200000,True,-5.056434640268205,1.2991659521397332,False,-3.757268688128472,True,33.0,True,326.0,True,40.0,True,326.0,PLUS_0_5R,True,326.0,True,330.0,True,326.0,330,STOP
1788527700000,True,-0.04904552905715585,0.9035481994606276,True,0.8545026704034717,True,27.0,False,,False,,False,,PLUS_0_5R,False,,False,,False,,120,TARGET
1788761700000,True,-1.2161086396628575,1.7183589583496548,False,0.5022503186867973,True,102.0,True,313.0,True,120.0,True,1978.0,PLUS_0_5R,True,1.0,True,10.0,True,313.0,1979,STOP
1788898200000,True,-0.8229417536348212,3.040763535813115,True,2.2178217821782935,True,255.0,True,35.0,True,473.0,False,,MINUS_0_5R,True,11.0,True,15.0,True,14.0,980,TARGET
1789983600000,True,-1.0830179507656124,1.2964133189820148,False,0.21339536821640248,True,110.0,True,258.0,True,128.0,True,259.0,PLUS_0_5R,True,5.0,True,5.0,True,258.0,260,STOP
1789999800000,True,-1.137588828806451,1.0214225039882476,False,-0.11616632481820344,True,453.0,True,852.0,True,528.0,True,997.0,PLUS_0_5R,True,3.0,True,20.0,True,861.0,1000,STOP
1790607600000,True,-0.37382427673515495,2.1930192127669077,True,1.8191949360317528,True,82.0,False,,True,1138.0,False,,PLUS_0_5R,True,7.0,True,70.0,False,,2268,TARGET
