target_row_id,donor_row_id,target_signal_t,donor_signal_t,distance
P001072,P001042,1767769500000,1758733800000,0.4884923763070308
P001073,P000994,1767799200000,1746721500000,0.11207128072552919
P001074,P001053,1768268100000,1761294600000,0.06871975785256312
P001075,P001003,1769009400000,1748355000000,0.19457343559641505
P001076,P001004,1769025300000,1748613900000,0.3684383248823043
P001077,P001045,1769157600000,1759221900000,1.1287071701398945
P001078,P001011,1769457600000,1750171500000,1.4390804659182714
P001079,P001055,1769762700000,1761642900000,0.28082591982008076
P001080,P000990,1769766900000,1745417700000,0.3010473899912133
P001081,P001064,1769796000000,1763128500000,0.4000108490503438
P001082,P001062,1769798400000,1762875300000,0.2760449156328821
P001083,P001037,1770216300000,1757455500000,0.3026343144131828
P001084,P001069,1770219600000,1765207200000,0.254223803792325
P001085,P001015,1770223800000,1751236200000,0.5317483479095788
P001086,P000998,1770260700000,1747289100000,0.5208701198452488
P001087,P000987,1770337200000,1744634700000,0.3888920770378382
P001088,P001061,1770908700000,1762872000000,0.24705634498246148
P001090,P001070,1771218300000,1766998800000,0.24462366505811778
P001091,P000975,1771290300000,1739547300000,0.27496180236126144
P001092,P001068,1771337100000,1764951900000,0.4514088614238183
P001093,P000978,1771943700000,1740061800000,1.4455281797419517
P001094,P001056,1772116800000,1761764100000,1.4368415618720007
P001095,P001066,1772551800000,1764691800000,0.556096129372857
P001096,P001049,1773274200000,1759965000000,0.22407312130510834
P001097,P000991,1773338400000,1745503800000,0.5373737332967182
P001098,P000992,1773348000000,1745588400000,0.3881226833943605
P001099,P001046,1773418800000,1759226400000,0.4624306166807402
P001101,P001058,1774014000000,1762267500000,0.3920600719843351
P001102,P001051,1774466100000,1760711100000,0.37789436793362363
P001103,P001067,1774506300000,1764828000000,0.6303144426434396
P001104,P000995,1774544700000,1746757800000,2.198753755131687
P001105,P000993,1774898700000,1746581700000,0.8786566902138836
P001106,P000955,1775094600000,1736174700000,2.3861194641457297
P001107,P001048,1775110500000,1759821900000,0.9600656792008575
P001108,P001006,1776237000000,1748960100000,0.2958160199867601
P001109,P001057,1776246600000,1762217100000,0.49570782850148704
P001110,P000988,1776390000000,1744875300000,0.21711365739198626
P001111,P000968,1776636300000,1738165200000,0.4050795044909494
P001112,P000972,1776792900000,1739280000000,0.2459642937115173
P001113,P000983,1777447800000,1741372200000,0.5242544270370646
P001114,P001014,1777456800000,1751036100000,0.3017656086913296
P001115,P001043,1777622400000,1758742200000,0.14238195383700852
P001116,P000997,1777629900000,1747285200000,0.40781521179904995
P001117,P001052,1777878300000,1761025800000,1.117032581439306
P001118,P001020,1778459400000,1752498600000,0.7604215038901707
P001119,P001013,1778479200000,1751026800000,1.6044865567125388
P001120,P001041,1778567400000,1758681600000,0.39486108501861505
P001121,P001008,1778595000000,1749139800000,1.3839808552552293
P001122,P001047,1778599800000,1759419600000,0.4517692992898552
P001123,P001012,1778665200000,1751013600000,0.490382031974998
P001124,P001034,1778680200000,1754915700000,0.6490130831104469
P001125,P001059,1779771900000,1762450200000,0.49034562576619045
P001126,P001071,1779797700000,1767126000000,1.1555475924045842
P001127,P000989,1779819300000,1745388900000,1.0974090500412974
P001128,P001054,1780284300000,1761538800000,1.3668212790711252
P001129,P001022,1780300500000,1752594000000,0.535377450085764
P001130,P000977,1780320900000,1739981100000,0.6028993628916596
P001131,P001005,1780425900000,1748925600000,0.925105626340915
P001132,P000965,1780443600000,1737988800000,1.1740361090156193
P001133,P001026,1780477200000,1753362300000,0.9270552871650414
P001134,P001035,1780525500000,1755009000000,1.3839647882186341
P001135,P001063,1780882800000,1763120100000,2.444177192801584
P001136,P001060,1780898100000,1762527600000,1.6981449412120995
P001137,P001050,1781016600000,1760423100000,0.12631395875510099
P001143,P000982,1781560800000,1741251300000,0.7078300334186793
P001148,P000970,1782864600000,1738554600000,1.564151756269818
P001149,P000976,1782871800000,1739556900000,0.5354981506150325
P001150,P000952,1783315500000,1735935300000,0.5542534314905727
P001151,P001000,1783342800000,1747397400000,1.6280982432442497
P001152,P001040,1783452600000,1758203700000,1.2519317574832916
P001154,P000964,1783662900000,1737963600000,0.35854444685840925
P001155,P001044,1783690800000,1758808500000,1.5323394699467807
P001156,P001001,1783920900000,1747701600000,0.7679600163983193
P001158,P000999,1784091000000,1747380300000,1.4718144286685502
P001159,P000979,1784815800000,1740126900000,2.9281715284852314
P001160,P001002,1784862600000,1747910400000,1.4493977824057485
P001161,P001021,1785159300000,1752587100000,1.6764539875052147
P001162,P001033,1786638000000,1754875200000,1.9117316616547422
P001163,P001065,1786674600000,1764674100000,2.3667485704483395
P001168,P001024,1787595900000,1753327800000,1.8972185295862931
P001170,P000981,1788505200000,1741182900000,0.9028386225263485
P001175,P000996,1789999800000,1747228800000,0.5801974097218416
