contrast,stage,donor_n,target_n,matched_n,target_coverage,donor_coverage,support_class,balance_class,max_abs_smd,delta_2026_minus_donor,ci_low,ci_high,ci_interpretation
EVENT_2025_vs_2026,Raw,526,484,,,,NA,NA,,-0.3966994375804733,-0.6981943373730494,-0.14138671456380322,MATERIAL_2026_DETERIORATION
EVENT_2025_vs_2026,Geometry matched,526,484,340.0,0.7024793388429752,0.6463878326996197,ADEQUATE,FAILED,0.8363840868330912,-0.3952114534082951,-0.7193593195968652,-0.1433369935720372,MATERIAL_2026_DETERIORATION
EVENT_2025_vs_2026,Geometry + Composition,526,484,128.0,0.2644628099173554,0.24334600760456274,INSUFFICIENT,FAILED,0.5772650615703864,-0.5727031853253226,-1.079506696412246,-0.108746860800657,MATERIAL_2026_DETERIORATION
EVENT_2025JS_vs_2026,Raw,431,484,,,,NA,NA,,-0.3604240688171491,-0.6769503232344041,-0.08570941952432737,MATERIAL_2026_DETERIORATION
EVENT_2025JS_vs_2026,Geometry matched,431,484,268.0,0.5537190082644629,0.6218097447795824,LIMITED,FAILED,1.1124141854168457,-0.3361556174184166,-0.705171159723569,-0.030152805028341795,INCONCLUSIVE
EVENT_2025JS_vs_2026,Geometry + Composition,431,484,82.0,0.16942148760330578,0.1902552204176334,INSUFFICIENT,FAILED,0.8412740603852176,-0.44964790846564273,-1.2223560622034826,0.0729592567180593,INCONCLUSIVE
EVENT_2324_vs_2026,Raw,1232,484,,,,NA,NA,,-0.25476333427826275,-0.477537291109524,-0.02798726363702595,INCONCLUSIVE
EVENT_2324_vs_2026,Geometry matched,1232,484,396.0,0.8181818181818182,0.32142857142857145,ADEQUATE,FAILED,1.1416790228564082,-0.3395248059752206,-0.6056977070935972,-0.05831070720940521,MATERIAL_2026_DETERIORATION
EVENT_2324_vs_2026,Geometry + Composition,1232,484,26.0,0.05371900826446281,0.021103896103896104,INSUFFICIENT,FAILED,2.3535155872174736,0.15800491564448305,-1.157909087169763,0.974357060867884,INCONCLUSIVE
