variable,target_mean,donor_mean,smd,abs_smd,variance_ratio,ks_gap,contrast,stage
entry_distance_anchor_atr,0.8244091529217372,0.8394322136459493,-0.04273625633356492,0.04273625633356492,1.1318862797242875,0.08536585365853659,primary,geometry
entry_spread_r,0.020582181544489916,0.028758195121193073,-1.022386100300607,1.022386100300607,0.6856314524131908,0.47560975609756095,primary,geometry
bars_from_anchor,1.8902439024390243,1.9634146341463414,-0.059511151012953706,0.059511151012953706,0.8710518960216158,0.036585365853658534,primary,geometry
entry_distance_anchor_atr,0.7335455256198071,0.7162291108528512,0.09450736070214019,0.09450736070214019,1.0571652620980376,0.16666666666666666,primary,full
entry_spread_r,0.02053637238080599,0.026592781578412248,-1.0241202655466055,1.0241202655466055,0.6463676228748937,0.4444444444444444,primary,full
bars_from_anchor,1.7777777777777777,1.7777777777777777,0.0,0.0,0.7157894736842106,0.05555555555555555,primary,full
signed_coherence_24h,-0.20306708737364515,-0.21912916422304296,0.06853686352238202,0.06853686352238202,0.8319066163337688,0.16666666666666666,primary,full
expansion_level,0.8922650387587603,0.916381822761127,-0.32110551924359737,0.32110551924359737,1.2059355514975525,0.2222222222222222,primary,full
expansion_persistence,0.9407407407407408,0.8986111111111111,0.46354068391314085,0.46354068391314085,0.313716997816397,0.3333333333333333,primary,full
entry_distance_anchor_atr,0.8307582119219833,0.8481873190921964,-0.05063872438558744,0.05063872438558744,1.1595863917039495,0.1,seasonal,geometry
entry_spread_r,0.021812688302360717,0.03156868057995616,-1.2410920725648324,1.2410920725648324,0.87331590450502,0.55,seasonal,geometry
bars_from_anchor,1.8,1.9,-0.09148111458788152,0.09148111458788152,0.870026525198939,0.08333333333333333,seasonal,geometry
entry_distance_anchor_atr,0.7491843396214728,0.684383610421217,0.3910246232828948,0.3910246232828948,1.2209252954823304,0.25,seasonal,full
entry_spread_r,0.020363079283535267,0.028447695250685235,-1.2503063716117406,1.2503063716117406,0.7760475243279724,0.6666666666666666,seasonal,full
bars_from_anchor,1.75,1.6666666666666667,0.08546412619263033,0.08546412619263033,1.4134615384615383,0.08333333333333333,seasonal,full
signed_coherence_24h,-0.14680663897805488,-0.1715868353781532,0.09997606763000642,0.09997606763000642,0.7843153597579593,0.25,seasonal,full
expansion_level,0.9100193094184387,0.9254098753882872,-0.22290594782740622,0.22290594782740622,1.3043247235094875,0.16666666666666666,seasonal,full
expansion_persistence,0.96875,0.9083333333333333,0.7796784857883468,0.7796784857883468,0.18152173913043487,0.4166666666666667,seasonal,full
entry_distance_anchor_atr,0.843682521541457,0.8507201040010041,-0.017246919084242914,0.017246919084242914,0.9923920609445896,0.07058823529411765,historical,geometry
entry_spread_r,0.021140266697111654,0.029981430590003293,-1.2424909006751774,1.2424909006751774,1.0735891555163881,0.4823529411764706,historical,geometry
bars_from_anchor,1.8823529411764706,1.7176470588235293,0.154049367895379,0.154049367895379,1.2534511319712867,0.09411764705882353,historical,geometry
entry_distance_anchor_atr,0.7352286447606461,0.632278875328443,0.7380286231489819,0.7380286231489819,12.647107079420842,0.5,historical,full
entry_spread_r,0.01950376967147724,0.016837873898838847,0.404210567678854,0.404210567678854,7.14286941882992,0.5,historical,full
bars_from_anchor,3.5,3.0,0.24253562503633297,0.24253562503633297,0.0625,0.5,historical,full
signed_coherence_24h,-0.1966448008461093,-0.15340500505297447,-0.16465239847781296,0.16465239847781296,1.4606873613697313,0.5,historical,full
expansion_level,0.8695354945489872,0.9129097254704421,-0.46022221548630465,0.46022221548630465,7.423738000782688,0.5,historical,full
expansion_persistence,1.0,0.8125,15.000000000000053,15.000000000000053,0.0,1.0,historical,full
