signal_t,signal_idx,year,score,limit_offset_atr,expiry_h,fill_t,fill_px,stop_px,target_px,entry_rr,exit_t,exit_px,exit_kind,pnl_r
1736769600000,39582,2025,0.7592435217796477,0.1,3,1736773200000,2664.7314214285716,2659.3473392857145,2673.5993214285713,1.647058823529377,1736776800000,2673.5993214285713,TARGET,1.647058823529377
1737147600000,39682,2025,0.6819670826435755,0.1,3,1737331200000,2696.185,2694.2602142857145,2706.8145714285715,5.5224700337707935,1737331200000,2694.2602142857145,STOP_FILL_BAR,-1.0
1739545200000,40129,2025,0.7053680203737986,0.1,3,1739548800000,2893.690857142857,2886.0760714285716,2906.2328571428575,1.6470588235295032,1739552400000,2886.0760714285716,STOP,-1.0
1742828400000,40719,2025,0.682254113499545,0.1,3,1742835600000,3006.7894214285716,3000.0793392857145,3017.8413214285715,1.6470588235294077,1742878800000,3017.8413214285715,TARGET,1.6470588235294077
1744873200000,41121,2025,0.7385984231092781,0.1,3,1744876800000,3315.2999999999997,3304.3775,3333.29,1.6470588235294827,1744884000000,3333.29,TARGET,1.6470588235294827
1746576000000,41410,2025,0.8025714116728084,0.1,3,1746579600000,3362.4317857142855,3345.969107142857,3389.5467857142858,1.6470588235294263,1746583200000,3389.5467857142858,TARGET,1.6470588235294263
1747382400000,41578,2025,0.7748888138576675,0.1,3,1747389600000,3196.385714285714,3184.904642857143,3215.295714285714,1.6470588235294117,1747389600000,3184.904642857143,STOP_FILL_BAR,-1.0
1748581200000,41802,2025,0.7491729411900491,0.1,3,1748584800000,3290.839042857143,3282.8401785714286,3304.0136428571427,1.647058823529395,1748606400000,3282.8401785714286,STOP_BOTH,-1.0
1748926800000,41848,2025,0.7957375011228646,0.1,3,1748930400000,3356.966864285714,3349.0715178571427,3369.970964285714,1.6470588235294252,1748952000000,3349.0715178571427,STOP,-1.0
1750388400000,42142,2025,0.7313042729110755,0.1,3,1750395600000,3345.258542857143,3337.7484285714286,3357.628142857143,1.6470588235294117,1750410000000,3357.628142857143,TARGET,1.6470588235294117
1751004000000,42260,2025,0.6855457451630254,0.1,3,1751007600000,3287.4944285714287,3280.129785714286,3299.624428571429,1.6470588235294337,1751018400000,3280.129785714286,STOP,-1.0
1752732000000,42577,2025,0.7341297591607381,0.1,3,1752735600000,3328.7361928571427,3322.3765535714283,3339.210892857143,1.6470588235294243,1752750000000,3322.3765535714283,STOP,-1.0
1753326000000,42689,2025,0.8235711404399628,0.1,3,1753333200000,3375.264235714286,3367.476232142857,3388.091535714286,1.64705882352935,1753340400000,3367.476232142857,STOP,-1.0
1753423200000,42715,2025,0.6916085893971369,0.1,3,1753426800000,3354.9620214285715,3350.312339285714,3362.6203214285715,1.6470588235293773,1753430400000,3350.312339285714,STOP,-1.0
1754370000000,42875,2025,0.8409708558226133,0.1,3,1754373600000,3367.96835,3363.970375,3374.55325,1.647058823529278,1754377200000,3374.55325,TARGET,1.647058823529278
1757426400000,43454,2025,0.7093388401124178,0.1,3,1757430000000,3636.9790214285713,3625.9203392857144,3655.1933214285714,1.647058823529453,1757448000000,3625.9203392857144,STOP,-1.0
1759219200000,43793,2025,0.6823566974724705,0.1,3,1759222800000,3808.573907142857,3797.8136964285713,3826.2966071428573,1.6470588235294417,1759222800000,3797.8136964285713,STOP_FILL_BAR,-1.0
1759413600000,43845,2025,0.7300494055267145,0.1,3,1759417200000,3826.4701642857144,3815.1212678571433,3845.1624642857146,1.647058823529466,1759424400000,3845.1624642857146,TARGET,1.647058823529466
1760709600000,44098,2025,0.7427934319370668,0.1,3,1760716800000,4220.420692857143,4186.7973035714285,4275.800392857143,1.6470588235294166,1760720400000,4186.7973035714285,STOP,-1.0
1761026400000,44136,2025,0.7451984504588545,0.1,3,1761030000000,4318.998842857142,4301.541178571429,4347.752642857143,1.6470588235294914,1761030000000,4301.541178571429,STOP_FILL_BAR,-1.0
1761033600000,44138,2025,0.7556616003286397,0.1,3,1761044400000,4246.746207142857,4224.125946428571,4284.0031071428575,1.6470588235294117,1761048000000,4224.125946428571,STOP,-1.0
1762210800000,44358,2025,0.7463424598198865,0.1,3,1762214400000,3982.2409785714285,3968.505160714286,4004.8646785714286,1.6470588235294508,1762236000000,3968.505160714286,STOP,-1.0
1763701200000,44663,2025,0.6997628384854591,0.1,3,1763704800000,4041.512785714286,4025.5516071428574,4067.801785714286,1.6470588235293815,1763708400000,4025.5516071428574,STOP,-1.0
1765854000000,45042,2025,0.7088025091694571,0.1,3,1765861200000,4281.950542857143,4268.643428571429,4303.868142857143,1.6470588235293917,1765890000000,4303.868142857143,TARGET,1.6470588235293917
1767790800000,45367,2026,0.8725375352228237,0.1,3,1767798000000,4429.293235714285,4414.093232142857,4454.328535714286,1.6470588235294856,1767801600000,4454.328535714286,TARGET,1.6470588235294856
1768258800000,45445,2026,0.8883370669193839,0.1,3,1768266000000,4579.172285714286,4563.555357142857,4604.894285714286,1.6470588235293913,1768309200000,4592.995,12H_TIMEOUT,0.8851109373070242
1769760000000,45749,2026,0.7758859267845168,0.1,3,1769763600000,5060.193364285714,4988.7222678571425,5177.910464285715,1.647058823529423,1769763600000,4988.7222678571425,STOP_FILL_BAR,-1.0
1772460000000,46230,2026,0.7647580778106594,0.1,3,1772463600000,5308.244142857143,5281.255428571429,5352.696142857143,1.6470588235294257,1772467200000,5281.255428571429,STOP,-1.0
1773327600000,46414,2026,0.724546945979906,0.1,3,1773334800000,5111.4758571428565,5093.533571428571,5141.027857142857,1.6470588235294743,1773338400000,5093.533571428571,STOP,-1.0
1774245600000,46566,2026,0.7245869294771851,0.1,3,1774249200000,4170.016528571428,4105.658535714286,4276.0179285714285,1.647058823529421,1774249200000,4105.658535714286,STOP_FILL_BAR,-1.0
1774504800000,46635,2026,0.7459911516945281,0.1,3,1774512000000,4419.001707142857,4389.279696428572,4467.955607142857,1.6470588235293955,1774533600000,4467.955607142857,TARGET,1.6470588235293955
1775649600000,46823,2026,0.8430307040107625,0.1,3,1775653200000,4771.008264285714,4746.5260178571425,4811.331964285714,1.6470588235293921,1775656800000,4746.5260178571425,STOP,-1.0
1776776400000,47031,2026,0.713109580987344,0.1,3,1776780000000,4761.3141,4746.61675,4785.5215,1.6470588235294883,1776780000000,4746.61675,STOP_FILL_BAR,-1.0
1776794400000,47036,2026,0.698960855142951,0.1,3,1776798000000,4694.602507142857,4673.229196428571,4729.805607142857,1.6470588235294767,1776798000000,4673.229196428571,STOP_FILL_BAR,-1.0
1777363200000,47141,2026,0.7033998206868117,0.1,3,1777366800000,4615.955621428571,4603.880339285714,4635.844321428572,1.6470588235294872,1777370400000,4603.880339285714,STOP,-1.0
1778173200000,47311,2026,0.8218454502543298,0.1,3,1778184000000,4689.8683142857135,4670.290142857142,4722.1147142857135,1.6470588235294228,1778202000000,4722.1147142857135,TARGET,1.6470588235294228
1779184800000,47488,2026,0.8349900399451758,0.1,3,1779195600000,4526.847714285715,4513.054642857143,4549.565714285714,1.6470588235294235,1779195600000,4513.054642857143,STOP_FILL_BAR,-1.0
1779238800000,47502,2026,0.7334086251044769,0.1,3,1779246000000,4457.98655,4437.913375,4491.04825,1.6470588235294596,1779271200000,4491.04825,TARGET,1.6470588235294596
1779753600000,47590,2026,0.6989694381096364,0.1,3,1779757200000,4540.420671428572,4529.492464285714,4558.420071428572,1.6470588235292698,1779757200000,4529.492464285714,STOP_FILL_BAR,-1.0
1779778800000,47597,2026,0.7622562681315714,0.1,3,1779782400000,4522.922621428571,4510.702839285714,4543.049321428572,1.6470588235294643,1779793200000,4510.702839285714,STOP,-1.0
1780668000000,47787,2026,0.6928595082386556,0.1,3,1780671600000,4346.6891,4327.2742499999995,4378.6665,1.6470588235294366,1780675200000,4327.2742499999995,STOP,-1.0
1781013600000,47833,2026,0.7658526792515,0.1,3,1781017200000,4280.352357142858,4264.054821428572,4307.195357142858,1.6470588235293822,1781017200000,4264.054821428572,STOP_FILL_BAR,-1.0
1781085600000,47852,2026,0.7212725657320488,0.1,3,1781089200000,4157.805978571429,4137.652660714286,4190.999678571428,1.6470588235294223,1781092800000,4137.652660714286,STOP,-1.0
1781719200000,47975,2026,0.7228736540243517,0.1,3,1781722800000,4271.2859285714285,4251.983035714286,4303.078928571429,1.6470588235295087,1781722800000,4251.983035714286,STOP_FILL_BAR,-1.0
1781791200000,47994,2026,0.7549669943518269,0.1,3,1781794800000,4238.882528571429,4221.563535714286,4267.407928571429,1.6470588235293901,1781798400000,4221.563535714286,STOP,-1.0
1783386000000,48270,2026,0.8383331722701627,0.1,3,1783393200000,4126.838642857143,4115.332678571428,4145.789642857143,1.6470588235293142,1783422000000,4145.789642857143,TARGET,1.6470588235293142
1783450800000,48288,2026,0.8162560700441445,0.1,3,1783461600000,4093.5941428571427,4078.726428571428,4118.082142857143,1.6470588235293704,1783468800000,4118.082142857143,TARGET,1.6470588235293704
1783659600000,48343,2026,0.7577637254353914,0.1,3,1783666800000,4109.079642857143,4099.520178571429,4124.824642857143,1.6470588235294397,1783670400000,4099.520178571429,STOP,-1.0
1783897200000,48360,2026,0.7070488526494895,0.1,3,1783900800000,4069.0787142857143,4053.917142857143,4094.050714285714,1.6470588235294117,1783911600000,4053.917142857143,STOP,-1.0
1784091600000,48412,2026,0.7104605370864233,0.1,3,1784095200000,4023.0999285714283,4010.9030357142856,4043.1889285714287,1.6470588235294579,1784116800000,4043.1889285714287,TARGET,1.6470588235294579
1784804400000,48556,2026,0.7575302940026306,0.1,3,1784808000000,4074.285435714286,4061.2767321428573,4095.7115357142857,1.6470588235293748,1784808000000,4061.2767321428573,STOP_FILL_BAR,-1.0
1785326400000,48649,2026,0.7570423233108146,0.1,3,1785330000000,4010.178214285714,3999.9508928571427,4027.0232142857144,1.6470588235294275,1785333600000,3999.9508928571427,STOP,-1.0
1789380000000,49403,2026,0.7174363895873174,0.1,3,1789387200000,4279.8784428571425,4264.804178571429,4304.7066428571425,1.64705882352944,1789390800000,4264.804178571429,STOP,-1.0
