feature,coef_std,abs_coef
lower_wick_atr,0.5738483829079009,0.5738483829079009
close_location,0.45815715283124037,0.45815715283124037
ema50_dist_atr,0.2698155325710029,0.2698155325710029
ema50_slope_atr,0.26981553257067264,0.26981553257067264
drift20_atr,-0.2409487680764502,0.2409487680764502
body_atr,0.2327230131131379,0.2327230131131379
pos72,0.1746317570966357,0.1746317570966357
drift50_atr,-0.1631319942701482,0.1631319942701482
decline_from_72h_high_atr,0.1269583708042056,0.1269583708042056
atr_rel120,0.10988299776614079,0.10988299776614079
decline_from_24h_high_atr,0.10033444754021091,0.10033444754021091
pos24,0.07920134549659466,0.07920134549659466
