side,signal_t,entry_t,exit_t,entry_px,exit_px,atr_signal,qty,pnl_cash,pnl_r,exit_kind,mtf_score,signal,year,month,t,close,atr_pct,atr_rel_120,atr_rel_480,range24_atr,eff24,eff48,eff120,eff240,eff480,drift24,drift120,drift240,drift480,ema50_slope_atr,ema200_slope_atr,ema50_200_gap_atr,price_ema50_atr,price_ema200_atr,h4_ema50_slope_atr,d1_ema50_slope_atr,win
LONG,1673420400000,1673424000000,1673445600000,1881.505,1877.535,3.4265000000000327,29.18429884721992,-115.86166642346387,-1.1586166642346387,2 closes inside,3,2023-01-11 07:00:00+00:00,2023,2023-01,1673420400000,1881.525,0.001821129137268988,0.7567298970698519,0.8228654745057754,4.1549686268787225,0.166068631921182,0.039342844790316404,0.12472941651411913,0.14995571362852975,0.08202231446449819,2.4447687144316648,10.459652706843661,25.495403472931358,25.795126222092318,0.10813449932574305,0.09561459173840288,6.864356644491044,2.6492952334802404,9.513651877971284,0.38181234054795393,1.1114419313873807,False
LONG,1673535600000,1673539200000,1673629200000,1888.805,1912.108,6.682714285714318,14.963979563479269,348.7056157677556,3.487056157677556,24H timeout,3,2023-01-12 15:00:00+00:00,2023,2023-01,1673535600000,1888.785,0.003538102158643952,1.556226452755802,1.60483725717227,5.156587357574927,0.2767029229633882,0.1322728746735844,0.1351690375774668,0.13271821809871354,0.08801126112368704,2.580987195108911,5.966138651959201,11.644669616708294,14.445776951195985,0.05668893735432495,0.04691178179973337,3.2788433238908077,1.3888789651810465,4.667722289071854,0.2477942645815781,0.5393177648506191,True
LONG,1674554400000,1674558000000,1674568800000,1938.445,1932.375,3.731857142857133,26.796309765340958,-162.6536002756179,-1.6265360027561788,2 closes inside,3,2023-01-24 10:00:00+00:00,2023,2023-01,1674554400000,1938.455,0.001925170892724945,0.7893098863911053,0.8189028213166131,8.333652337021013,0.2605920526268983,0.05136280133468318,0.10045103367812994,0.10879748678101889,0.10631709863811559,3.9275351223060038,7.567277877732288,16.72277303525631,33.12291850093793,0.10865804603160778,0.0784275911361266,5.141423190266368,2.662122127774421,7.803545318040789,0.275358506800464,1.1899196024975303,False
LONG,1674694800000,1674698400000,1674723600000,1945.475,1941.807,5.769857142857128,17.33145163287038,-63.57176458936669,-0.635717645893667,2 closes inside,3,2023-01-26 01:00:00+00:00,2023,2023-01,1674694800000,1945.485,0.0029657679924836883,1.1977136417890546,1.248269254543204,5.030973779989617,0.1405906119633405,0.11547659171521596,0.13934222173047134,0.10774264121584107,0.12513721000423195,1.4835722597736951,6.984575008046756,11.232513803263284,25.725073658669476,0.08309073080674348,0.049721661008026746,2.9115823655311406,2.035722904764959,4.947305270296099,0.19776214139388684,0.8081808843091494,False
SHORT,1676988000000,1676991600000,1677070800000,1834.914,1841.495,4.059999999999945,24.630541871921512,-162.09359605911308,-1.6209359605911309,2 closes inside,-3,2023-02-21 14:00:00+00:00,2023,2023-02,1676988000000,1834.914,0.0022126377584998237,0.9293276108726589,0.8296599036636864,4.150246305418753,0.2606556405240406,0.16476835362114617,0.09408971534039673,0.062058004631311295,0.08070799886683244,-2.1660098522168014,-5.700492610837516,-7.82857142857156,-22.38448275862101,-0.03529316545038431,-0.04073736330002558,-3.188685094820174,-0.8646825535346395,-4.053367648354813,-0.13764895342545944,-0.12110200231220544,False
SHORT,1677121200000,1677124800000,1677139200000,1827.785,1829.685,4.848428571428583,20.62523940010013,-39.18795486018744,-0.3918795486018744,2 closes inside,-3,2023-02-23 03:00:00+00:00,2023,2023-02,1677121200000,1827.805,0.0026525961858232046,1.1255596458063892,1.0075404482707477,4.714929726862869,0.17850320499214523,0.15632110676253771,0.037676905515933494,0.10854197833270327,0.09906505326112369,-1.734582633548391,-1.810896019328786,-10.894251451132876,-22.45944193995104,-0.052665324013429896,-0.03813867802724023,-2.5044980253846534,-1.2903004383294545,-3.794798463714108,-0.14737175519339957,-0.22128317278527324,False
LONG,1678903200000,1678906800000,1678935600000,1915.525,1911.335,10.68814285714286,9.356162369514948,-39.202320328268144,-0.3920232032826814,2 closes inside,3,2023-03-15 18:00:00+00:00,2023,2023-03,1678903200000,1915.505,0.005579804206798133,2.011142098719816,2.5995500464720336,4.839942793750084,0.08849024801348625,0.037746367638006574,0.23471105292687547,0.1367892987288887,0.04919588823793847,0.8252135209912338,9.393587018993017,8.000454442172252,4.955959207132071,0.04561957773680575,0.044844814714263256,3.344379409516645,1.1176796545517622,4.4620590640684075,0.24762572617351428,0.209706035245628,False
LONG,1680541200000,1680544800000,1680573600000,1984.864,1978.124,6.082642857142836,16.440222177859777,-110.80709747877503,-1.1080709747877504,2 closes inside,3,2023-04-03 17:00:00+00:00,2023,2023-04,1680541200000,1984.908,0.0030644457360959982,1.241274260434804,1.1244520150002641,6.702678581913427,0.08851045581248172,0.07444112885074673,0.13285266648413457,0.004900527510728962,0.09126288713832645,1.2894066254095171,6.461500522564209,-0.5979308806087882,22.18328499125153,0.08869174382069224,0.03529898671119071,1.3393014541578985,2.1729477236067916,3.5122491777646903,0.14891200649060818,0.48892433298391513,False
LONG,1683637200000,1683640800000,1683648000000,2030.194,2026.844,3.725857142857113,26.83946167708315,-89.91219661822612,-0.8991219661822611,2 closes inside,3,2023-05-09 13:00:00+00:00,2023,2023-05,1683637200000,2030.235,0.001835185159775648,0.7144990069173255,0.7490450616042937,4.012499520723882,0.11705815469092562,0.046066428865906464,0.14640789921688843,0.059750724952068464,0.0330714703125682,1.1328936773896807,13.156704114106155,10.054062344235296,10.966604041256149,0.05049256108377309,0.03844742392004547,2.5884509334936703,1.2370677465521966,3.825518680045867,0.11597619265967966,0.6000770943637297,False
SHORT,1686798000000,1686801600000,1686841200000,1934.805,1952.965,5.220928571428577,19.15368092703813,-347.8308456350097,-3.478308456350097,2 closes inside,-3,2023-06-15 03:00:00+00:00,2023,2023-06,1686798000000,1934.785,0.002698454128716409,1.2899940876962264,1.2210046272321755,5.343876978643614,0.20594149315690288,0.18944984040910232,0.031859526665939275,0.07019302078531203,0.05203253440972893,-2.4325174777338083,-1.3987933181015728,-6.707619060648752,-10.355054519584604,-0.11288033140069907,-0.04044853569839557,-1.259061182672187,-2.7655681193168222,-4.024629301989009,-0.13012667148131948,-0.18853067185022818,False
SHORT,1687179600000,1687183200000,1687251600000,1951.858,1953.265,2.968142857142847,33.69110073639131,-47.403378736107726,-0.4740337873610772,2 closes inside,-3,2023-06-19 13:00:00+00:00,2023,2023-06,1687179600000,1951.858,0.0015206756112088314,0.683060738061972,0.6916617425534959,6.785387688309244,0.2772718970960424,0.23992672118228586,0.04874957915801329,0.008931173877472259,0.014252855186537657,-3.580353275256289,-4.34177215189873,1.4968956057178606,-5.045916157289358,-0.03303924479577229,-0.010627179442385927,-0.24794285702109362,-0.8094614974968041,-1.0574043545178977,-0.037912975464080526,-0.10163504285373476,False
SHORT,1687939200000,1687942800000,1687975200000,1909.795,1911.645,2.88542857142852,34.65689672244839,-64.11525893652636,-0.6411525893652636,2 closes inside,-3,2023-06-28 08:00:00+00:00,2023,2023-06,1687939200000,1909.795,0.0015108577472600566,0.7195005744106641,0.7043090897995705,7.458164174670887,0.44911402747280144,0.1777539912090904,0.12095659386231786,0.11081384662514103,0.03713611707481043,-6.096148133478643,-9.097435389642701,-18.80483216160049,-12.864640063372804,-0.13920495063551896,-0.07711949154327792,-4.262868117988499,-3.4105212905713964,-7.6733894085598955,-0.2292398150109825,-0.592236027301572,False
SHORT,1688608800000,1688612400000,1688626800000,1918.605,1920.415,3.9377857142856914,25.394982676994108,-45.96491864535795,-0.4596491864535795,2 closes inside,-3,2023-07-06 02:00:00+00:00,2023,2023-07,1688608800000,1918.625,0.002052399877144148,1.0748803337980235,1.0029745931538854,5.246857370893768,0.1460692159794937,0.11709045248665996,0.05549640545353487,0.04304344384797704,0.041986765204770134,-1.3891055524315845,2.991528959349899,-4.6955322969762125,-9.93197772497237,-0.029097311923334465,-0.008977135842660399,-0.18034087422685507,-0.7128841421223295,-0.8932250163491846,-0.04669901779232195,-0.33187905744457086,False
LONG,1689840000000,1689843600000,1689861600000,1981.448,1975.814,3.033500000000004,32.96522169111584,-185.7260590077471,-1.857260590077471,2 closes inside,3,2023-07-20 08:00:00+00:00,2023,2023-07,1689840000000,1981.495,0.0015309147890860202,0.8171908523268424,0.8025511409269118,5.848030328003952,0.09468223086899787,0.27174837753092923,0.12271171765482031,0.12370092312756886,0.033062931448389385,1.203230591725683,7.849019284654662,17.837481457062744,9.556947420471387,0.09212412011879072,0.08567955841648196,6.268075119528533,2.2570409429100353,8.525116062438569,0.3830509223880451,0.3830490769316262,False
LONG,1690376400000,1690380000000,1690466400000,1966.515,1945.204,3.0457142857142605,32.83302063789896,-699.7045028142696,-6.997045028142696,Opposite state,3,2023-07-26 13:00:00+00:00,2023,2023-07,1690376400000,1966.524,0.0015487806330938554,0.8765095842540628,0.8290639005278793,7.2757973733584365,0.2142983126580062,0.02216414009409191,0.058879209465610066,0.08521732178414486,0.05013188838178384,2.393527204502822,-3.717026266416587,11.19901500938093,13.809240150093913,0.021458469082856587,0.018539763080946292,1.3189739340203996,0.525732492530733,1.8447064265511324,0.14433744553356703,0.19433161539802907,False
SHORT,1691503200000,1691506800000,1691604000000,1926.998,1916.325,4.191928571428581,23.8553683098471,254.60834597099816,2.546083459709981,24H timeout,-3,2023-08-08 14:00:00+00:00,2023,2023-08,1691503200000,1926.998,0.002175367370089943,1.2071912700943128,1.1199274843757496,4.520592294716037,0.24676260613021486,0.06213985360535589,0.14601992963017618,0.07965682603255204,0.002613890963405536,-2.6138327057099184,-6.841003970214832,-8.24608516366485,0.5343602501405773,-0.07487671547893768,-0.04140099169565929,-2.2849191444863775,-1.8344795292347051,-4.119398673721083,-0.1816327185300752,-0.12028895256527686,True
SHORT,1692298800000,1692302400000,1692320400000,1888.928,1893.245,3.934142857142872,25.41849740368196,-109.7316532916894,-1.097316532916894,2 closes inside,-3,2023-08-17 19:00:00+00:00,2023,2023-08,1692298800000,1888.895,0.002082774774216074,1.196723448635496,1.115334379587916,4.689712770979333,0.14734003432213852,0.20760395814700025,0.17651678991996367,0.1337231104898918,0.10604789744488533,-1.5276516939612834,-8.111805076437026,-11.964486727913082,-21.532009150658997,-0.0907575832654148,-0.06375377049975083,-4.119939374724308,-2.223560790002663,-6.34350016472697,-0.2523820939174316,-0.4969504783172269,False
LONG,1698310800000,1698314400000,1698321600000,1990.575,1984.545,3.5497857142857225,28.17071453005205,-169.8694086162131,-1.698694086162131,2 closes inside,3,2023-10-26 09:00:00+00:00,2023,2023-10,1698310800000,1990.595,0.0017832787253488141,0.6795427508785366,0.8255658457577163,8.600800853170178,0.3066997203152775,0.11623773638560884,0.16446123360768192,0.21618913165921763,0.08550969071452831,5.436947904300033,12.485260679719051,33.30341871742754,25.108557860635422,0.13166149802515484,0.10646353376051668,7.367414907548583,3.2257067016168377,10.59312160916542,0.42718458708143536,0.7386519573673631,False
LONG,1699020000000,1699023600000,1699243200000,1994.305,1985.085,5.166642857142863,19.35492790289354,-178.45243526467897,-1.7845243526467898,2 closes inside,3,2023-11-03 14:00:00+00:00,2023,2023-11,1699020000000,1994.305,0.0025906984423861258,1.263900052420068,1.1842434859486388,4.876086986575967,0.08438643165946431,0.12409900720794206,0.0318946447862546,0.03414724838869592,0.16873050753430938,0.7858100728575111,1.4400066359752899,3.199369582348297,33.319508384831245,0.05589583098749014,0.028763397436916777,1.4925101857769383,1.3694478591926502,2.8619580449695885,0.1533103263714151,0.43249262959864754,False
LONG,1703170800000,1703174400000,1703264400000,2041.375,2053.205,4.304999999999999,23.2288037166086,274.79674796747804,2.7479674796747804,24H timeout,3,2023-12-21 15:00:00+00:00,2023,2023-12,1703170800000,2041.375,0.0021088726960994423,1.0459546700912852,1.0101907411752866,4.322183507549355,0.08685857321652223,0.145168332201417,0.021367710817735818,0.029928700417211802,0.03680284050107703,0.8060394889663248,1.1196283391405197,3.572590011614428,9.428571428571413,0.05886216680523256,0.035979628063393894,2.137849905576563,1.442123086728092,3.5799729923046555,0.13934969853220577,0.4040534583438952,True
LONG,1703264400000,1703268000000,1703548800000,2055.305,2054.765,5.519357142857205,18.118052050575045,-9.783748107309863,-0.0978374810730986,2 closes inside,3,2023-12-22 17:00:00+00:00,2023,2023-12,1703264400000,2055.308,0.0026854160752827335,1.3346172114512858,1.2823572365036606,6.006134254765644,0.2043087650292761,0.22520929135715315,0.05683691982163276,0.04651487533909139,0.05387680639284954,2.4845284776953496,2.491775698515573,4.526432943795154,10.94747059051896,0.06514744582106807,0.04303736638882449,2.6861055330729604,1.5961124226154055,4.282217955688366,0.2617206503246584,0.4030487035023703,False
LONG,1703635200000,1703638800000,1703660400000,2065.448,2064.904,3.50478571428565,28.53241486131261,-15.521633684550324,-0.1552163368455032,2 closes inside,3,2023-12-27 00:00:00+00:00,2023,2023-12,1703635200000,2065.428,0.0016968810891910297,0.8650892998818587,0.8039553021365644,4.836244318992435,0.2714872202357241,0.19561008269547447,0.18498902281716395,0.14084816097154615,0.057438077989798365,3.509487027941373,12.357388876434475,20.695416471355845,18.73153035645169,0.1030677619295277,0.07662930158043942,5.09945533997718,2.52516016727265,7.62461550724983,0.32671472707029076,0.8265339208121574,False
LONG,1705993200000,1705996800000,1706004000000,2031.635,2028.655,3.621642857142888,27.61177839575544,-82.28309961935172,-0.8228309961935172,2 closes inside,3,2024-01-23 07:00:00+00:00,2024,2024-01,1705993200000,2031.565,0.0017826861838744455,0.8840591081469885,0.8669921257149772,5.350334299745519,0.25417316877098484,0.11394193518982829,0.0769174449253197,0.0010859395883453294,0.00897258803465881,2.96826617754371,-5.221387294637314,-0.14358124765792327,-2.4464035658639043,0.07587203935850166,0.00593289163164197,-1.2685422469349463,1.8588649642818782,0.590322717346932,0.02146209960475846,0.04263521424362854,False
LONG,1706533200000,1706536800000,1706544000000,2036.725,2025.345,3.687642857142854,27.11759350727335,-308.59821411276755,-3.0859821411276758,2 closes inside,3,2024-01-29 13:00:00+00:00,2024,2024-01,1706533200000,2036.745,0.001810556970628554,0.9877835283313038,0.887267665180063,4.8676080345555786,0.3404767111305423,0.22059831011646153,0.06759198347030781,0.02368875268590001,0.03172104412960039,4.2222093090824435,3.9564568927111594,-2.9178530613826714,-8.360354078292355,0.14652189126930126,0.032024712895064776,-0.4033274030441771,3.589786336098498,3.186458933054321,0.04036214165342785,0.0017229668784147147,False
LONG,1706716800000,1706720400000,1706731200000,2049.835,2044.625,4.129071428571414,24.21852024841291,-126.17849049423216,-1.2617849049423215,2 closes inside,3,2024-01-31 16:00:00+00:00,2024,2024-01,1706716800000,2049.895,0.0020142843553310847,1.0376879235291507,0.993477868577755,6.525195910529941,0.43397072004780574,0.25131880163232745,0.06664363531188672,0.06457254321651976,0.015132442075750013,4.221288079298386,4.017852509211682,7.439929420312453,-3.5867628487899386,0.1414549583421023,0.05039809949426698,1.5489644202990216,3.465646479381011,5.014610899680033,0.12774815124600364,0.17228159576013968,False
LONG,1709298000000,1709301600000,1709564400000,2051.515,2100.635,3.840142857142869,26.040697890703388,1279.1190803913594,12.791190803913594,24H timeout,3,2024-03-01 13:00:00+00:00,2024,2024-03,1709298000000,2051.495,0.001871875318800616,1.2863876725767547,1.1844067721930338,7.6507570402886245,0.36802381941559453,0.2656411156707399,0.152410559980929,0.12778148552081123,0.007247694056049849,5.536252371563538,7.9918901826568245,12.265168706521273,1.5262453033740935,0.10724094905447148,0.051993097604830125,2.545909959846727,2.62740325183316,5.173313211679887,0.1538230243923622,0.22107171490225283,True
LONG,1709902800000,1709906400000,1710165600000,2171.045,2181.608,6.028428571428516,16.588070807365256,175.2197919382009,1.752197919382009,24H timeout,3,2024-03-08 13:00:00+00:00,2024,2024-03,1709902800000,2171.065,0.0027767149170699707,1.1031336797045719,1.7914331805059827,3.8434560060665417,0.29454219170600177,0.37779216037704966,0.38943356312918587,0.28951719805369863,0.1586613351319235,2.5047986919121388,20.64335647764186,24.309983648901884,22.94461954074765,0.12968983439686435,0.1146149419786674,8.226785784151627,3.177400942722422,11.404186726874048,0.44138181705155255,0.7961016137156007,True
LONG,1711458000000,1711461600000,1711468800000,2182.945,2174.225,6.42449999999995,15.565413650867892,-135.73040703557197,-1.3573040703557198,2 closes inside,3,2024-03-26 13:00:00+00:00,2024,2024-03,1711458000000,2182.975,0.002943002095763786,1.3003180569610904,1.439882815314047,5.064518639582856,0.13169230769230594,0.1239482954380016,0.08022862432589563,0.004897523040619521,0.13934502880227398,1.332399408514283,4.101019534594125,0.4109269203828925,23.194022881158244,0.04555161399499379,0.025057292484623784,1.3771860593400642,1.1160145428762862,2.4932006022163504,0.12664130724058204,0.5125679578390145,False
LONG,1712106000000,1712109600000,1712134800000,2282.378,2273.085,8.568857142857171,11.670167716981725,-108.45086859391256,-1.0845086859391255,2 closes inside,3,2024-04-03 01:00:00+00:00,2024,2024-04,1712106000000,2282.378,0.0037543549503444083,1.3584649269323021,1.6611601146544266,4.854789770264386,0.4318862375958323,0.22526404157998894,0.27814335316819827,0.1828674584994019,0.16354442723379928,3.753476042812833,12.573788803307611,14.505201560468107,23.017071788203054,0.13983413531924654,0.08570595547938452,5.101806254875919,3.42593631532162,8.527742570197539,0.33936141329097913,0.7849615442757495,False
LONG,1712527200000,1712530800000,1712620800000,2307.405,2338.685,10.907928571428622,9.167643457249271,286.76388734275486,2.8676388734275484,24H timeout,3,2024-04-07 22:00:00+00:00,2024,2024-04,1712527200000,2307.415,0.004727337115962504,1.388698427710145,2.001297407805405,5.751779505078173,0.1477984103537997,0.04861272347341585,0.202962260849921,0.13227902935455874,0.12507819789023214,1.5410808651635977,8.401870199265234,9.714035007301332,14.92033972667319,0.04532331668972436,0.05274516034554177,4.1377221954830965,1.1104212588989975,5.2481434543820935,0.2827671386094664,0.7155145947521112,True
LONG,1712664000000,1712667600000,1712682000000,2349.305,2344.905,6.692714285714211,14.941620952421776,-65.74313219065039,-0.6574313219065039,2 closes inside,3,2024-04-09 12:00:00+00:00,2024,2024-04,1712664000000,2349.335,0.002848769667039486,0.8989585482037161,1.19319469736522,6.964289525923809,0.17650488267016623,0.26037449036562066,0.2046311491638308,0.22307998369660043,0.13200404889412887,1.809430297338296,13.898695809942733,27.47764093150366,26.94825930115934,0.10715092454667666,0.10722863362886136,8.044051394674797,2.625197651393544,10.669249046068341,0.4838230141839047,1.182832394497365,False
LONG,1714129200000,1714132800000,1714140000000,2344.785,2341.325,4.823571428571443,20.731526728861187,-71.73108248186045,-0.7173108248186045,2 closes inside,3,2024-04-26 11:00:00+00:00,2024,2024-04,1714129200000,2344.775,0.0020571574793195263,0.5828586224754048,0.593678158393295,8.227099067081314,0.24848682648943948,0.2144920454708763,0.09466487710762445,0.04231970589048261,0.0800458277447375,3.4725307270842487,-9.358211165407914,-9.52199022656591,32.923115652302634,0.10742746395385519,0.009300457195652772,-1.706577375911476,2.631972866869358,0.9253954909578818,0.055912168311344476,0.8715621009730071,False
LONG,1715702400000,1715706000000,1715796000000,2354.065,2389.065,6.395214285714311,15.636692616130304,547.2842415645606,5.472842415645606,24H timeout,3,2024-05-14 16:00:00+00:00,2024,2024-05,1715702400000,2354.095,0.0027166339020788504,1.1703660130719036,0.8958720025615557,3.9013548077244824,0.16223309263141486,0.10193664150476844,0.11934773496124179,0.037588485326268385,0.006666105726214458,1.63356527760708,6.321914824701456,4.339182200976159,-1.7591279193146592,0.05557204192909798,0.03288021812033439,1.910066675708167,1.361515027262047,3.2715817029702143,0.0962187038175189,0.4616520433660455,True
LONG,1717441200000,1717444800000,1717488000000,2347.555,2339.605,6.776714285714336,14.756413769841997,-117.3134894702412,-1.1731348947024118,2 closes inside,3,2024-06-03 19:00:00+00:00,2024,2024-06,1717441200000,2347.588,0.002886671036704198,1.1672418353725689,1.131702312931669,5.8922360182978855,0.4388420381262915,0.02406908196818417,0.00791197211885299,0.11863118676202981,0.038424417287825335,3.65516369078986,0.38558509180601325,-13.221746737778416,8.336340830996898,0.06626444312557979,-0.0017291038876857084,-1.7955246934033786,1.6234788565767382,-0.17204583682664046,0.0015535619145202767,0.11781172731666019,False
LONG,1718215200000,1718218800000,1718247600000,2322.615,2314.008,8.323000000000027,12.014898474107854,-103.41223116664597,-1.0341223116664595,2 closes inside,3,2024-06-12 18:00:00+00:00,2024,2024-06,1718215200000,2322.605,0.003583476312158127,1.420757431658012,1.3858550538478387,4.0502222756217625,0.1272391789036653,0.07287881388182026,0.053533576018246584,0.02928218146464906,0.01630268762169854,1.1930794184788902,-2.7157275021026064,-2.735792382554356,-3.0329208218190384,0.023218423062269764,-0.00861983706563764,-1.4265251530540957,0.5688513650249263,-0.8576737880291695,0.03604075875080265,0.015770504573384928,False
LONG,1718877600000,1718881200000,1718971200000,2339.328,2366.125,4.687999999999972,21.331058020477943,571.608361774748,5.71608361774748,24H timeout,3,2024-06-20 10:00:00+00:00,2024,2024-06,1718877600000,2339.305,0.002004014012708891,0.8890454194492221,0.8148791934642755,4.601322525597278,0.17714967454427183,0.15316393710212517,0.08916364897398373,0.020169682992666256,0.05444204424270606,2.1537969283276053,5.703924914675755,-3.1192406143344997,-16.56335324232099,0.08350600593534085,0.028898313383728308,0.8294850362660373,2.0458971454147354,2.8753821816807728,0.06295387712967797,0.12620042224534153,True
LONG,1720162800000,1720166400000,1720429200000,2365.115,2372.695,3.3514285714285443,29.838022165388136,226.17220801365343,2.2617220801365345,24H timeout,3,2024-07-05 07:00:00+00:00,2024,2024-07,1720162800000,2365.115,0.0014170256293789287,0.6902030008826113,0.6253415255027838,4.724552429667508,0.2358256066285439,0.4198776367879103,0.1468164911564831,0.020510410101376886,0.0016911406127152378,1.7834185848252075,11.165387894288127,3.4373401534527077,-0.6591219096335097,0.1436249969561738,0.08412524127388568,4.851649081325639,3.5188124254253763,8.370461506751015,0.3254965421073523,0.43609780028040734,True
LONG,1720598400000,1720602000000,1720692000000,2372.685,2383.935,3.224571428571348,31.011873117137053,348.8835725677919,3.4888357256779186,24H timeout,3,2024-07-10 08:00:00+00:00,2024,2024-07,1720598400000,2372.708,0.0013590258171554813,0.6326898146525916,0.6161699572104063,7.886319333688043,0.22019706785947699,0.032385750269880643,0.15174955797638906,0.09711325022912842,0.05788799762353422,4.289872408293594,13.201754385965293,17.05435938330716,21.99765195817882,0.0833834120210359,0.061034987374781934,4.030087649265128,2.0428935945152387,6.072981243780366,0.1838353916045955,0.46011409315807555,True
LONG,1721062800000,1721066400000,1721156400000,2421.405,2465.308,6.966785714285671,14.353821705029052,630.1758343158875,6.301758343158875,24H timeout,3,2024-07-15 17:00:00+00:00,2024,2024-07,1721062800000,2421.455,0.002877107241012396,1.3003366330033594,1.3564519605866054,5.512298149382342,0.07213697963988647,0.0291738376103503,0.14068620946292923,0.15524606903494376,0.07339348807939608,0.809124929512447,7.000358845542666,13.901245706669451,12.856718101194481,0.07477930078491624,0.05933055356953111,4.071297210940509,1.8320928692302518,5.903390080170761,0.2836231042194912,0.4394761059073171,True
LONG,1721804400000,1721808000000,1721847600000,2414.454,2408.108,4.422142857142879,22.613471167824148,-143.50508803101212,-1.4350508803101212,2 closes inside,3,2024-07-24 07:00:00+00:00,2024,2024-07,1721804400000,2414.475,0.0018315132097631492,0.6935800989228396,0.7982258781967425,7.0033920206750935,0.5042226567375101,0.10592479131356748,0.17356772641029233,0.07272742912193786,0.06948784311657864,5.481505411080524,-13.57034404781132,11.471813923437194,20.266192860603976,0.05504110944506685,0.0048381836343518335,-0.8671079097821713,1.3485071814033152,0.4813992716211438,0.04697602233709625,0.47248258908855995,False
LONG,1722589200000,1722592800000,1722614400000,2463.785,2433.075,6.742857142857149,14.830508474576256,-455.4449152542374,-4.554449152542374,2 closes inside,3,2024-08-02 09:00:00+00:00,2024,2024-08,1722589200000,2463.785,0.0027367879676421236,1.036428712588664,1.0862810982486024,5.666737288135593,0.38371751484580086,0.28133007711463787,0.255529823170548,0.030891397707128263,0.07346316979273908,4.456122881355932,13.958029661016896,3.3571822033897853,15.576483050847406,0.14111827712824013,0.07276545493334068,3.7827649762200513,3.457397789640601,7.240162765860653,0.27690635442655076,0.46118556505394553,False
LONG,1723122000000,1723125600000,1723215600000,2414.005,2428.595,6.695428571428628,14.935563710847362,217.9098745412584,2.179098745412584,24H timeout,3,2024-08-08 13:00:00+00:00,2024,2024-08,1723122000000,2413.995,0.0027735884173035272,0.833105213573428,1.0085972217739019,5.157250149355623,0.13312047789478632,0.019488056692528778,0.035895123623002075,0.04281579871129832,0.0217980783629099,1.5443372877015709,-2.948728343432585,5.884164035162525,5.41369377827082,0.09474309632562197,0.009195626445365014,-1.4062410286694889,2.3212058599777046,0.9149648313082155,4.4112100311914124e-05,0.044944111708337134,True
LONG,1724428800000,1724432400000,1724695200000,2510.195,2517.985,6.478642857142892,15.435331473743316,120.24123218045987,1.2024123218045988,24H timeout,3,2024-08-23 16:00:00+00:00,2024,2024-08,1724428800000,2510.195,0.0025809321017462353,1.0035738785987776,0.9779610760687875,6.688129127573038,0.6516815295385199,0.06963850253787092,0.10823283951037316,0.13488973013019193,0.09433921305350203,4.387801678041034,5.893209556675243,13.826969934179322,22.806782725658923,0.07011575581446214,0.040197161770708964,2.2817815787296754,1.7178360174540415,3.999617596183717,0.10125287690166804,0.45883864556236026,True
LONG,1724940000000,1724943600000,1724976000000,2522.095,2519.455,6.094357142857072,16.40862155858483,-43.318760914661866,-0.4331876091466186,2 closes inside,3,2024-08-29 14:00:00+00:00,2024,2024-08,1724940000000,2522.025,0.002416453898298816,1.0904199575696956,0.9490286807521299,4.5944140364037525,0.21692236946615703,0.08995936471807008,0.04847433078674604,0.10151384964257597,0.06220491836047783,2.554330118024902,2.438321163605727,11.282568183682965,15.829397217566829,0.05785983230786274,0.03342216346936208,1.9079393736612404,1.417565891542152,3.3255052652033927,0.04647524495475508,0.5187469805872552,False
LONG,1727362800000,1727366400000,1727420400000,2671.254,2665.665,8.527571428571425,11.726668118539866,-65.54034811451862,-0.6554034811451862,2 closes inside,3,2024-09-26 15:00:00+00:00,2024,2024-09,1727362800000,2671.214,0.0031923954533674298,1.4139313440436656,1.5030341180913822,4.185247851506885,0.14124602713509338,0.20805577964734334,0.20175654454910605,0.20018107952452435,0.12159413173532664,1.453989580017745,9.32610188799357,18.097297840617838,19.920794733050755,0.06953830290911944,0.06727906999338533,4.990579043064094,1.7036884212731862,6.694267464337281,0.2953067683493792,0.7389000053499154,False
LONG,1727794800000,1727798400000,1727845200000,2663.275,2653.965,6.823785714285805,14.654621963091094,-136.4345304763773,-1.3643453047637728,2 closes inside,3,2024-10-01 15:00:00+00:00,2024,2024-10,1727794800000,2663.315,0.0025621399324848187,1.016984697272126,1.1785831045862643,6.916541927920121,0.42774361232229313,0.01602116514350739,0.07394260598522169,0.10728867092003362,0.11418752246075727,4.413532496624172,4.408110286497791,12.688997519181683,23.9803837417434,0.08530652483108375,0.04481267586007177,2.3688513897116565,2.0900098583624516,4.4588612480741086,0.10245141045376094,0.684743335221776,False
LONG,1729180800000,1729184400000,1729274400000,2692.115,2715.808,7.552285714285712,13.241024476979538,313.719592933079,3.1371959293307903,24H timeout,3,2024-10-17 16:00:00+00:00,2024,2024-10,1729180800000,2692.105,0.002805345896347175,1.2666383146949025,1.1847651916676913,3.967010933303074,0.3246950551457102,0.2964386020986168,0.21096654797864528,0.04358594378951557,0.07614070033989405,2.9430825104982237,9.93209246018238,4.5019483221730425,15.943120341996773,0.09462389459900544,0.05024926953888467,2.6815169014445654,2.3182854176754226,4.999802319119988,0.1466988410427398,0.5664976897112237,True
LONG,1729620000000,1729623600000,1729652400000,2744.498,2738.745,6.829214285714215,14.642972941878009,-84.24102333462646,-0.8424102333462646,2 closes inside,3,2024-10-22 18:00:00+00:00,2024,2024-10,1729620000000,2744.548,0.0024882837850583104,1.1457040143798465,1.0865646876988737,4.992228765074446,0.2685336511876529,0.1804579989727373,0.2686223331504119,0.13838951132559676,0.07543138672674296,3.199928876988544,14.120658097041218,14.898199960254932,16.895062180338794,0.10658580668461194,0.08065016043680233,5.413338699684578,2.611352263773492,8.02469096345807,0.327117988797048,0.8030915671830688,False
LONG,1729882800000,1729886400000,1730073600000,2742.388,2735.695,6.707285714285782,14.909160614257264,-99.78701199122024,-0.9978701199122024,2 closes inside,3,2024-10-25 19:00:00+00:00,2024,2024-10,1729882800000,2742.428,0.0024457472408704194,1.1411245731507367,1.0641417918904916,4.1775468041148835,0.09992225069830313,0.22110647324483332,0.08043433425677587,0.14625150951401725,0.04973686428941283,1.0346957466294624,4.302783753274598,15.365828203871981,11.083470000638806,0.062430509979536496,0.04651402578617904,3.098598071229153,1.5295474944981695,4.628145565727323,0.16174911702916636,0.8176190059985661,False
LONG,1730188800000,1730192400000,1730282400000,2754.575,2784.495,4.868285714285743,20.54111156758014,614.5900581019993,6.145900581019992,24H timeout,3,2024-10-29 08:00:00+00:00,2024,2024-10,1730188800000,2754.575,0.0017673454940547065,0.8164595250217197,0.7826151858762838,6.141792358706386,0.24576929048284718,0.14496770617127844,0.07083547571902056,0.14944600811217512,0.06482468022679899,3.2516579611479206,5.3201478960031805,21.66060214801322,19.896120664358055,0.11290349693672376,0.07048913918798606,4.247533674247362,2.7661356749474435,7.013669349194805,0.2815128028485014,1.0862429057066731,True
LONG,1737028800000,1737032400000,1737122400000,2703.565,2704.849,5.028285714285728,19.88749360759129,25.535541792149317,0.2553554179214931,24H timeout,3,2025-01-16 12:00:00+00:00,2025,2025-01,1737028800000,2703.565,0.0018598723220213784,0.8766188483761695,0.9015072931473893,6.882266037843085,0.21459527470991277,0.2874315733013623,0.14737479490585242,0.12198766116129525,0.03763043991382427,3.0527302687652447,9.003068356156572,15.587817489630073,9.955679299960188,0.12605481585852332,0.06916306451139975,3.7933819303581866,3.0883429885313345,6.881724918889521,0.28952130532193304,0.4033830551803599,True
LONG,1738602000000,1738605600000,1738627200000,2816.955,2813.525,9.27814285714284,10.7780190001078,-36.96860517036799,-0.3696860517036798,2 closes inside,3,2025-02-03 17:00:00+00:00,2025,2025-02,1738602000000,2816.985,0.0032936429754304125,1.6544055837175673,1.5893062522941361,6.2965186998629346,0.06635563322233057,0.16890989362329964,0.1362444640293555,0.16687490587401874,0.11704302614418759,0.8676305295086975,5.298474140453028,12.89805533742901,17.449612761174535,0.09950858283029643,0.056350069361450324,3.1688716221222895,2.437960279342336,5.606831901464625,0.19960218800315335,0.4880886560927742,False
LONG,1742414400000,1742421600000,1742461200000,3047.648,3041.785,8.570714285714303,11.667638969914137,-68.40736728060989,-0.6840736728060989,2 closes inside,3,2025-03-19 20:00:00+00:00,2025,2025-03,1742414400000,3045.955,0.0028138020048603155,1.2913814628266393,1.0992725873536449,3.435302941911791,0.1119647808326429,0.2811760178198625,0.2929479125660879,0.14907517094969394,0.059425300598990614,1.2344362030169072,14.500191682640196,14.829569130760857,12.878739894991236,0.10136998742857355,0.08248354630246753,5.723548165097403,2.483564692000158,8.207112857097561,0.2726988439027798,0.8365874519958196,False
LONG,1743058800000,1743062400000,1743152400000,3035.825,3072.715,5.247214285714368,19.05773131321352,703.0397081444528,7.030397081444528,24H timeout,3,2025-03-27 07:00:00+00:00,2025,2025-03,1743058800000,3035.715,0.0017284937109426834,0.7932339554797416,0.7078838454163172,5.025523747294383,0.13068980430317018,0.1170808983080187,0.024166954278530384,0.12808926572767146,0.06738341092219455,1.8428826179877607,-1.8282081648765434,19.934386953621406,22.46525367201611,0.09780515901313973,0.048935130776365576,2.472819116422205,2.39622639581993,4.869045512242135,0.17430161319142187,0.9677850440875536,True
LONG,1745211600000,1745215200000,1745305200000,3385.175,3479.505,15.177142857142956,6.588855421686704,621.5267319277064,6.215267319277063,24H timeout,3,2025-04-21 05:00:00+00:00,2025,2025-04,1745211600000,3385.195,0.004483388063949921,1.0900882413297792,1.4151747655584044,6.705478162650557,0.221110690531555,0.35056417875911217,0.25202205835137864,0.13784526868992567,0.11380862102424723,2.6941829819277148,12.929969879518003,16.90351091867459,22.10231551204807,0.1755649460238757,0.1111793284379363,6.761002001989108,4.30134117758452,11.06234317957363,0.4083320563590104,0.8179554334381319,True
LONG,1749729600000,1749733200000,1749823200000,3387.915,3436.905,13.829071428571458,7.231143502042783,354.25372016507765,3.5425372016507763,24H timeout,3,2025-06-12 12:00:00+00:00,2025,2025-06,1749729600000,3387.838,0.004081975415758208,1.3886253034818352,1.2054404741891935,4.985873444658486,0.3143128319773135,0.18504170482737367,0.02479463701184667,0.09180970041863928,0.07175506534695694,3.9751765173780087,1.210493422241979,8.53491867546111,14.694623644806214,0.11091668542911111,0.03595717836936923,0.860280454735777,2.7174587930136167,3.5777392477493937,0.056081454141747866,0.31259262978795777,True
LONG,1754571600000,1754575200000,1754668800000,3384.725,3395.205,10.602571428571409,9.431674256918829,98.84394621250948,0.9884394621250948,24H timeout,3,2025-08-07 13:00:00+00:00,2025,2025-08,1754571600000,3384.735,0.0031324672178387396,1.3618856256823784,1.355431368251879,3.4963216470398244,0.16789199045605366,0.17131035607280695,0.14623732986373572,0.0011405109489051827,0.037563089430392646,1.6326228138726435,7.081301032094648,0.11035058880595712,6.888894877253507,0.043032849523880076,0.028758117293813668,1.8071278573987977,1.0543048133346973,2.861432670733495,0.099020767887543,0.16043882294312972,True
LONG,1756317600000,1756321200000,1756346400000,3394.348,3385.745,6.492642857142885,15.40204847244677,-132.5038230084606,-1.3250382300846058,2 closes inside,3,2025-08-27 18:00:00+00:00,2025,2025-08,1756317600000,3394.348,0.001912780556720432,1.0418949588501136,0.8594079438766339,3.835726151578143,0.16775553762461073,0.11564085495807239,0.1191527555124644,0.043307141384669956,0.03620876016862649,1.9853240480983692,7.647117066569836,5.274123458419938,10.592450795955838,0.10013169964119525,0.05314682430979312,2.8348823776171623,2.4532266412085835,5.288109018825746,0.21773755735032196,0.34304188726363266,False
LONG,1757671200000,1757674800000,1757682000000,3650.985,3645.405,6.7430714285713815,14.830037181021892,-82.75160747010109,-0.827516074701011,2 closes inside,3,2025-09-12 10:00:00+00:00,2025,2025-09,1757671200000,3650.965,0.0018469285322021388,0.7227355897687108,0.849371763784981,6.669067720305516,0.3227443194352555,0.028655320537219427,0.17537740701389493,0.21145238605224848,0.1585992445809232,4.339268879167038,13.855110536741504,33.965234155694475,43.68928953529055,0.07553702729169065,0.09995842115042769,8.095205735821606,1.850657168645106,9.945862904466711,0.3265888643905811,1.285848639575898,False
LONG,1759845600000,1759849200000,1759856400000,3985.495,3976.505,12.47699999999996,8.014747134727925,-72.05257674120229,-0.7205257674120229,2 closes inside,3,2025-10-07 14:00:00+00:00,2025,2025-10,1759845600000,3985.405,0.0031306730432666087,0.9679382037414636,1.202904688613665,4.679009377254172,0.28858501615793897,0.3979632907920642,0.2659189992145787,0.16508234235938846,0.1379418679991944,3.278031578103729,14.978760920093046,19.29951110042486,28.22232908551745,0.15412255862944346,0.10289796895491857,6.462345224589516,3.7760026864212004,10.238347911010717,0.38877669397236087,1.1781736529541877,False
LONG,1762437600000,1762441200000,1762448400000,3993.065,3980.705,11.764071428571537,8.500458417578871,-105.06566604127592,-1.0506566604127594,2 closes inside,3,2025-11-06 14:00:00+00:00,2025,2025-11,1762437600000,3993.065,0.0029461257025797313,0.6750969931607859,0.5613337286939848,4.72455478849033,0.12516013876293655,0.02776147700085822,0.018961542881478517,0.042649934981400815,0.012235030001413728,1.4782297188169549,1.4306271516785178,-8.319398653284432,-5.3850404075362075,0.023059111726744207,-0.012572504027807341,-1.8159123880753492,0.5649482373044213,-1.250964150770928,0.024207296723375685,0.37789925484430364,False
LONG,1763539200000,1763542800000,1763575200000,4083.065,4078.725,13.32592857142848,7.504167493018495,-32.56808691970136,-0.3256808691970135,2 closes inside,3,2025-11-19 08:00:00+00:00,2025,2025-11,1763539200000,4083.215,0.003263587288797793,0.6760349535179048,0.6884383262390871,7.56097404094065,0.31162753239315616,0.0357825506114486,0.023405370864941735,0.07796883921177322,0.0363431840343681,5.226652658887389,-2.1439406527553624,11.37481708591743,-12.78432486613112,0.03532384268278427,-0.0008958370743699318,-0.9545699346280568,0.8654341457281292,-0.08913578889992765,0.03162189353491236,0.3984106961699844,False
LONG,1764129600000,1764133200000,1764144000000,4161.685,4157.225,15.046499999999924,6.646063868673812,-29.64144485428544,-0.2964144485428544,2 closes inside,3,2025-11-26 04:00:00+00:00,2025,2025-11,1764129600000,4161.665,0.0036155000462555066,0.822587163952378,0.8393239221123795,3.9770046190144184,0.09945740870265266,0.3131434499769744,0.07690930075217853,0.02056813242569767,0.05193238258472413,1.247466188150043,5.651148107533325,3.1575449440069425,14.583457947030935,0.11094559769007642,0.04512323670324693,1.7715949085649432,2.7181671434070536,4.489762051971997,0.144518343516984,0.446919922720931,False
LONG,1764925200000,1764928800000,1764957600000,4223.195,4217.335,8.267357142857236,12.095763890688715,-70.88117639943192,-0.7088117639943192,2 closes inside,3,2025-12-05 09:00:00+00:00,2025,2025-12,1764925200000,4223.175,0.001957616519054322,0.5680875030369427,0.5237097635358373,5.705571827237877,0.38013192871911,0.05825805351968536,0.07802930139410004,0.08169632355124302,0.06178602639305399,4.670174438194985,7.76668999421123,17.306618974797463,28.529068712578425,0.07261219461961496,0.051475471430573856,3.342810639151576,1.7789987681810067,5.121809407332583,0.17668695717086613,0.9112340584540868,False
