engine,year,quarter,quarter_key,signal_t,entry_t,exit_t,entry_rr,pnl_r,exit_kind,risk_off,health_n,health_total_r,health_pf
swing,2021,1,2021Q1,1612451100000,1612451400000,1612738800000,1.1052882060393363,1.2016926701196824,TARGET_GAP,True,20,-9.082957262204433,0.39446951585303786
swing,2021,1,2021Q1,1612774800000,1612775100000,1612788600000,1.7068965517240802,1.7068965517240802,TARGET,True,20,-6.881264592084751,0.5084811005653751
swing,2021,1,2021Q1,1612881900000,1612882200000,1612963800000,0.8501364861733464,0.8501364861733464,TARGET,True,20,-4.174368040360669,0.6788947661261024
swing,2021,1,2021Q1,1613013900000,1613014200000,1613063100000,2.4595826757846795,-1.0,STOP,True,20,-4.352190604585019,0.6652161073396139
swing,2021,1,2021Q1,1613480700000,1613481000000,1613482800000,1.4322036415480923,-1.0,STOP,True,20,-4.352190604585019,0.6652161073396139
swing,2021,1,2021Q1,1613579400000,1613579700000,1613696700000,1.861294694181634,-1.0,STOP,True,20,-4.352190604585019,0.6652161073396139
swing,2021,1,2021Q1,1613697300000,1613697600000,1613743200000,2.073622505250115,2.073622505250115,TARGET,True,20,-4.352190604585017,0.6652161073396139
swing,2021,1,2021Q1,1614092100000,1614092400000,1614174300000,1.1827092911942063,-1.0,STOP,True,20,-3.7924429731996865,0.7082736174461779
swing,2021,1,2021Q1,1614175200000,1614175500000,1614253500000,1.5450853190280138,-1.0,STOP,True,20,-5.418356846238196,0.6129745109829859
swing,2021,1,2021Q1,1614254100000,1614254400000,1614265500000,1.4889948147348329,-1.0,STOP,True,20,-5.418356846238196,0.6129745109829859
swing,2021,1,2021Q1,1614268500000,1614268800000,1614317400000,1.711865828092227,-1.0,STOP,True,20,-5.418356846238197,0.6129745109829859
swing,2021,1,2021Q1,1614759900000,1614760200000,1614770700000,2.505641964013325,-1.0,STOP,True,20,-5.418356846238197,0.6129745109829859
swing,2021,1,2021Q1,1614771600000,1614771900000,1614776700000,2.6856739658203823,-1.0,STOP,True,20,-7.68941025432318,0.487372649711788
swing,2021,1,2021Q1,1614786300000,1614786600000,1614787500000,0.9943767376716812,0.9943767376716812,TARGET,True,20,-7.68941025432318,0.487372649711788
swing,2021,1,2021Q1,1614850500000,1614850800000,1614879300000,1.5273746701847075,-1.0,STOP,True,20,-8.173275049061095,0.4551149967292603
swing,2021,1,2021Q1,1614884400000,1614884700000,1615218000000,2.029790701227279,-1.0,STOP,True,20,-8.173275049061095,0.4551149967292603
swing,2021,1,2021Q1,1615219500000,1615219800000,1615288800000,2.1459139763818444,2.1459139763818444,TARGET,True,20,-8.173275049061095,0.4551149967292603
swing,2021,1,2021Q1,1615357200000,1615357500000,1615403100000,2.304091282091393,2.304091282091393,TARGET,True,20,-5.02736107267925,0.6409027805229107
swing,2021,1,2021Q1,1616394900000,1616395200000,1616513700000,1.9223023240186652,-1.0,STOP,True,20,-4.822802408658043,0.6555141136672828
swing,2021,1,2021Q1,1616514300000,1616514600000,1616679000000,1.7376153946170825,1.7376153946170825,TARGET,True,20,-6.672938894831389,0.5551374070112408
swing,2021,1,2021Q1,1616999700000,1617000000000,1617022200000,2.069307693493024,-1.0,STOP,True,20,-3.9353235002143063,0.7189054642704067
swing,2021,1,2021Q1,1617022800000,1617023100000,1617024900000,1.253929939355246,-1.0,STOP,True,20,-3.9353235002143063,0.7189054642704067
swing,2021,1,2021Q1,1617026100000,1617026400000,1617087300000,0.9671460408106108,-1.0,STOP,True,20,-3.9353235002143063,0.7189054642704067
swing,2021,1,2021Q1,1617108600000,1617108900000,1617198900000,1.4984436686865763,1.4984436686865763,TARGET,True,20,-7.008946005464422,0.5327369329690387
swing,2021,2,2021Q2,1617603300000,1617603600000,1617635700000,1.4345364918871526,1.4345364918871526,TARGET,True,20,-4.5105023367778445,0.6778212616587255
swing,2021,2,2021Q2,1623867600000,1623867900000,1623873000000,0.9888917518394416,-1.0,STOP,True,20,-4.770841015839222,0.6592256417257698
swing,2021,2,2021Q2,1624340400000,1624340700000,1624365300000,1.5032472218213853,-1.0,STOP,True,20,-7.115855075973354,0.5256096616017765
swing,2021,2,2021Q2,1624366800000,1624367100000,1624455300000,1.2383464015781136,1.2383464015781136,TARGET,True,20,-7.115855075973354,0.5256096616017765
swing,2021,2,2021Q2,1624966200000,1624966500000,1624970400000,0.834091308826824,-1.0,STOP,True,20,-7.298283779595526,0.5134477480269649
swing,2021,3,2021Q3,1625153400000,1625153700000,1625222400000,2.17602179298641,2.17602179298641,TARGET,True,20,-7.298283779595526,0.5134477480269649
swing,2021,3,2021Q3,1626090900000,1626091200000,1626097800000,2.2511662065308102,-1.0,STOP,True,20,-4.122261986609116,0.705552715242206
swing,2021,3,2021Q3,1626098700000,1626099000000,1626141300000,1.873355837504324,1.873355837504324,TARGET,True,20,-6.8940136279384685,0.5403990914707688
swing,2021,3,2021Q3,1626181800000,1626182100000,1626251400000,0.353693576791176,0.353693576791176,TARGET,True,20,-5.188444577879068,0.6541036948080623
swing,2021,3,2021Q3,1626345300000,1626345600000,1626358200000,1.625692728850903,-1.0,STOP,True,20,-3.834751001087892,0.7260892142080079
swing,2021,3,2021Q3,1626361500000,1626361800000,1626434100000,1.9247268143796297,-1.0,STOP,True,20,-3.834751001087891,0.7260892142080079
swing,2021,3,2021Q3,1626434700000,1626435000000,1626446700000,1.705539998193371,-1.0,STOP,True,20,-3.834751001087892,0.7260892142080079
swing,2021,3,2021Q3,1626698100000,1626698400000,1626699300000,0.8577112743126851,0.8577112743126851,TARGET,True,20,-3.834751001087891,0.7260892142080079
swing,2021,3,2021Q3,1626929700000,1626930000000,1626941700000,2.0948678071538804,-1.0,STOP,True,20,-5.254144272881646,0.6247039805084539
swing,2021,3,2021Q3,1627020300000,1627020600000,1627034700000,1.5344748966146031,-1.0,STOP,True,20,-8.500871116827291,0.4332752588781806
swing,2021,3,2021Q3,1627040400000,1627040700000,1627044000000,0.7531378822370827,0.7531378822370827,TARGET,True,20,-8.500871116827291,0.4332752588781806
swing,2021,3,2021Q3,1627367700000,1627368000000,1627388100000,2.274200126051937,2.274200126051937,TARGET,True,20,-6.747733234590209,0.5180190546721279
swing,2021,3,2021Q3,1627473600000,1627473900000,1627501200000,1.9246290467627016,1.9246290467627016,TARGET,True,20,-3.473533108538272,0.732805145497056
swing,2021,3,2021Q3,1628255400000,1628255700000,1628257500000,1.5161092628261723,-1.0,STOP,True,20,-2.924399904737921,0.775046161174006
swing,2021,3,2021Q3,1628258700000,1628259000000,1628460900000,2.0407836865253737,-1.0,STOP,True,20,-2.9243999047379208,0.775046161174006
swing,2021,3,2021Q3,1628465400000,1628465700000,1628466000000,0.0622993476165118,0.0622993476165118,TARGET,True,20,-5.797755742242245,0.5858745898398396
swing,2021,3,2021Q3,1628591700000,1628592000000,1628602500000,2.3798125776220984,-1.0,STOP,True,20,-6.0891499714169095,0.5650607163273637
swing,2021,3,2021Q3,1628772300000,1628772600000,1628818200000,0.6833679480859405,0.6833679480859405,TARGET,True,20,-6.0891499714169095,0.5650607163273637
swing,2021,3,2021Q3,1629094800000,1629095100000,1629120900000,1.8058501655069887,1.8058501655069887,TARGET,True,20,-4.4057820233309695,0.6610936905130024
swing,2021,3,2021Q3,1629853800000,1629854100000,1629890700000,1.828427853553421,-1.0,STOP,True,20,-3.457643132136665,0.7340274513741026
swing,2021,3,2021Q3,1629895500000,1629895800000,1629898800000,0.8952120383036961,-1.0,STOP,True,20,-3.457643132136665,0.7340274513741026
swing,2021,3,2021Q3,1629982500000,1629982800000,1629987900000,1.1527042003093548,1.1527042003093548,TARGET,True,20,-3.457643132136665,0.7340274513741026
swing,2021,3,2021Q3,1630334400000,1630334700000,1630414800000,1.7430275673062003,-1.0,STOP,True,20,-3.0580768140643926,0.7647633219950467
swing,2021,3,2021Q3,1630416000000,1630416300000,1630416900000,0.6920651382975941,0.6920651382975941,TARGET,True,20,-6.33227694011633,0.547694504277405
swing,2021,3,2021Q3,1630484100000,1630484400000,1630500600000,1.820305954634425,1.820305954634425,TARGET,True,20,-7.564840848581437,0.4596542251013259
swing,2021,3,2021Q3,1630590300000,1630590600000,1630591200000,1.0822436017186634,-1.0,STOP,True,20,-4.744534893947012,0.6350357773886913
swing,2021,3,2021Q3,1630593300000,1630593600000,1630670700000,0.5029576707382566,0.5029576707382566,TARGET,True,20,-4.744534893947012,0.6350357773886913
swing,2021,3,2021Q3,1630915500000,1630915800000,1630931100000,2.039312039312108,-1.0,STOP,True,20,-3.241577223208756,0.7298685647326036
swing,2021,3,2021Q3,1630937700000,1630938000000,1630992300000,2.36229007293091,-1.0,STOP,True,20,-6.280449574810928,0.5168884942453131
swing,2021,3,2021Q3,1630995600000,1630995900000,1631002500000,1.839361945083638,-1.0,STOP,True,20,-6.280449574810929,0.5168884942453131
swing,2021,3,2021Q3,1631003400000,1631003700000,1631007000000,1.837034418485048,-1.0,STOP,True,20,-6.280449574810929,0.5168884942453131
swing,2021,3,2021Q3,1631011500000,1631011800000,1631023200000,2.253232653854906,-1.0,STOP,True,20,-6.280449574810929,0.5168884942453131
swing,2021,3,2021Q3,1631025300000,1631025600000,1631108700000,0.9076690904101942,-1.0,STOP,True,20,-6.280449574810929,0.5168884942453131
swing,2021,3,2021Q3,1631109300000,1631109600000,1631113800000,0.5665495942836551,0.5665495942836551,TARGET,True,20,-6.280449574810929,0.5168884942453131
swing,2021,3,2021Q3,1631199000000,1631199300000,1631242500000,1.160797576495865,1.160797576495865,TARGET,True,20,-5.776199328143785,0.5556769747581704
swing,2021,3,2021Q3,1631282100000,1631282400000,1631494800000,1.239953935677775,-1.0,STOP,True,20,-3.61540175164792,0.6987165206960068
swing,2021,3,2021Q3,1631607300000,1631607600000,1631616300000,1.833219835324675,-1.0,STOP,True,20,-5.29876969973386,0.5924023307897031
swing,2021,3,2021Q3,1631616600000,1631616900000,1631620200000,1.8832734193276452,-1.0,STOP,True,20,-8.10461986524085,0.42109858105422504
swing,2021,3,2021Q3,1631621400000,1631621700000,1631622600000,0.6568962709656128,0.6568962709656128,TARGET,True,20,-8.10461986524085,0.42109858105422504
swing,2021,3,2021Q3,1631711700000,1631712000000,1631719800000,1.3352312224833645,-1.0,STOP,True,20,-6.447723594275237,0.5040212619788279
swing,2021,3,2021Q3,1631730900000,1631731200000,1631771100000,2.164916964296421,-1.0,STOP,True,20,-6.447723594275237,0.5040212619788279
swing,2021,3,2021Q3,1631786700000,1631787000000,1631793000000,1.3544091411095327,-1.0,STOP,True,20,-8.600427794584592,0.38568372895824343
swing,2021,3,2021Q3,1631796600000,1631796900000,1631798700000,1.949138100543994,-1.0,STOP,True,20,-8.600427794584592,0.38568372895824343
swing,2021,3,2021Q3,1631800500000,1631800800000,1631859600000,0.8566864788846492,0.8566864788846492,TARGET,True,20,-8.600427794584592,0.38568372895824343
swing,2021,3,2021Q3,1631883900000,1631884200000,1631888100000,1.5520733804700964,-1.0,STOP,True,20,-8.435806453997538,0.39744239614303317
swing,2021,3,2021Q3,1631888400000,1631888700000,1632104400000,1.455670682332772,-1.0,STOP,True,20,-11.256112408631962,0.24959250609120257
swing,2021,3,2021Q3,1632207900000,1632208200000,1632226200000,1.9833082957769237,1.9833082957769237,TARGET,True,20,-11.256112408631962,0.24959250609120257
swing,2021,3,2021Q3,1632313500000,1632313800000,1632333600000,1.4711987287714494,-1.0,STOP_BOTH,True,20,-9.775761783593294,0.34828254776044704
swing,2021,3,2021Q3,1632338100000,1632338400000,1632402300000,0.7297752042564242,-1.0,STOP,True,20,-9.775761783593294,0.34828254776044704
swing,2021,3,2021Q3,1632813000000,1632813300000,1632826500000,0.8481114189879562,-1.0,STOP,True,20,-9.775761783593294,0.34828254776044704
swing,2021,3,2021Q3,1632834000000,1632834300000,1632936300000,1.774208317436109,-1.0,STOP,True,20,-9.775761783593294,0.34828254776044704
swing,2021,3,2021Q3,1632937200000,1632937500000,1633008300000,1.91430534088956,1.91430534088956,TARGET,True,20,-9.775761783593294,0.34828254776044704
swing,2021,4,2021Q4,1633504800000,1633505100000,1633521900000,0.8971372614384495,0.8971372614384495,TARGET,True,20,-6.861456442703735,0.5098959683783046
swing,2021,4,2021Q4,1633586700000,1633587000000,1633591200000,1.4460967032388283,1.4460967032388283,TARGET,True,20,-4.964319181265285,0.6181292937488242
swing,2021,4,2021Q4,1633613400000,1633613700000,1633696200000,1.413216718769687,1.413216718769687,TARGET,True,20,-4.084772072310113,0.6857867636684529
swing,2021,4,2021Q4,1634129400000,1634129700000,1634131500000,0.80167892886648,0.80167892886648,TARGET,True,20,-3.832352930036291,0.7052036207664393
swing,2021,4,2021Q4,1638780600000,1638780900000,1638801600000,2.0498365291155998,-1.0,STOP,True,20,-3.983501447992751,0.6680415460006041
swing,2021,4,2021Q4,1638802800000,1638803100000,1638930000000,1.122668411164754,1.122668411164754,TARGET,True,20,-6.396718166762438,0.5079447564028894
swing,2021,4,2021Q4,1638970800000,1638971100000,1639052100000,1.5099738616040863,-1.0,STOP,True,20,-6.075728684464164,0.5326362550412181
swing,2021,4,2021Q4,1639053300000,1639053600000,1639117200000,1.68342833346353,-1.0,STOP,True,20,-6.075728684464164,0.5326362550412181
swing,2021,4,2021Q4,1639404600000,1639404900000,1639488600000,1.4252685660906748,-1.0,STOP,True,20,-8.356820772856937,0.4030842305102188
swing,2021,4,2021Q4,1639579200000,1639579500000,1639593900000,1.3733583489681358,-1.0,STOP,True,20,-8.356820772856937,0.4030842305102188
swing,2021,4,2021Q4,1639594500000,1639594800000,1639594800000,1.8510788822072293,-1.0,STOP,True,20,-10.727116626941854,0.2848588915372098
swing,2021,4,2021Q4,1639595400000,1639595700000,1639597200000,0.0825612616572227,0.0825612616572227,TARGET,True,20,-10.727116626941854,0.2848588915372098
swing,2021,4,2021Q4,1640012400000,1640012700000,1640100900000,1.0700198088020272,-1.0,STOP,True,20,-9.644555365284631,0.31110318819395494
swing,2021,4,2021Q4,1640103300000,1640103600000,1640188800000,1.800338409475419,1.800338409475419,TARGET,True,20,-11.465818246295166,0.23561211691365563
swing,2021,4,2021Q4,1640271000000,1640271300000,1640282700000,1.3844318120876988,1.3844318120876988,TARGET,True,20,-8.665479836819747,0.3810371545128752
swing,2021,4,2021Q4,1640612100000,1640612400000,1640618100000,0.6105278136339143,0.6105278136339143,TARGET,True,20,-6.281048024732049,0.5168424596359963
swing,2022,1,2022Q1,1641194100000,1641194400000,1641215100000,1.93214301229412,-1.0,STOP,True,20,-5.742337347054079,0.5582817425343016
swing,2022,1,2022Q1,1641220500000,1641220800000,1641222600000,1.413035612756509,-1.0,STOP,True,20,-5.742337347054079,0.5582817425343016
swing,2022,1,2022Q1,1641223200000,1641223500000,1641363900000,1.1429384641657778,1.1429384641657778,TARGET,True,20,-5.742337347054079,0.5582817425343016
swing,2022,1,2022Q1,1641563100000,1641563400000,1641564600000,0.0589490678284698,0.0589490678284698,TARGET,True,20,-3.599398882888301,0.7000500930926415
swing,2022,1,2022Q1,1641975000000,1641975300000,1642008900000,1.7241796461515078,1.7241796461515078,TARGET,True,20,-2.5404498150598323,0.7690500168127425
swing,2022,1,2022Q1,1642065300000,1642065600000,1642087800000,1.7725719863346885,-1.0,STOP,True,20,-2.3490782979193825,0.7864474274618743
swing,2022,1,2022Q1,1642171200000,1642171500000,1642180500000,1.678112590516224,-1.0,STOP,True,20,-4.0734051138352365,0.6605495738470637
swing,2022,1,2022Q1,1642478400000,1642478700000,1642489800000,1.4808437365475182,-1.0,STOP,True,20,-4.0734051138352365,0.6605495738470637
swing,2022,1,2022Q1,1642512600000,1642512900000,1642512900000,0.161251206414398,0.161251206414398,TARGET,True,20,-4.0734051138352365,0.6605495738470637
swing,2022,1,2022Q1,1642755600000,1642755900000,1642773000000,1.2090032154340753,1.2090032154340753,TARGET,True,20,-5.034822318585593,0.5804314734512007
swing,2022,1,2022Q1,1643107500000,1643107800000,1643121900000,1.306067008753425,1.306067008753425,TARGET,True,20,-2.8258191031515176,0.743107354258953
swing,2022,1,2022Q1,1643900400000,1643900700000,1643901000000,0.9167143001244116,0.9167143001244116,TARGET,True,20,-2.6162115491473754,0.7819823709043853
swing,2022,1,2022Q1,1644932100000,1644932400000,1645029000000,1.053591661001588,1.053591661001588,TARGET,True,20,-3.1414670301537444,0.7382110808205212
swing,2022,2,2022Q2,1652077500000,1652077800000,1652085300000,2.4602572938202965,-1.0,STOP,True,20,-5.665312467982755,0.5953348237155175
swing,2022,2,2022Q2,1652340600000,1652340900000,1652363700000,1.255839508189407,-1.0,STOP,True,20,-8.216310587028904,0.4522459608647397
swing,2022,2,2022Q2,1652396400000,1652396700000,1652447100000,1.1262211971539928,-1.0,STOP,True,20,-10.988431512121654,0.3132230304923966
swing,2022,2,2022Q2,1652448300000,1652448600000,1652452200000,1.2887868002096683,1.2887868002096683,TARGET,True,20,-10.988431512121654,0.3132230304923966
swing,2022,2,2022Q2,1652682600000,1652682900000,1652686800000,2.592315699820151,-1.0,STOP,True,20,-8.699644711911986,0.42002368587253425
swing,2022,2,2022Q2,1652688300000,1652688600000,1652693100000,0.3362619461861332,0.3362619461861332,TARGET,True,20,-8.699644711911986,0.42002368587253425
swing,2022,2,2022Q2,1652797500000,1652797800000,1652812500000,1.8513646329477704,-1.0,STOP,True,20,-7.363382765725853,0.4740440881624391
swing,2022,2,2022Q2,1652875200000,1652875500000,1652951100000,1.679146297841965,1.679146297841965,TARGET,True,20,-7.363382765725852,0.4740440881624391
swing,2022,2,2022Q2,1653056100000,1653056400000,1653256800000,2.046448484848538,2.046448484848538,TARGET,True,20,-4.684236467883888,0.6396741178550855
swing,2022,2,2022Q2,1653466500000,1653466800000,1653473700000,1.5077348196783715,-1.0,STOP,True,20,-3.759253496941149,0.7108266540814501
swing,2022,2,2022Q2,1653484200000,1653484500000,1653493800000,1.7654098377169904,-1.0,STOP,True,20,-3.759253496941149,0.7108266540814501
swing,2022,2,2022Q2,1653565800000,1653566100000,1653616200000,1.150573994332809,1.150573994332809,TARGET,True,20,-5.754141692268604,0.5889898791236712
swing,2022,2,2022Q2,1653998700000,1653999000000,1654007100000,0.9975133590815528,-1.0,STOP,True,20,-3.603567697935795,0.7228024847741696
swing,2022,2,2022Q2,1654007400000,1654007700000,1654026900000,1.5914136253678772,-1.0,STOP,True,20,-5.684738722170154,0.5939472341307033
swing,2022,2,2022Q2,1654240200000,1654240500000,1654259400000,1.7324952188932123,-1.0,STOP,True,20,-5.684738722170154,0.5939472341307033
swing,2022,2,2022Q2,1654260600000,1654260900000,1654269600000,1.2555576268816462,-1.0,STOP,True,20,-5.684738722170154,0.5939472341307033
swing,2022,2,2022Q2,1654270200000,1654270500000,1654277100000,2.4546255506606856,-1.0,STOP,True,20,-5.684738722170154,0.5939472341307033
swing,2022,2,2022Q2,1654529400000,1654529700000,1654558800000,1.8923920493488813,-1.0,STOP,True,20,-5.684738722170154,0.5939472341307033
swing,2022,2,2022Q2,1654559700000,1654560000000,1654599300000,2.4957239967838207,2.4957239967838207,TARGET,True,20,-5.684738722170154,0.5939472341307033
swing,2022,2,2022Q2,1654773900000,1654774200000,1654776900000,2.202860986252757,-1.0,STOP,True,20,-5.003058479797066,0.6426386800144953
swing,2022,2,2022Q2,1654777200000,1654777500000,1654784100000,0.7451709352996988,-1.0,STOP,True,20,-5.003058479797066,0.6426386800144953
swing,2022,2,2022Q2,1655208900000,1655209200000,1655221500000,2.4623758334467505,-1.0,STOP,True,20,-5.003058479797065,0.6426386800144953
swing,2022,2,2022Q2,1655748600000,1655748900000,1655809500000,2.5493719745626056,-1.0,STOP,True,20,-5.003058479797066,0.6426386800144953
swing,2022,2,2022Q2,1655812500000,1655812800000,1655857800000,1.7910204643480143,-1.0,STOP,True,20,-5.003058479797065,0.6426386800144953
swing,2022,2,2022Q2,1656054900000,1656055200000,1656075900000,1.3405840286054784,-1.0,STOP,True,20,-7.291845280006735,0.5138769813328844
swing,2022,2,2022Q2,1656076200000,1656076500000,1656280800000,0.4592403035456756,0.7830085144673058,TARGET_GAP,True,20,-7.291845280006734,0.5138769813328844
swing,2022,2,2022Q2,1656415500000,1656415800000,1656484200000,1.2782436585239234,-1.0,STOP,True,20,-6.845098711725561,0.5436600858849625
swing,2022,3,2022Q3,1657012200000,1657012500000,1657022400000,1.5736998796478776,-1.0,STOP,True,20,-6.845098711725561,0.5436600858849625
swing,2022,3,2022Q3,1657022700000,1657023000000,1657027800000,1.5709730957373285,-1.0,STOP,True,20,-9.524245009567526,0.4047346869020296
swing,2022,3,2022Q3,1657087200000,1657087500000,1657115400000,2.492627857458538,-1.0,STOP,True,20,-12.570693494416066,0.2605474415049374
swing,2022,3,2022Q3,1657115700000,1657116000000,1657118400000,1.3316842168966387,-1.0,STOP,True,20,-12.570693494416064,0.2605474415049374
swing,2022,3,2022Q3,1657266900000,1657267200000,1657282200000,1.2667952124532256,1.2667952124532256,TARGET,True,20,-12.570693494416064,0.2605474415049374
swing,2022,3,2022Q3,1657527000000,1657527300000,1657560300000,2.0875370679457776,-1.0,STOP,True,20,-12.454472276295649,0.26738398374731487
swing,2022,3,2022Q3,1657717200000,1657717500000,1657717800000,0.2067346580913889,0.2067346580913889,TARGET,True,20,-12.454472276295649,0.26738398374731487
swing,2022,3,2022Q3,1657867800000,1657868100000,1658114700000,1.9264341147292028,1.9264341147292028,TARGET,True,20,-11.24773761820426,0.29701639886223385
swing,2022,3,2022Q3,1658387700000,1658388000000,1658400000000,1.2402192873162057,-1.0,STOP,True,20,-8.321303503475058,0.44524643310166295
swing,2022,3,2022Q3,1658711100000,1658711400000,1658838000000,2.084012340795803,-1.0,STOP,True,20,-8.321303503475056,0.44524643310166295
swing,2022,3,2022Q3,1658838600000,1658838900000,1658946900000,0.8608646290819203,0.8608646290819203,TARGET,True,20,-8.321303503475056,0.44524643310166295
swing,2022,3,2022Q3,1659104400000,1659104700000,1659346800000,1.519034009495769,1.519034009495769,TARGET,True,20,-6.4604388743931365,0.5385400804004903
swing,2022,3,2022Q3,1659538800000,1659539100000,1659590700000,1.7306144093330975,1.7306144093330975,TARGET,True,20,-7.437128861681188,0.4687765098799152
swing,2022,3,2022Q3,1659694500000,1659694800000,1659702600000,2.361792310021125,-1.0,STOP,True,20,-4.706514452348091,0.6379604267424546
swing,2022,3,2022Q3,1660107300000,1660107600000,1660134600000,3.39618735443812,3.39618735443812,TARGET,True,20,-4.70651445234809,0.6379604267424546
swing,2022,3,2022Q3,1664154000000,1664154300000,1664349000000,0.8146072836545205,-1.0,STOP,True,20,-4.775380470336668,0.6589013949759526
swing,2022,3,2022Q3,1664349900000,1664350200000,1664360400000,1.4005779551396775,1.4005779551396775,TARGET,True,20,-4.775380470336667,0.6589013949759526
swing,2022,4,2022Q4,1666336800000,1666337100000,1666356900000,0.4103517249924882,0.4103517249924882,TARGET,True,20,-2.6464265864856564,0.7964287241164878
swing,2022,4,2022Q4,1666948800000,1666949100000,1666960200000,1.965425531914928,-1.0,STOP,True,20,-4.762401013262332,0.6336614605182821
swing,2022,4,2022Q4,1667418000000,1667418300000,1667459100000,1.8626936791441928,-1.0,STOP,True,20,-4.762401013262332,0.6336614605182821
swing,2022,4,2022Q4,1667475900000,1667476200000,1667502300000,2.3458907075431887,2.3458907075431887,TARGET,True,20,-7.011134102159944,0.4992047069885755
swing,2022,4,2022Q4,1667806200000,1667806500000,1667919900000,2.94218925898961,2.94218925898961,TARGET,True,20,-5.372093289379404,0.616279050758614
swing,2023,1,2023Q1,1676943300000,1676943600000,1676962800000,1.8033792069763743,-1.0,STOP,True,20,-3.5193023266794756,0.7292844364092711
swing,2023,1,2023Q1,1676965800000,1676966100000,1676982000000,1.8672425013309584,-1.0,STOP,True,20,-6.011909035201921,0.5705779260570056
swing,2023,1,2023Q1,1676983500000,1676983800000,1676990100000,2.008005212696705,2.008005212696705,TARGET,True,20,-6.011909035201921,0.5705779260570056
swing,2023,1,2023Q1,1677062700000,1677063000000,1677069000000,1.820793092951863,1.820793092951863,TARGET,True,20,-3.0039038225052157,0.7689304751919065
swing,2023,1,2023Q1,1677160200000,1677160500000,1677245400000,0.8422359253623782,-1.0,STOP,True,20,-2.9787941308598658,0.7708619899338565
swing,2023,1,2023Q1,1677246600000,1677246900000,1677469200000,0.961579482600396,-1.0,STOP,True,20,-4.4427229757894064,0.682662644586471
swing,2023,1,2023Q1,1677741900000,1677742200000,1677834300000,1.9233816850445973,1.9233816850445973,TARGET,True,20,-7.44198196059868,0.5038678692934213
swing,2023,1,2023Q1,1678097400000,1678097700000,1678128300000,2.527491658204098,-1.0,STOP,True,20,-4.518600275554084,0.6772428374604226
swing,2023,1,2023Q1,1678130400000,1678130700000,1678189500000,2.755298870522562,-1.0,STOP,True,20,-4.518600275554084,0.6772428374604226
swing,2023,1,2023Q1,1678191000000,1678191300000,1678194600000,2.7857157099276835,-1.0,STOP,True,20,-4.518600275554084,0.6772428374604226
swing,2023,1,2023Q1,1678783800000,1678784100000,1678801500000,2.234962273464557,-1.0,STOP,True,20,-7.435805967662715,0.504279602155819
swing,2023,1,2023Q1,1678802100000,1678802400000,1678867500000,1.1958574716292434,-1.0,STOP,True,20,-7.435805967662715,0.504279602155819
swing,2023,1,2023Q1,1678869300000,1678869600000,1678874400000,1.5700934579439516,1.5700934579439516,TARGET,True,20,-7.435805967662715,0.504279602155819
swing,2023,1,2023Q1,1679321700000,1679322000000,1679406000000,1.83680857283588,-1.0,STOP,True,20,-4.8657125097187635,0.6524491064486597
swing,2023,1,2023Q1,1679408400000,1679408700000,1679419500000,1.7552111170497398,-1.0,STOP,True,20,-4.8657125097187635,0.6524491064486597
swing,2023,1,2023Q1,1679470800000,1679471100000,1679496900000,1.5038975685806255,1.5038975685806255,TARGET,True,20,-4.8657125097187635,0.6524491064486597
swing,2023,1,2023Q1,1679679900000,1679680200000,1679897400000,2.3347712451470684,-1.0,STOP,True,20,-4.368009717329982,0.6879993059050012
swing,2023,1,2023Q1,1679902500000,1679902800000,1679909400000,1.9327098648798868,-1.0,STOP,True,20,-4.368009717329982,0.6879993059050012
swing,2023,1,2023Q1,1679915100000,1679915400000,1680015300000,2.2092148686331368,2.2092148686331368,TARGET,True,20,-6.173828982782258,0.5884114011478495
swing,2023,2,2023Q2,1680474300000,1680474600000,1680490500000,2.0520650849607494,-1.0,STOP,True,20,-2.964614114149121,0.7882418489893485
swing,2023,2,2023Q2,1680704100000,1680704400000,1680705000000,1.0035393589827857,-1.0,STOP,True,20,-2.964614114149121,0.7882418489893485
swing,2023,2,2023Q2,1680749400000,1680749700000,1680789300000,2.392282958199319,-1.0,STOP,True,20,-2.964614114149121,0.7882418489893485
swing,2023,2,2023Q2,1680790200000,1680790500000,1681077900000,1.1442937057041818,-1.0,STOP,True,20,-5.972619326845827,0.6018253782102784
swing,2023,2,2023Q2,1681078200000,1681078500000,1681131600000,1.1382885778810778,-1.0,STOP,True,20,-8.793412419797688,0.4504117237626445
swing,2023,2,2023Q2,1681132200000,1681132500000,1681137300000,1.644752783929965,-1.0,STOP,True,20,-8.79341241979769,0.4504117237626445
swing,2023,2,2023Q2,1681138500000,1681138800000,1681198500000,1.3830611064133267,1.3830611064133267,TARGET,True,20,-8.79341241979769,0.4504117237626445
swing,2023,2,2023Q2,1681308000000,1681308300000,1681371000000,1.0862861292357129,1.0862861292357129,TARGET,True,20,-6.410351313384362,0.572643245774376
swing,2023,2,2023Q2,1681458600000,1681458900000,1681460400000,1.8545887961859056,-1.0,STOP,True,20,-7.247446869193247,0.5168368753871169
swing,2023,2,2023Q2,1681476900000,1681477200000,1681481100000,0.768160069595462,-1.0,STOP,True,20,-7.247446869193246,0.5168368753871169
swing,2023,2,2023Q2,1681489200000,1681489500000,1681742700000,2.539023704062423,-1.0,STOP,True,20,-7.247446869193246,0.5168368753871169
swing,2023,2,2023Q2,1681743900000,1681744200000,1681802700000,1.021446976341298,1.021446976341298,TARGET,True,20,-7.247446869193246,0.5168368753871169
swing,2023,2,2023Q2,1681825500000,1681825800000,1681826700000,0.8165747515561969,0.8165747515561969,TARGET,True,20,-5.225999892851949,0.626714293367718
swing,2023,2,2023Q2,1681892400000,1681892700000,1681893600000,2.070609217299686,-1.0,STOP,True,20,-3.4094251412957517,0.7377365275926344
swing,2023,2,2023Q2,1681894200000,1681894500000,1681899300000,1.3943172300447375,-1.0,STOP,True,20,-5.979518599239703,0.5728915286257354
swing,2023,2,2023Q2,1681899900000,1681900200000,1681911900000,2.295658571190875,2.295658571190875,TARGET,True,20,-5.979518599239703,0.5728915286257354
swing,2023,2,2023Q2,1682063400000,1682063700000,1682084700000,1.9105073531509067,-1.0,STOP,True,20,-2.683860028048828,0.7935492286116286
swing,2023,2,2023Q2,1683295800000,1683296100000,1683549600000,1.9882955376737037,1.9882955376737037,TARGET,True,20,-5.187757596629455,0.6294458859550389
swing,2023,3,2023Q3,1688648100000,1688648400000,1688650500000,1.179190751445144,1.179190751445144,TARGET,True,20,-4.254975408567189,0.6960731851023436
swing,2023,3,2023Q3,1688969400000,1688969700000,1688992500000,3.0731287090806125,-1.0,STOP,True,20,-4.6436907131167935,0.6683078062059433
swing,2023,3,2023Q3,1688994300000,1688994600000,1688997000000,0.916270345036724,0.916270345036724,TARGET,True,20,-4.6436907131167935,0.6683078062059433
swing,2023,3,2023Q3,1689228000000,1689228300000,1689252000000,2.3239677498167413,-1.0,STOP,True,20,-2.72742036808007,0.79019843322461
swing,2023,3,2023Q3,1689252900000,1689253200000,1689597900000,0.8724663182045465,-1.0,STOP,True,20,-2.72742036808007,0.79019843322461
swing,2023,3,2023Q3,1689599700000,1689600000000,1689663600000,1.6271304140791358,1.6271304140791358,TARGET,True,20,-2.7274203680800695,0.79019843322461
swing,2023,3,2023Q3,1689778200000,1689778500000,1689816600000,1.0226704882553248,1.0226704882553248,TARGET,True,20,-2.98676840868153,0.7702485839475747
swing,2023,3,2023Q3,1689864900000,1689865200000,1689927600000,1.3300072422950031,-1.0,STOP,True,20,-3.878038900219658,0.7016893153677187
swing,2023,3,2023Q3,1689928200000,1689928500000,1689945600000,1.5473350852368843,-1.0,STOP,True,20,-7.390717985799247,0.47209157244291106
swing,2023,3,2023Q3,1689946200000,1689946500000,1690222200000,1.1798482359384148,-1.0,STOP,True,20,-7.390717985799245,0.47209157244291106
swing,2023,3,2023Q3,1690241700000,1690242000000,1690352100000,3.0448740552225253,3.0448740552225253,TARGET,True,20,-9.714415257252828,0.35237231618314474
swing,2023,3,2023Q3,1690476600000,1690476900000,1690807800000,2.943851009867337,2.943851009867337,TARGET,True,20,-5.669541202030302,0.5950327712835498
swing,2023,3,2023Q3,1690980300000,1690980600000,1690985400000,1.215821980813837,-1.0,STOP,True,20,-3.2660129360938086,0.7667133617075851
swing,2023,3,2023Q3,1690991400000,1690991700000,1691152200000,1.8790137559171576,-1.0,STOP,True,20,-3.2660129360938086,0.7667133617075851
swing,2023,3,2023Q3,1691499900000,1691500200000,1691591400000,1.333006403425239,-1.0,STOP,True,20,-3.266012936093809,0.7667133617075851
swing,2023,3,2023Q3,1691618400000,1691618700000,1691670600000,2.221372084392002,2.221372084392002,TARGET,True,20,-3.2660129360938086,0.7667133617075851
swing,2023,3,2023Q3,1692103500000,1692103800000,1692105000000,0.0811290608911753,0.0811290608911753,TARGET,True,20,-4.140101948183675,0.7239932034544216
swing,2023,3,2023Q3,1692192000000,1692192300000,1692208800000,0.8142845905765811,-1.0,STOP,True,20,-3.0589728872924997,0.7815019366219643
swing,2023,3,2023Q3,1692209700000,1692210000000,1692215400000,1.8051384627859453,-1.0,STOP,True,20,-3.0589728872924997,0.7815019366219643
swing,2023,3,2023Q3,1692294300000,1692294600000,1692685200000,2.5322315873695187,2.5322315873695187,TARGET,True,20,-5.686103301371635,0.6209264465752242
swing,2023,3,2023Q3,1692881400000,1692881700000,1692888000000,1.418466186794607,1.418466186794607,TARGET,True,20,-4.176542202257441,0.7215638531828373
swing,2023,3,2023Q3,1695828600000,1695828900000,1695832500000,2.608042421564276,-1.0,STOP,True,20,-3.1711869930809318,0.7560625389937745
swing,2023,3,2023Q3,1695834000000,1695834300000,1695905100000,2.346383543463871,-1.0,STOP,True,20,-5.589653179875539,0.6007390585803186
swing,2023,3,2023Q3,1695906000000,1695906300000,1695911700000,1.2438810286068596,-1.0,STOP,True,20,-7.015444767409376,0.5323036821727083
swing,2023,3,2023Q3,1695914700000,1695915000000,1695972900000,1.670479454784642,1.670479454784642,TARGET,True,20,-9.722805776170482,0.39232463898934494
swing,2023,3,2023Q3,1696002300000,1696002600000,1696011600000,2.451413950682057,-1.0,STOP,True,20,-7.05232632138584,0.5298449119076107
swing,2023,3,2023Q3,1696013100000,1696013400000,1696225200000,2.924813762383787,-1.0,STOP,True,20,-10.6906951428108,0.33183155357432503
swing,2023,4,2023Q4,1696239600000,1696239900000,1696257600000,1.5702257655911764,-1.0,STOP,True,20,-10.6906951428108,0.33183155357432503
swing,2023,4,2023Q4,1696301100000,1696301400000,1696572600000,2.0776540347409225,0.4190581169941844,864BAR_TIMEOUT,True,20,-10.6906951428108,0.33183155357432503
swing,2023,4,2023Q4,1696596900000,1696597200000,1696597800000,0.7201268771373261,0.7201268771373261,TARGET,True,20,-9.271637025816615,0.381890864945559
swing,2023,4,2023Q4,1696858800000,1696859100000,1696878000000,1.51636805582777,1.51636805582777,TARGET,True,20,-7.551510148679289,0.4606064179514794
swing,2023,4,2023Q4,1697440200000,1697440500000,1697544900000,2.068346526926085,2.068346526926085,TARGET,True,20,-5.035142092851519,0.61268137747296
swing,2023,4,2023Q4,1698247800000,1698248100000,1698248700000,0.2412723177420971,0.2412723177420971,TARGET,True,20,-4.422799942692111,0.6597846197929145
swing,2023,4,2023Q4,1698406800000,1698407100000,1698412200000,1.913419203106561,-1.0,STOP,True,20,-3.1815276249500153,0.7348726979208321
swing,2023,4,2023Q4,1698857100000,1698857400000,1698864300000,2.112067663494933,-1.0,STOP,True,20,-4.847975339085613,0.6270788200703374
swing,2023,4,2023Q4,1698934800000,1698935100000,1699014600000,1.7773872290569217,1.7773872290569217,TARGET,True,20,-7.364348650587895,0.4739750963865789
swing,2023,4,2023Q4,1699342200000,1699342500000,1699347600000,2.192048703994022,-1.0,STOP,True,20,-4.586961421530973,0.6471568137283866
swing,2023,4,2023Q4,1699348500000,1699348800000,1699359000000,1.6164715495259854,-1.0,STOP,True,20,-4.586961421530973,0.6471568137283866
swing,2023,4,2023Q4,1699362000000,1699362300000,1699382700000,1.7702023024478075,1.7702023024478075,TARGET,True,20,-4.586961421530973,0.6471568137283866
swing,2023,4,2023Q4,1699641600000,1699641900000,1699968600000,1.7709990820073944,1.7709990820073944,TARGET,True,20,-2.4076964547013997,0.7993586287748835
swing,2024,1,2024Q1,1705332300000,1705332600000,1705393800000,1.990354509645512,-1.0,STOP,True,20,-2.946774622300327,0.773325029053821
swing,2024,1,2024Q1,1705411800000,1705412100000,1705412400000,0.5152234439753939,0.5152234439753939,TARGET,True,20,-5.8812085476582645,0.5799136751672668
swing,2024,1,2024Q1,1705469100000,1705469400000,1705503300000,2.936188219363659,-1.0,STOP,True,20,-6.870610735852594,0.5092420902962432
swing,2024,1,2024Q1,1705505700000,1705506000000,1705650600000,2.1733031990493963,2.1733031990493963,TARGET,True,20,-6.870610735852594,0.5092420902962432
swing,2024,1,2024Q1,1705935000000,1705935300000,1705992900000,0.8855960656660641,0.8855960656660641,TARGET,True,20,-3.697307536803198,0.7155917279382156
swing,2024,1,2024Q1,1706786100000,1706786400000,1706798100000,2.348333399705246,2.348333399705246,TARGET,True,20,-4.165494481343974,0.679577347588925
swing,2024,4,2024Q4,1732545900000,1732546200000,1732558500000,1.7929049574750295,-1.0,STOP,True,20,-2.9681417162933017,0.7879898774076214
swing,2024,4,2024Q4,1732727400000,1732727700000,1732755900000,1.9811663736329617,-1.0,STOP,True,20,-6.1243382130666095,0.5917107857955594
swing,2024,4,2024Q4,1732757100000,1732757400000,1732785300000,1.5420306458543005,1.5420306458543005,TARGET,True,20,-6.1243382130666095,0.5917107857955594
swing,2024,4,2024Q4,1733301600000,1733301900000,1733325900000,1.81023905577958,1.81023905577958,TARGET,True,20,-3.5823075672123093,0.7441208880562636
swing,2024,4,2024Q4,1733895300000,1733895600000,1733924100000,1.5294337208061866,1.5294337208061866,TARGET,True,20,-2.9460365206511634,0.7895688199534884
swing,2024,4,2024Q4,1734310800000,1734311100000,1734433200000,1.509379571697648,-1.0,STOP,True,20,-3.4403950320801417,0.7542574977085613
swing,2024,4,2024Q4,1734433800000,1734434100000,1734548400000,2.3619188771731743,-1.0,STOP,True,20,-3.440395032080141,0.7542574977085613
swing,2024,4,2024Q4,1734563100000,1734563400000,1734572700000,1.7138408870764037,1.7138408870764037,TARGET,True,20,-3.4403950320801417,0.7542574977085613
swing,2025,1,2025Q1,1738165200000,1738165500000,1738220100000,1.0828151432521596,1.0828151432521596,TARGET,True,20,-5.202149668278336,0.6531900221147775
swing,2025,1,2025Q1,1738539600000,1738539900000,1738550100000,1.3298624982280596,-1.0,STOP,True,20,-5.648768245832364,0.6234154502778424
swing,2025,1,2025Q1,1738554600000,1738554900000,1738586100000,3.0818287348255438,3.0818287348255438,TARGET,True,20,-5.648768245832364,0.6234154502778424
swing,2025,2,2025Q2,1747922700000,1747923000000,1748000700000,1.665457243327863,1.665457243327863,TARGET,True,20,-3.597860218961398,0.7430099843599002
swing,2025,2,2025Q2,1748476200000,1748476500000,1748513700000,1.436610158535213,1.436610158535213,TARGET,True,20,-6.030224735432025,0.597985017637865
swing,2025,2,2025Q2,1748574000000,1748574300000,1748607000000,2.6769867698678,-1.0,STOP,True,20,-3.593614576896812,0.7433132445073706
swing,2025,2,2025Q2,1748613900000,1748614200000,1748843400000,1.640990102329889,1.640990102329889,TARGET,True,20,-3.593614576896812,0.7433132445073706
swing,2026,1,2026Q1,1773744600000,1773744900000,1773762000000,1.9819027271584524,-1.0,STOP,True,20,-2.8217769648596867,0.7829402334723318
swing,2026,1,2026Q1,1773762300000,1773762600000,1773831900000,1.6149565556966043,-1.0,STOP,True,20,-2.8217769648596858,0.7829402334723318
swing,2026,1,2026Q1,1773832200000,1773832500000,1773834300000,1.2725830243122334,-1.0,STOP,True,20,-6.410881970607019,0.5420798592423558
swing,2026,1,2026Q1,1773840300000,1773840600000,1773865500000,1.280824930037352,-1.0,STOP,True,20,-6.410881970607018,0.5420798592423558
swing,2026,1,2026Q1,1774018800000,1774019100000,1774032600000,2.220595509801617,-1.0,STOP,True,20,-6.410881970607019,0.5420798592423558
swing,2026,1,2026Q1,1774318800000,1774319100000,1774589100000,2.680375978678684,0.9524013206933588,864BAR_TIMEOUT,True,20,-7.89843666528605,0.47343755564759665
swing,2026,2,2026Q2,1775094600000,1775094900000,1775108700000,0.7455391741976157,-1.0,STOP,True,20,-5.9460353445926915,0.5752831896719506
swing,2026,2,2026Q2,1775527200000,1775527500000,1775589600000,2.2099519748423324,2.2099519748423324,TARGET,True,20,-8.544753700129377,0.43034975332470826
swing,2026,2,2026Q2,1776636300000,1776636600000,1776782700000,0.969482650975657,-1.0,STOP,True,20,-7.600728493976944,0.49328476706820384
swing,2026,2,2026Q2,1776784200000,1776784500000,1776791400000,1.0709768600584422,-1.0,STOP,True,20,-7.600728493976942,0.49328476706820384
swing,2026,2,2026Q2,1776899700000,1776900000000,1776903000000,2.613978390893275,-1.0,STOP,True,20,-7.600728493976943,0.49328476706820384
swing,2026,2,2026Q2,1776903600000,1776903900000,1776905400000,0.5264171487404322,0.5264171487404322,TARGET,True,20,-7.600728493976942,0.49328476706820384
swing,2026,2,2026Q2,1776966600000,1776966900000,1777039800000,0.8150377783829829,0.8150377783829829,TARGET,True,20,-6.07431134523651,0.5661206181973921
swing,2026,2,2026Q2,1777248600000,1777248900000,1777352700000,2.559913149681106,-1.0,STOP,True,20,-4.259273566853527,0.6723635717804979
swing,2026,2,2026Q2,1777378200000,1777378500000,1777468800000,1.0992854693652985,-1.0,STOP,True,20,-5.589731591817721,0.6007334577273057
swing,2026,2,2026Q2,1777470600000,1777470900000,1777531800000,2.1432680252710283,2.1432680252710283,TARGET,True,20,-5.589731591817721,0.6007334577273057
swing,2026,2,2026Q2,1777882200000,1777882500000,1777888800000,2.7117606756728203,-1.0,STOP,True,20,-5.731526798284101,0.5906052286939928
swing,2026,2,2026Q2,1777890300000,1777890600000,1777910700000,1.308996246518928,-1.0,STOP,True,20,-8.352923752069865,0.4431384165286757
swing,2026,2,2026Q2,1777911300000,1777911600000,1778024700000,1.5589593508294808,1.5589593508294808,TARGET,True,20,-8.352923752069865,0.4431384165286757
swing,2026,2,2026Q2,1778459400000,1778459700000,1778478600000,1.6048782447962942,-1.0,STOP,True,20,-5.793964401240384,0.5861453999114011
swing,2026,2,2026Q2,1778599800000,1778600100000,1778616000000,1.2280791977372314,1.2280791977372314,TARGET,True,20,-5.793964401240386,0.5861453999114011
swing,2026,2,2026Q2,1778665200000,1778665500000,1778679900000,2.205477388826809,-1.0,STOP,True,20,-3.5658852035031536,0.7257011381920653
swing,2026,2,2026Q2,1778680200000,1778680500000,1778787900000,1.630592707056677,-1.0,STOP,True,20,-3.5658852035031536,0.7257011381920653
swing,2026,2,2026Q2,1778788200000,1778788500000,1778804700000,2.873740423148984,-1.0,STOP,True,20,-3.5658852035031536,0.7257011381920653
swing,2026,2,2026Q2,1778807700000,1778808000000,1778822100000,2.0847390937478405,-1.0,STOP,True,20,-3.5658852035031536,0.7257011381920653
swing,2026,2,2026Q2,1779065700000,1779066000000,1779109200000,1.054556999120848,1.054556999120848,TARGET,True,20,-3.565885203503153,0.7257011381920653
swing,2026,2,2026Q2,1779188100000,1779188400000,1779196800000,1.3396248719363468,-1.0,STOP,True,20,-3.4637295250756637,0.733559267301872
swing,2026,2,2026Q2,1779198600000,1779198900000,1779288900000,0.5225124320710607,0.5225124320710607,TARGET,True,20,-3.463729525075664,0.733559267301872
swing,2026,2,2026Q2,1779370800000,1779371100000,1779662700000,2.4022098387312627,2.4022098387312627,TARGET,True,20,-5.1511690678469355,0.6037562255502358
swing,2026,2,2026Q2,1779879600000,1779879900000,1779887100000,2.190119826016633,-1.0,STOP,True,20,-3.275376377856105,0.7480479709341458
swing,2026,2,2026Q2,1779888600000,1779888900000,1779939000000,1.435446973830358,-1.0,STOP,True,20,-5.090414156239087,0.6363989888400651
swing,2026,2,2026Q2,1780286100000,1780286400000,1780306200000,2.776144653613697,-1.0,STOP,True,20,-5.090414156239088,0.6363989888400651
swing,2026,2,2026Q2,1780320900000,1780321200000,1780376100000,1.514653926951997,1.514653926951997,TARGET,True,20,-5.090414156239088,0.6363989888400651
swing,2026,2,2026Q2,1780443600000,1780443900000,1780476600000,1.4667705190463274,-1.0,STOP,True,20,-5.719028254558119,0.5914979818172771
swing,2026,2,2026Q2,1780525500000,1780525800000,1780573500000,2.195333725745225,2.195333725745225,TARGET,True,20,-5.719028254558119,0.5914979818172771
swing,2026,2,2026Q2,1780640400000,1780640700000,1780664100000,1.1854148447121124,-1.0,STOP,True,20,-5.0826538796423755,0.6369532943112589
swing,2026,2,2026Q2,1781016600000,1781016900000,1781021100000,1.2295046401336902,-1.0,STOP,True,20,-5.0826538796423755,0.6369532943112589
swing,2026,2,2026Q2,1781022300000,1781022600000,1781045400000,2.335464075684006,-1.0,STOP,True,20,-7.310733077379606,0.5126177948413596
swing,2026,2,2026Q2,1781049300000,1781049600000,1781055600000,2.340340693596753,-1.0,STOP,True,20,-7.310733077379607,0.5126177948413596
swing,2026,2,2026Q2,1781106900000,1781107200000,1781121600000,1.8825482851874424,-1.0,STOP,True,20,-7.310733077379607,0.5126177948413596
swing,2026,2,2026Q2,1781686200000,1781686500000,1781706000000,1.9932358877607563,1.9932358877607563,TARGET,True,20,-7.310733077379607,0.5126177948413596
swing,2026,2,2026Q2,1781720100000,1781720400000,1781723400000,0.7593814821799308,-1.0,STOP,True,20,-4.31749718961885,0.6916073435986536
swing,2026,2,2026Q2,1781725500000,1781725800000,1781743200000,1.7132226185803334,1.7132226185803334,TARGET,True,20,-6.372054188739698,0.5751963874173535
swing,2026,2,2026Q2,1782300900000,1782301200000,1782303900000,2.080574040450476,-1.0,STOP,True,20,-3.6588315701593643,0.7386548878457597
swing,2026,2,2026Q2,1782307800000,1782308100000,1782478800000,1.622956736491762,1.622956736491762,TARGET,True,20,-5.181344002230425,0.6545770665179717
swing,2026,2,2026Q2,1782711600000,1782711900000,1782741900000,2.135912154919813,-1.0,STOP,True,20,-5.960597104469926,0.6026268597020049
swing,2026,2,2026Q2,1782742800000,1782743100000,1782780900000,1.3445100538459596,-1.0,STOP,True,20,-5.960597104469926,0.6026268597020049
swing,2026,2,2026Q2,1782856800000,1782857100000,1782867900000,2.389524338220659,-1.0,STOP,True,20,-5.960597104469926,0.6026268597020049
swing,2026,3,2026Q3,1783319100000,1783319400000,1783387500000,1.972403997362135,-1.0,STOP,True,20,-5.960597104469926,0.6026268597020049
swing,2026,3,2026Q3,1783387800000,1783388100000,1783429200000,1.460636880319785,1.460636880319785,TARGET,True,20,-5.960597104469926,0.6026268597020049
swing,2026,3,2026Q3,1783452600000,1783452900000,1783499700000,1.18079613428674,-1.0,STOP,True,20,-3.499960224150141,0.7500028411321328
swing,2026,3,2026Q3,1783502100000,1783502400000,1783523700000,2.516693772122814,-1.0,STOP,True,20,-3.499960224150141,0.7500028411321328
swing,2026,3,2026Q3,1783662900000,1783663200000,1783673100000,1.9281387665197405,-1.0,STOP,True,20,-6.014614151102138,0.5990257232598574
swing,2026,3,2026Q3,1783690800000,1783691100000,1783693800000,1.456369614703677,-1.0,STOP,True,20,-6.014614151102139,0.5990257232598574
swing,2026,3,2026Q3,1783923600000,1783923900000,1783952100000,2.079443079443068,-1.0,STOP,True,20,-9.209947876847362,0.4243782576970398
swing,2026,3,2026Q3,1783954200000,1783954500000,1784032200000,2.3060562832316984,2.3060562832316984,TARGET,True,20,-9.209947876847362,0.4243782576970398
swing,2026,3,2026Q3,1784091000000,1784091300000,1784205600000,2.8212083847102125,-1.0,STOP,True,20,-5.903891593615664,0.606407227092289
swing,2026,3,2026Q3,1784207400000,1784207700000,1784547000000,1.1677601955486787,1.1677601955486787,TARGET,True,20,-5.903891593615666,0.606407227092289
swing,2026,3,2026Q3,1784793300000,1784793600000,1784806800000,2.5916958618057926,-1.0,STOP,True,20,-3.736131398066986,0.7331334715666439
swing,2026,3,2026Q3,1785234600000,1785234900000,1785333300000,2.3658885183421425,-1.0,STOP,True,20,-3.736131398066986,0.7331334715666439
swing,2026,3,2026Q3,1785334500000,1785334800000,1785345000000,1.6107699847214327,1.6107699847214327,TARGET,True,20,-3.736131398066986,0.7331334715666439
swing,2026,3,2026Q3,1785504000000,1785504300000,1785506700000,1.726917645184718,-1.0,STOP,True,20,-4.118597301106309,0.7058144784924065
swing,2026,3,2026Q3,1786022100000,1786022400000,1786091700000,2.0160518163897154,2.0160518163897154,TARGET,True,20,-4.118597301106309,0.7058144784924065
swing,2026,3,2026Q3,1786631700000,1786632000000,1786668300000,1.1705527474319348,-1.0,STOP,True,20,-3.8157681032969273,0.727445135478791
swing,2026,3,2026Q3,1787031600000,1787031900000,1787064900000,2.298467563955134,-1.0,STOP,True,20,-3.8157681032969273,0.727445135478791
swing,2026,3,2026Q3,1787067000000,1787067300000,1787084400000,2.300801314978376,-1.0,STOP,True,20,-6.438724839788689,0.5707516773474207
swing,2026,3,2026Q3,1787227800000,1787228100000,1787237700000,1.7931252636018524,1.7931252636018524,TARGET,True,20,-6.438724839788689,0.5707516773474207
swing,2026,3,2026Q3,1787664600000,1787664900000,1787756700000,2.013358118623517,-1.0,STOP,True,20,-3.6455995761868376,0.7396000302723689
swing,2026,3,2026Q3,1787757900000,1787758200000,1787838300000,1.9866266778111277,-1.0,STOP,True,20,-3.6455995761868376,0.7396000302723689
swing,2026,3,2026Q3,1787927400000,1787927700000,1787933100000,0.5130564536185108,-1.0,STOP,True,20,-3.6455995761868376,0.7396000302723689
swing,2026,3,2026Q3,1787934900000,1787935200000,1788127200000,1.746661777737059,-1.140037278088447,STOP_GAP,True,20,-6.106236456506623,0.5929175695662252
swing,2026,3,2026Q3,1788144600000,1788144900000,1788265800000,2.141552150792441,-1.0,STOP,True,20,-6.246273734595069,0.5874333979589969
swing,2026,3,2026Q3,1788527700000,1788528000000,1788534900000,0.8763764301445015,0.8763764301445015,TARGET,True,20,-6.246273734595069,0.5874333979589969
swing,2026,3,2026Q3,1788856200000,1788856500000,1788893100000,2.0012678113717195,-1.0,STOP,True,20,-4.369897304450568,0.6909557437148907
swing,2026,3,2026Q3,1789038000000,1789038300000,1789043400000,2.18274425065602,-1.0,STOP,True,20,-4.369897304450568,0.6909557437148907
swing,2026,3,2026Q3,1789044300000,1789044600000,1789096800000,0.9460245400234456,-1.0,STOP,True,20,-4.369897304450568,0.6909557437148907
swing,2026,3,2026Q3,1789130100000,1789130400000,1789130700000,0.1695261932127509,0.1695261932127509,TARGET,True,20,-7.675953587682265,0.4930029928795911
swing,2026,3,2026Q3,1789460100000,1789460400000,1789527300000,1.8838048832535037,1.8838048832535037,TARGET,True,20,-6.506427394469515,0.5398578330092564
swing,2026,3,2026Q3,1789584000000,1789584300000,1789585800000,0.4063805447370882,-1.0,STOP,True,20,-5.7903827067646905,0.5904973521012191
swing,2026,3,2026Q3,1789702200000,1789702500000,1790055300000,1.5781114765448705,-1.0,STOP,True,20,-5.79038270676469,0.5904973521012191
swing,2026,3,2026Q3,1790061300000,1790061600000,1790063700000,2.3292240936844206,-1.0,STOP,True,20,-5.79038270676469,0.5904973521012191
swing,2026,3,2026Q3,1790066100000,1790066400000,1790100300000,1.26589856199863,1.26589856199863,TARGET,True,20,-8.401152691486123,0.44510356631388454
swing,2026,3,2026Q3,1790157600000,1790157900000,1790163300000,1.804981833655207,-1.0,STOP,True,20,-6.135254129487493,0.566107641102563
swing,2026,3,2026Q3,1790246100000,1790246400000,1790331000000,1.3995857348703162,1.3995857348703162,TARGET,True,20,-9.151305945877207,0.3955559172155067
swing,2026,3,2026Q3,1790345400000,1790345700000,1790555400000,1.8079688071158475,-1.0,STOP,True,20,-6.751720211006893,0.5225104376867924
swing,2026,3,2026Q3,1790560500000,1790560800000,1790572800000,2.1780850145223463,-1.0,STOP,True,20,-6.751720211006893,0.5225104376867924
