side,signal_t,entry_t,exit_t,entry_px,exit_px,atr_signal,qty,pnl_cash,pnl_r,exit_kind,mtf_score,signal,year,month
LONG,1737028800000,1737032400000,1737097200000,2703.565,2708.5932857142857,5.028285714285728,19.88749360759129,99.99999999999807,0.9999999999999807,Risk/profit stop,3,2025-01-16 12:00:00+00:00,2025,2025-01
LONG,1738602000000,1738605600000,1738627200000,2816.955,2813.525,9.278142857142841,10.778019000107799,-36.96860517036799,-0.36968605170367985,2 closes inside,3,2025-02-03 17:00:00+00:00,2025,2025-02
LONG,1742414400000,1742421600000,1742461200000,3047.648,3041.785,8.570714285714303,11.667638969914137,-68.40736728060989,-0.6840736728060989,2 closes inside,3,2025-03-19 20:00:00+00:00,2025,2025-03
LONG,1743058800000,1743062400000,1743080400000,3035.825,3041.0722142857144,5.247214285714368,19.057731313213516,100.00000000000371,1.000000000000037,Risk/profit stop,3,2025-03-27 07:00:00+00:00,2025,2025-03
LONG,1745211600000,1745215200000,1745305200000,3385.175,3479.505,15.177142857142956,6.588855421686704,621.5267319277064,6.215267319277063,24H timeout,3,2025-04-21 05:00:00+00:00,2025,2025-04
LONG,1749729600000,1749733200000,1749823200000,3387.915,3436.905,13.829071428571458,7.231143502042783,354.25372016507765,3.5425372016507763,24H timeout,3,2025-06-12 12:00:00+00:00,2025,2025-06
LONG,1754571600000,1754575200000,1754614800000,3384.725,3384.725,10.602571428571407,9.431674256918827,0.0,0.0,Risk/profit stop,3,2025-08-07 13:00:00+00:00,2025,2025-08
LONG,1756317600000,1756321200000,1756346400000,3394.348,3385.745,6.492642857142885,15.40204847244677,-132.50382300846059,-1.3250382300846058,2 closes inside,3,2025-08-27 18:00:00+00:00,2025,2025-08
LONG,1757671200000,1757674800000,1757682000000,3650.985,3645.405,6.7430714285713815,14.830037181021893,-82.75160747010109,-0.827516074701011,2 closes inside,3,2025-09-12 10:00:00+00:00,2025,2025-09
LONG,1759845600000,1759849200000,1759856400000,3985.495,3976.505,12.47699999999996,8.014747134727925,-72.05257674120229,-0.7205257674120229,2 closes inside,3,2025-10-07 14:00:00+00:00,2025,2025-10
LONG,1762437600000,1762441200000,1762448400000,3993.065,3980.705,11.764071428571535,8.500458417578871,-105.06566604127593,-1.0506566604127594,2 closes inside,3,2025-11-06 14:00:00+00:00,2025,2025-11
LONG,1763539200000,1763542800000,1763564400000,4083.065,4096.390928571429,13.32592857142848,7.504167493018495,100.00000000000317,1.0000000000000318,Risk/profit stop,3,2025-11-19 08:00:00+00:00,2025,2025-11
LONG,1764129600000,1764133200000,1764144000000,4161.685,4157.225,15.046499999999924,6.646063868673812,-29.641444854285442,-0.2964144485428544,2 closes inside,3,2025-11-26 04:00:00+00:00,2025,2025-11
LONG,1764925200000,1764928800000,1764950400000,4223.195,4223.195,8.267357142857236,12.095763890688717,0.0,0.0,Risk/profit stop,3,2025-12-05 09:00:00+00:00,2025,2025-12
LONG,1767621600000,1767625200000,1767715200000,4435.998,4477.978,17.224357142857247,5.8057319161817835,243.724625841314,2.4372462584131402,24H timeout,3,2026-01-05 14:00:00+00:00,2026,2026-01
LONG,1767920400000,1767924000000,1767934800000,4468.715,4464.445,16.456357142857218,6.076679008112339,-25.94741936464234,-0.2594741936464234,2 closes inside,3,2026-01-09 01:00:00+00:00,2026,2026-01
LONG,1767981600000,1767985200000,1768248000000,4495.755,4611.015,16.63921428571452,6.00989916247754,692.7009774671625,6.927009774671625,24H timeout,3,2026-01-09 18:00:00+00:00,2026,2026-01
LONG,1770811200000,1770814800000,1770814800000,5083.025,5030.240571428571,26.39221428571435,3.788996213710203,-200.00000000000148,-2.0000000000000147,Risk/profit stop,3,2026-02-11 12:00:00+00:00,2026,2026-02
SHORT,1774555200000,1774562400000,1774580400000,4389.735,4431.925,39.37642857142873,2.5395904003482763,-107.14531899069507,-1.0714531899069508,2 closes inside,-3,2026-03-26 20:00:00+00:00,2026,2026-03
SHORT,1777629600000,1777633200000,1777636800000,4566.715,4595.180714285714,14.232857142857224,7.025996185887744,-199.99999999999724,-1.9999999999999725,Risk/profit stop,-3,2026-05-01 10:00:00+00:00,2026,2026-05
LONG,1778544000000,1778547600000,1778554800000,4749.115,4729.815,20.190928571428426,4.952719219734499,-95.58748094087673,-0.9558748094087673,2 closes inside,3,2026-05-12 00:00:00+00:00,2026,2026-05
SHORT,1779782400000,1779786000000,1779836400000,4523.625,4523.625,15.142857142857208,6.603773584905632,-0.0,-0.0,Risk/profit stop,-3,2026-05-26 08:00:00+00:00,2026,2026-05
SHORT,1780333200000,1780336800000,1780376400000,4487.375,4517.135,19.496928571428594,5.1290129947207745,-152.63942672289136,-1.5263942672289135,2 closes inside,-3,2026-06-01 17:00:00+00:00,2026,2026-06
SHORT,1780635600000,1780639200000,1780642800000,4439.665,4464.154571428571,12.244785714285692,8.166741528464026,-199.99999999999895,-1.9999999999999896,Risk/profit stop,-3,2026-06-05 05:00:00+00:00,2026,2026-06
SHORT,1782291600000,1782295200000,1782385200000,4064.385,3984.445,20.35449999999998,4.912918519246363,392.7387064285545,3.9273870642855453,24H timeout,-3,2026-06-24 09:00:00+00:00,2026,2026-06
SHORT,1783468800000,1783472400000,1783486800000,4111.005,4124.825,18.5557142857143,5.389175456155204,-74.47840480406336,-0.7447840480406336,2 closes inside,-3,2026-07-08 00:00:00+00:00,2026,2026-07
SHORT,1783918800000,1783922400000,1783933200000,4053.345,4074.085,18.262857142857097,5.475594493116409,-113.56382978723562,-1.1356382978723563,2 closes inside,-3,2026-07-13 05:00:00+00:00,2026,2026-07
SHORT,1785510000000,1785513600000,1785524400000,4045.375,4050.535,14.459214285714259,6.9160051178438,-35.686586408073,-0.35686586408072996,2 closes inside,-3,2026-07-31 15:00:00+00:00,2026,2026-07
