side,signal_t,entry_t,exit_t,entry_px,exit_px,atr_signal,qty,pnl_cash,pnl_r,exit_kind,mtf_score,signal,year,month,mfe_r,mae_r,final_raw_r,time_to_0.5R_h,time_to_1.0R_h,time_to_1.5R_h,time_to_2.0R_h
LONG,1736265600000,1736269200000,1736280000000,2651.594,2649.054,6.880142857142865,14.534581923132809,-36.9178380847568,-0.369178380847568,2 closes inside,1,2025-01-07 16:00:00+00:00,2025,2025-01,0.6183011150100559,0.6956250908411447,-0.36917838084756804,0.0,,,
LONG,1737028800000,1737032400000,1737122400000,2703.565,2704.849,5.028285714285728,19.88749360759129,25.535541792149317,0.2553554179214931,24H timeout,3,2025-01-16 12:00:00+00:00,2025,2025-01,4.17637365759417,0.4904255923631802,0.25535541792149313,0.0,0.0,0.0,0.0
LONG,1738602000000,1738605600000,1738627200000,2816.955,2813.525,9.27814285714284,10.7780190001078,-36.96860517036799,-0.3696860517036798,2 closes inside,3,2025-02-03 17:00:00+00:00,2025,2025-02,0.6262029039062573,0.5044112892050274,-0.3696860517036799,0.0,,,
SHORT,1740654000000,1740657600000,1740747600000,2883.875,2856.145,8.540714285714232,11.708622564188415,324.68010370494494,3.2468010370494493,24H timeout,-1,2025-02-27 11:00:00+00:00,2025,2025-02,3.8740319478130196,0.9718156728276597,3.24680103704945,2.0,2.0,2.0,15.0
LONG,1741032000000,1741035600000,1741129200000,2890.435,2917.155,8.536428571428619,11.7145008785875,313.011463475861,3.13011463475861,24H timeout,1,2025-03-03 20:00:00+00:00,2025,2025-03,4.367165927537443,1.0293531922014612,3.13011463475861,0.0,10.0,11.0,11.0
LONG,1742414400000,1742421600000,1742461200000,3047.648,3041.785,8.570714285714303,11.667638969914137,-68.40736728060989,-0.6840736728060989,2 closes inside,3,2025-03-19 20:00:00+00:00,2025,2025-03,1.1197433119426308,1.0702725227102505,-0.684073672806099,2.0,6.0,,
LONG,1743058800000,1743062400000,1743152400000,3035.825,3072.715,5.247214285714368,19.05773131321352,703.0397081444528,7.030397081444528,24H timeout,3,2025-03-27 07:00:00+00:00,2025,2025-03,9.532677202869397,0.4821606022242534,7.030397081444528,1.0,2.0,2.0,2.0
LONG,1745211600000,1745215200000,1745305200000,3385.175,3479.505,15.177142857142956,6.588855421686704,621.5267319277064,6.215267319277063,24H timeout,3,2025-04-21 05:00:00+00:00,2025,2025-04,7.56005271084331,0.23719879518074533,6.215267319277063,0.0,5.0,6.0,6.0
SHORT,1745596800000,1745600400000,1745607600000,3285.065,3288.115,17.814642857142935,5.613359796315206,-17.120747378759845,-0.1712074737875984,2 closes inside,-1,2025-04-25 16:00:00+00:00,2025,2025-04,0.19702892885067597,0.6584471041077746,-0.17120747378759846,,,,
SHORT,1746014400000,1746018000000,1746025200000,3298.275,3309.315,13.473571428571404,7.421937125589793,-81.93818586651103,-0.8193818586651104,2 closes inside,-1,2025-04-30 12:00:00+00:00,2025,2025-04,0.42750357843398823,1.579388220325489,-0.8193818586651104,,,,
SHORT,1746745200000,1746748800000,1746770400000,3316.065,3321.175,15.426428571428524,6.482381812288764,-33.124971060796405,-0.331249710607964,2 closes inside,-1,2025-05-08 23:00:00+00:00,2025,2025-05,2.7076908829930155,0.8978098810019879,-0.3312497106079641,1.0,1.0,1.0,2.0
LONG,1747332000000,1747335600000,1747368000000,3222.935,3211.585,15.744285714285686,6.351510752200356,-72.08964703747347,-0.7208964703747347,2 closes inside,1,2025-05-15 18:00:00+00:00,2025,2025-05,1.8336811541602358,1.059431993467009,-0.7208964703747346,0.0,1.0,3.0,
LONG,1749729600000,1749733200000,1749823200000,3387.915,3436.905,13.829071428571458,7.231143502042783,354.25372016507765,3.5425372016507763,24H timeout,3,2025-06-12 12:00:00+00:00,2025,2025-06,4.2470675130548,0.7433615520099797,3.5425372016507763,0.0,11.0,11.0,11.0
SHORT,1750777200000,1750780800000,1750788000000,3313.065,3317.848,12.941785714285675,7.726908960454806,-36.95780555785458,-0.3695780555785458,2 closes inside,-1,2025-06-24 15:00:00+00:00,2025,2025-06,0.15198829925215365,0.6168391423130856,-0.36957805557854584,,,,
LONG,1750932000000,1750935600000,1750942800000,3343.048,3321.875,7.081571428571351,14.121159548929972,-298.9873111294911,-2.989873111294911,2 closes inside,1,2025-06-26 10:00:00+00:00,2025,2025-06,0.12101833733438996,3.0477698654455034,-2.9898731112949113,,,,
SHORT,1751551200000,1751554800000,1751605200000,3324.465,3340.685,11.442500000000011,8.739348918505563,-141.75223945815847,-1.417522394581585,2 closes inside,-1,2025-07-03 14:00:00+00:00,2025,2025-07,0.14157745247982031,1.5366397203408007,-1.4175223945815847,,,,
SHORT,1751997600000,1752001200000,1752076800000,3305.155,3309.405,9.28492857142854,10.770142088946024,-45.7731038780206,-0.457731038780206,2 closes inside,-1,2025-07-08 18:00:00+00:00,2025,2025-07,2.448053296817433,0.8206848271776752,-0.457731038780206,1.0,7.0,7.0,7.0
SHORT,1753714800000,1753718400000,1753758000000,3314.495,3318.675,9.17671428571433,10.897146504351024,-45.55007238819044,-0.4555007238819044,2 closes inside,-1,2025-07-28 15:00:00+00:00,2025,2025-07,0.7279293864906305,0.6705014244127454,-0.4555007238819045,1.0,,,
LONG,1754571600000,1754575200000,1754668800000,3384.725,3395.205,10.602571428571409,9.431674256918829,98.84394621250948,0.9884394621250948,24H timeout,3,2025-08-07 13:00:00+00:00,2025,2025-08,2.258885984532084,1.0582338516262733,0.9884394621250945,0.0,5.0,6.0,8.0
LONG,1755090000000,1755093600000,1755100800000,3364.865,3357.569,7.678142857142802,13.023982733920128,-95.02297802667891,-0.9502297802667892,2 closes inside,1,2025-08-13 13:00:00+00:00,2025,2025-08,0.7345526261931378,1.3961709490762115,-0.9502297802667892,0.0,,,
SHORT,1755176400000,1755180000000,1755270000000,3343.895,3341.555,9.700928571428676,10.308291547937126,24.12140222217437,0.2412140222217437,24H timeout,-1,2025-08-14 13:00:00+00:00,2025,2025-08,1.4689315455810406,0.48448970275302616,0.24121402222174373,0.0,0.0,,
LONG,1756317600000,1756321200000,1756346400000,3394.348,3385.745,6.492642857142885,15.40204847244677,-132.5038230084606,-1.3250382300846058,2 closes inside,3,2025-08-27 18:00:00+00:00,2025,2025-08,0.7434568797650404,1.4020484724468396,-1.3250382300846058,1.0,,,
LONG,1757671200000,1757674800000,1757682000000,3650.985,3645.405,6.7430714285713815,14.830037181021892,-82.75160747010109,-0.827516074701011,2 closes inside,3,2025-09-12 10:00:00+00:00,2025,2025-09,0.13495333834727766,1.9482219844708715,-0.8275160747010109,,,,
LONG,1759845600000,1759849200000,1759856400000,3985.495,3976.505,12.47699999999996,8.014747134727925,-72.05257674120229,-0.7205257674120229,2 closes inside,3,2025-10-07 14:00:00+00:00,2025,2025-10,0.42878897170793673,1.9187304640538696,-0.720525767412023,,,,
LONG,1761231600000,1761235200000,1761242400000,4141.575,4137.385,21.19707142857149,4.717632826637089,-19.766881543607514,-0.1976688154360751,2 closes inside,1,2025-10-23 15:00:00+00:00,2025,2025-10,0.31891197908067753,0.7982234742669989,-0.19766881543607515,,,,
LONG,1761861600000,1761865200000,1761883200000,4037.448,3995.995,22.480214285714347,4.448356173524007,-184.39770846109056,-1.8439770846109056,2 closes inside,1,2025-10-30 22:00:00+00:00,2025,2025-10,0.23963294706774588,2.0689304563060054,-1.8439770846109056,,,,
SHORT,1762275600000,1762279200000,1762333200000,3954.659,3979.685,17.989785714285713,5.558709902841692,-139.11227402851532,-1.3911227402851531,2 closes inside,-1,2025-11-04 17:00:00+00:00,2025,2025-11,1.390288933799734,1.7930174662606084,-1.3911227402851531,0.0,0.0,,
LONG,1762437600000,1762441200000,1762448400000,3993.065,3980.705,11.764071428571537,8.500458417578871,-105.06566604127592,-1.0506566604127594,2 closes inside,3,2025-11-06 14:00:00+00:00,2025,2025-11,0.036551971195575225,1.5445332944740868,-1.0506566604127592,,,,
SHORT,1763420400000,1763424000000,1763478000000,4036.435,4064.895,22.4730714285714,4.449770042241037,-126.64045540218008,-1.2664045540218007,2 closes inside,-1,2025-11-17 23:00:00+00:00,2025,2025-11,1.7254873292798087,2.0117410360971744,-1.2664045540218007,1.0,3.0,7.0,
LONG,1763539200000,1763542800000,1763575200000,4083.065,4078.725,13.32592857142848,7.504167493018495,-32.56808691970136,-0.3256808691970135,2 closes inside,3,2025-11-19 08:00:00+00:00,2025,2025-11,3.722817493286485,2.0771535620675072,-0.3256808691970136,0.0,0.0,0.0,0.0
SHORT,1763719200000,1763722800000,1763733600000,4036.775,4079.365,17.640500000000007,5.66877356084011,-241.43306595617852,-2.4143306595617857,2 closes inside,-1,2025-11-21 10:00:00+00:00,2025,2025-11,0.338425781582169,2.5089991780278194,-2.4143306595617853,,,,
LONG,1764129600000,1764133200000,1764144000000,4161.685,4157.225,15.046499999999924,6.646063868673812,-29.64144485428544,-0.2964144485428544,2 closes inside,3,2025-11-26 04:00:00+00:00,2025,2025-11,0.4479447047486004,1.0135247399727563,-0.2964144485428544,,,,
LONG,1764925200000,1764928800000,1764957600000,4223.195,4217.335,8.267357142857236,12.095763890688715,-70.88117639943192,-0.7088117639943192,2 closes inside,3,2025-12-05 09:00:00+00:00,2025,2025-12,4.343588813146301,3.021521819893989,-0.7088117639943192,2.0,3.0,3.0,4.0
SHORT,1767168000000,1767171600000,1767193200000,4307.135,4345.548,26.7415714285714,3.739496022778877,-143.64526072300333,-1.4364526072300334,2 closes inside,-1,2025-12-31 08:00:00+00:00,2025,2025-12,0.16966093455348744,1.7169148089384492,-1.4364526072300334,,,,
LONG,1767621600000,1767625200000,1767715200000,4435.998,4477.978,17.224357142857247,5.805731916181784,243.724625841314,2.43724625841314,24H timeout,3,2026-01-05 14:00:00+00:00,2026,2026-01,3.1709166006610157,0.4803082014256742,2.4372462584131402,0.0,0.0,12.0,14.0
LONG,1767920400000,1767924000000,1767934800000,4468.715,4464.445,16.456357142857218,6.076679008112339,-25.94741936464234,-0.2594741936464234,2 closes inside,3,2026-01-09 01:00:00+00:00,2026,2026-01,0.46061226881491085,0.5165177156895487,-0.2594741936464234,,,,
LONG,1767981600000,1767985200000,1768248000000,4495.755,4611.015,16.63921428571452,6.00989916247754,692.7009774671625,6.927009774671625,24H timeout,3,2026-01-09 18:00:00+00:00,2026,2026-01,8.06648665587737,0.2001296421104977,6.927009774671625,1.0,52.0,52.0,52.0
SHORT,1769799600000,1769803200000,1770073200000,4931.975,4670.098,116.57849999999996,0.857791102132898,224.6357604532573,2.246357604532573,24H timeout,-1,2026-01-30 19:00:00+00:00,2026,2026-01,4.554330343931351,0.0023160359757547675,2.2463576045325726,0.0,0.0,52.0,53.0
LONG,1770811200000,1770814800000,1770822000000,5083.025,5059.008,26.39221428571435,3.788996213710203,-91.00032206467728,-0.9100032206467727,2 closes inside,3,2026-02-11 12:00:00+00:00,2026,2026-02,0.2546205455613353,2.4639842377757355,-0.9100032206467729,,,,
SHORT,1771297200000,1771300800000,1771394400000,4956.425,4933.205,20.054571428571503,4.986394267071258,115.78407488139588,1.1578407488139588,24H timeout,-1,2026-02-17 03:00:00+00:00,2026,2026-02,5.800672450883991,0.18100611189469212,1.1578407488139588,0.0,1.0,1.0,1.0
LONG,1773111600000,1773115200000,1773208800000,5157.238,5199.475,29.017714285714256,3.4461708119178467,145.55591658297436,1.4555591658297435,24H timeout,1,2026-03-10 03:00:00+00:00,2026,2026-03,2.7957749945845745,0.10727929737501235,1.4555591658297438,1.0,4.0,9.0,9.0
SHORT,1773288000000,1773291600000,1773298800000,5142.365,5165.905,21.769285714285616,4.593627981756756,-108.13400269055386,-1.0813400269055389,2 closes inside,-1,2026-03-12 04:00:00+00:00,2026,2026-03,0.2531089017948073,1.2751911277356853,-1.0813400269055387,,,,
SHORT,1774555200000,1774562400000,1774580400000,4389.735,4431.925,39.37642857142873,2.5395904003482763,-107.14531899069507,-1.0714531899069508,2 closes inside,-3,2026-03-26 20:00:00+00:00,2026,2026-03,0.3682406080505001,1.2822391931358623,-1.0714531899069506,,,,
SHORT,1775113200000,1775116800000,1775145600000,4642.455,4660.715,44.19814285714282,2.262538503557036,-41.31395307495197,-0.4131395307495197,2 closes inside,-1,2026-04-02 07:00:00+00:00,2026,2026-04,1.3989275567493136,1.2937195163339197,-0.41313953074951965,0.0,3.0,,
SHORT,1777629600000,1777633200000,1777640400000,4566.715,4591.045,14.232857142857224,7.025996185887744,-170.94248720264832,-1.7094248720264833,2 closes inside,-3,2026-05-01 10:00:00+00:00,2026,2026-05,0.308441232560495,2.8764428385024146,-1.7094248720264833,,,,
LONG,1778544000000,1778547600000,1778554800000,4749.115,4729.815,20.190928571428422,4.952719219734499,-95.58748094087672,-0.9558748094087672,2 closes inside,3,2026-05-12 00:00:00+00:00,2026,2026-05,0.31004022315539054,1.4348027579570521,-0.9558748094087676,,,,
SHORT,1779782400000,1779786000000,1779879600000,4523.625,4445.775,15.142857142857208,6.603773584905632,514.1037735849059,5.141037735849059,24H timeout,-3,2026-05-26 08:00:00+00:00,2026,2026-05,5.3622641509433615,1.1061320754716935,5.141037735849059,0.0,2.0,3.0,8.0
SHORT,1780333200000,1780336800000,1780376400000,4487.375,4517.135,19.496928571428597,5.129012994720775,-152.63942672289136,-1.5263942672289137,2 closes inside,-3,2026-06-01 17:00:00+00:00,2026,2026-06,1.2677381419051152,1.5720424828818984,-1.5263942672289132,6.0,7.0,,
LONG,1780390800000,1780394400000,1780405200000,4529.695,4514.405,14.782214285714222,6.7648863740692535,-103.43511265951864,-1.0343511265951864,2 closes inside,1,2026-06-02 09:00:00+00:00,2026,2026-06,0.32606752323017985,1.1101178539847547,-1.0343511265951864,,,,
SHORT,1780635600000,1780639200000,1780646400000,4439.665,4460.685,12.244785714285692,8.166741528464026,-171.6649069283174,-1.7166490692831742,2 closes inside,-3,2026-06-05 05:00:00+00:00,2026,2026-06,0.9252918151749682,2.2483039427861256,-1.716649069283174,0.0,,,
SHORT,1782291600000,1782295200000,1782385200000,4064.385,3984.445,20.35449999999998,4.912918519246363,392.7387064285545,3.927387064285545,24H timeout,-3,2026-06-24 09:00:00+00:00,2026,2026-06,5.192463582991484,0.11741875260998182,3.9273870642855453,1.0,1.0,2.0,2.0
SHORT,1783468800000,1783472400000,1783486800000,4111.005,4124.825,18.5557142857143,5.389175456155204,-74.47840480406336,-0.7447840480406336,2 closes inside,-3,2026-07-08 00:00:00+00:00,2026,2026-07,0.805142813149615,1.0729848333204934,-0.7447840480406336,0.0,,,
SHORT,1783918800000,1783922400000,1783933200000,4053.345,4074.085,18.262857142857097,5.475594493116409,-113.56382978723562,-1.1356382978723565,2 closes inside,-3,2026-07-13 05:00:00+00:00,2026,2026-07,0.5344180225281486,1.4888141426783545,-1.1356382978723563,0.0,,,
SHORT,1785510000000,1785513600000,1785524400000,4045.375,4050.535,14.45921428571426,6.9160051178438,-35.686586408073,-0.3568658640807299,2 closes inside,-3,2026-07-31 15:00:00+00:00,2026,2026-07,0.30015462211443095,0.667394493871933,-0.35686586408072996,,,,
SHORT,1789048800000,1789052400000,1789135200000,4357.995,4401.168,21.944642857142817,4.5569208235007,-196.7359427129947,-1.967359427129947,2 closes inside,-1,2026-09-10 14:00:00+00:00,2026,2026-09,3.0095727886727963,2.017485556188471,-1.9673594271299468,3.0,3.0,4.0,4.0
LONG,1789725600000,1789729200000,1789740000000,4381.455,4348.925,15.196428571428635,6.580493537015248,-214.06345475910436,-2.140634547591043,2 closes inside,1,2026-09-18 10:00:00+00:00,2026,2026-09,0.4520799059929404,2.2590834312573302,-2.1406345475910435,,,,
SHORT,1790175600000,1790179200000,1790272800000,4281.975,4264.605,14.858571428571397,6.730122103643896,116.90222094029986,1.1690222094029985,24H timeout,-1,2026-09-23 15:00:00+00:00,2026,2026-09,2.5608114604365144,1.4059225074511705,1.1690222094029985,1.0,16.0,17.0,17.0
