signal_t,entry_t,exit_t,entry_px,stop_px,target_px,planned_rr,atr_signal,qty,exit_px,exit_kind,pnl_cash,pnl_r,position48,ema_gap_atr,signal,year
1522220400000,1522224000000,1522231200000,1341.882,1337.2480357142856,1350.0,1.758395587246799,2.213285714285754,21.63114266511034,1337.2480357142856,STOP,-100.2379425693155,-1.002379425693155,0.12097819681792031,4.905433044381837,2018-03-28 07:00:00+00:00,2018
1524200400000,1524204000000,1524214800000,1342.961,1339.461125,1349.7548000000002,1.958058838320383,2.342500000000005,28.736664391680797,1339.461125,STOP,-100.5747332878331,-1.005747332878331,0.1378281218205205,1.1996109947949198,2018-04-20 05:00:00+00:00,2018
1535482800000,1535486400000,1535634000000,1201.131,1197.4575357142858,1208.6666,2.0505302036253905,2.855285714285677,27.21485153326524,1197.4575357142858,STOP,-99.97278514846738,-0.9997278514846738,0.059148661259067314,2.642188815916288,2018-08-28 19:00:00+00:00,2018
1538625600000,1538629200000,1538640000000,1196.592,1194.5334107142858,1200.5952,1.9489301816477187,1.9127857142857303,48.64785037311421,1200.5952,TARGET,194.7470746136449,1.947470746136449,0.3914197948664543,1.043451379796282,2018-10-04 04:00:00+00:00,2018
1539752400000,1539756000000,1539781200000,1222.612,1219.2815535714285,1228.2264,1.6865866805398724,1.689928571428579,30.03502298215443,1228.2264,TARGET,168.6286330310058,1.686286330310058,0.15180780589033796,7.6511700069735955,2018-10-17 05:00:00+00:00,2018
1539813600000,1539817200000,1539842400000,1222.752,1219.6891964285714,1227.6362000000001,1.5955301788745744,2.505071428571406,32.66048839094652,1219.6891964285714,STOP,-100.03266048839016,-1.0003266048839017,0.18642058923128807,4.444673220287164,2018-10-17 22:00:00+00:00,2018
1540209600000,1540213200000,1540216800000,1222.918,1220.0526785714285,1226.8748,1.3800964401857996,1.7804285714285666,34.88792254880974,1220.0526785714285,STOP,-99.96511207744409,-0.9996511207744408,0.19189105540081816,3.856584500770296,2018-10-22 12:00:00+00:00,2018
1540479600000,1540483200000,1540537200000,1229.688,1226.2967857142858,1234.0588,1.2888598689891495,2.5882857142857216,29.48796259241269,1234.0588,TARGET,128.88598689891495,1.2888598689891495,0.2907379891035265,2.603420879651109,2018-10-25 15:00:00+00:00,2018
1543251600000,1543255200000,1543298400000,1222.388,1220.6104285714284,1225.5122000000001,1.757566503254893,1.7394285714286102,56.25652977577556,1220.6104285714284,STOP,-100.0,-1.0,0.24323398424116327,1.729469450422591,2018-11-26 17:00:00+00:00,2018
1543305600000,1543309200000,1543323600000,1221.105,1218.3202142857142,1224.9508,1.4069333886482693,1.5397142857142885,36.30046412736105,1224.9508,TARGET,139.6043249410071,1.396043249410071,0.16170982698179934,1.226921345775454,2018-11-27 08:00:00+00:00,2018
1544796000000,1544799600000,1545051600000,1234.855,1231.682857142857,1241.9808,2.2566342895865645,1.566857142857186,31.624124689404958,1241.9808,TARGET,225.3471877117627,2.253471877117627,0.05079658277534622,1.5744633757355706,2018-12-14 14:00:00+00:00,2018
1545253200000,1545260400000,1545296400000,1243.115,1239.095982142857,1250.4722,2.1521644689641772,3.3453571428571456,27.708369411939646,1250.4722,TARGET,203.85601543752017,2.038560154375202,0.1847971347623832,1.4300981543289724,2018-12-19 21:00:00+00:00,2018
1546923600000,1546927200000,1546952400000,1282.968,1280.0525357142858,1289.7488,2.325804515330815,2.2472857142857134,34.29985422561962,1280.0525357142858,STOP,-100.0,-1.0,0.29140308560506223,4.054917658774422,2019-01-08 05:00:00+00:00,2019
1547154000000,1547161200000,1547168400000,1286.565,1284.424,1289.9368,1.9622783449756385,2.1480000000000246,53.734551316493516,1289.9368,TARGET,181.18216012894712,1.8118216012894712,0.39371857877196165,2.9399017029295567,2019-01-10 21:00:00+00:00,2019
1547571600000,1547575200000,1547618400000,1287.905,1284.9655535714285,1292.2542,1.4463089380218361,2.265928571428552,33.563281769743504,1292.2542,TARGET,145.97342507297213,1.4597342507297213,0.11456573166608436,1.8527011978914845,2019-01-15 17:00:00+00:00,2019
1547640000000,1547643600000,1547647200000,1288.775,1286.5357857142858,1292.1490000000001,1.5067785256308044,1.6922857142856986,44.65852180292809,1292.1490000000001,TARGET,150.67785256308045,1.5067785256308044,0.23085339168491292,1.8818665492301818,2019-01-16 12:00:00+00:00,2019
1549278000000,1549281600000,1549288800000,1310.785,1309.2409107142857,1319.884,5.93772480182491,1.4587857142857306,65.18525416428763,1309.2409107142857,STOP,-100.65185254164228,-1.0065185254164228,0.027467001885614285,7.297767863222394,2019-02-04 11:00:00+00:00,2019
1550761200000,1550764800000,1550768400000,1331.995,1327.9436071428572,1338.191,1.468422818503274,2.7418571428571568,24.088300828465766,1327.9436071428572,STOP,-97.59116991715014,-0.9759116991715014,0.31190926275992964,4.560648135728443,2019-02-21 15:00:00+00:00,2019
1550775600000,1550779200000,1550782800000,1326.438,1321.6981071428572,1337.763,2.3892945138904103,3.119857142857167,21.097523301460914,1321.6981071428572,STOP,-99.99999999999999,-0.9999999999999999,0.09055330634278658,3.556444825756855,2019-02-21 19:00:00+00:00,2019
1551168000000,1551171600000,1551196800000,1325.095,1323.1325714285713,1328.41,1.7309824794853075,1.7365714285714213,51.74835514156333,1328.41,TARGET,171.54579729428525,1.7154579729428525,0.31089023336214344,1.9853400882251468,2019-02-26 08:00:00+00:00,2019
1553738400000,1553745600000,1553770800000,1309.805,1304.937892857143,1317.6548,1.405267530853432,3.040142857142866,18.913934841495198,1306.295,FAILURE_2_CLOSES,-66.38791129364797,-0.6638791129364797,0.1625154566331015,1.2360428356240698,2019-03-28 02:00:00+00:00,2019
1557334800000,1557338400000,1557406800000,1280.568,1277.557392857143,1285.623,1.6879917159623405,2.2901428571428175,33.326588666580896,1285.623,TARGET,168.46590570956855,1.6846590570956854,0.2502071823204449,1.0715755215456801,2019-05-08 17:00:00+00:00,2019
1560153600000,1560157200000,1560236400000,1326.978,1322.9290714285714,1339.1888000000001,3.015810179059686,2.798571428571417,24.69789185851599,1322.9290714285714,STOP,-100.0,-1.0,0.05785197353816556,5.835024448833248,2019-06-10 08:00:00+00:00,2019
1560243600000,1560247200000,1560322800000,1322.365,1319.7218214285715,1337.6448,5.78084287046185,1.9375714285714107,37.83323649826465,1337.6448,TARGET,578.0842870461851,5.780842870461851,0.020846757381645518,5.667813691060625,2019-06-11 09:00:00+00:00,2019
1560934800000,1560938400000,1560952800000,1342.188,1340.1716428571428,1345.929,1.8175970916210744,2.071142857142864,48.93907085678491,1345.929,TARGET,183.08106407523164,1.8308106407523164,0.42876901798063305,4.201288167488177,2019-06-19 09:00:00+00:00,2019
1561964400000,1561968000000,1562083200000,1387.598,1377.4371607142855,1407.7108,1.9765133864847975,5.703785714285767,9.832030296698898,1407.7108,TARGET,197.74965895144663,1.9774965895144663,0.12298602377619033,1.9778513667280972,2019-07-01 07:00:00+00:00,2019
1563912000000,1563919200000,1563951600000,1417.488,1413.1364107142858,1424.1861999999999,1.7340208280864895,3.828785714285719,24.74274176088794,1424.1861999999999,TARGET,165.73183286277504,1.6573183286277504,0.18152504926256513,1.1030309276148904,2019-07-23 20:00:00+00:00,2019
1566208800000,1566212400000,1566212400000,1499.905,1494.376107142857,1515.809,2.8765252666188617,3.8118571428571255,18.086803738800693,1494.376107142857,STOP,-100.0,-1.0,0.07580751483190379,3.2450650888561543,2019-08-19 10:00:00+00:00,2019
1572271200000,1572274800000,1572343200000,1492.705,1487.5366964285715,1506.6148,2.6281860322958708,3.2150714285714264,19.017540284923612,1487.5366964285715,STOP,-98.2884213743541,-0.982884213743541,0.11223661454840837,1.7775330279004227,2019-10-28 14:00:00+00:00,2019
1575644400000,1575648000000,1575849600000,1461.805,1457.043982142857,1474.5668,2.64981309766892,3.2013571428571885,20.82891648720239,1459.965,FAILURE_2_CLOSES,-38.32520633645543,-0.3832520633645543,0.05986498535218763,1.5151623340034457,2019-12-06 15:00:00+00:00,2019
1580230800000,1580234400000,1580259600000,1569.805,1564.323875,1576.869,1.2971686236809783,3.605499999999974,18.311245393577202,1564.323875,STOP,-100.36622490787121,-1.0036622490787122,0.3530846985012231,3.0076104937181456,2020-01-28 17:00:00+00:00,2020
1580806800000,1580810400000,1580821200000,1568.095,1563.090357142857,1583.1148,3.00117319631767,3.072857142857125,19.981445800327993,1563.090357142857,STOP,-100.00000000000001,-1.0000000000000002,0.020822889754365626,1.4164469999655238,2020-02-04 09:00:00+00:00,2020
1582725600000,1582729200000,1582891200000,1635.065,1619.8783392857144,1660.478,1.6751379291275599,6.542214285714246,6.589064741090979,1619.8783392857144,STOP,-100.06589064741085,-1.0006589064741085,0.17128161888701723,3.469090455181708,2020-02-26 14:00:00+00:00,2020
1587150000000,1587153600000,1587340800000,1683.698,1671.9926607142856,1714.9707999999998,2.6716696745532205,9.509785714285742,8.543109905583265,1675.448,FAILURE_2_CLOSES,-70.48065672106193,-0.7048065672106193,0.07168077306438543,2.051387721799828,2020-04-17 19:00:00+00:00,2020
1589871600000,1589875200000,1589936400000,1731.528,1722.755482142857,1749.7568,2.0779439035461733,4.599357142857149,11.399235844082787,1749.7568,TARGET,207.79439035461735,2.0779439035461733,0.12221843629596646,3.5623051967077908,2020-05-19 07:00:00+00:00,2020
1590055200000,1590058800000,1590069600000,1734.578,1728.0868214285715,1742.723,1.2558224022810651,3.961571428571428,15.412646076105533,1728.0868214285715,STOP,-100.04623793822722,-1.0004623793822722,0.3040319651289548,3.04938010048263,2020-05-21 10:00:00+00:00,2020
1592200800000,1592204400000,1592204400000,1722.905,1715.8222142857142,1735.131,1.7223134170535392,4.287714285714336,14.098832818054372,1715.8222142857142,STOP,-99.85901167181959,-0.9985901167181959,0.08259212198221241,1.9858707550079695,2020-06-15 06:00:00+00:00,2020
1597107600000,1597111200000,1597122000000,2021.578,2008.6100714285715,2049.7248,2.175390437521728,8.090571428571398,7.723243100109811,2008.6100714285715,STOP,-100.15446486200206,-1.0015446486200206,0.10785735502245221,3.9015664219962325,2020-08-11 01:00:00+00:00,2020
1600308000000,1600311600000,1600318800000,1946.778,1936.997089285714,1962.688,1.6212779060254732,7.201214285714286,10.203133455163393,1940.318,FAILURE_2_CLOSES,-65.91224212035588,-0.6591224212035588,0.01038961038960936,1.0552153795350676,2020-09-17 02:00:00+00:00,2020
1602561600000,1602565200000,1602576000000,1912.038,1907.343607142857,1921.92,2.1183499766967127,3.761857142857155,21.39315266306507,1921.92,TARGET,211.40713461641036,2.1140713461641036,0.24406901509705173,3.198064241739159,2020-10-13 04:00:00+00:00,2020
1608652800000,1608656400000,1609113600000,1864.855,1855.7835892857142,1885.9648,2.32340554389951,6.419214285714247,11.011505056443731,1888.088,TARGET_GAP,255.83029697635664,2.558302969763566,0.19174583518758748,2.0114444929428674,2020-12-22 16:00:00+00:00,2020
1618236000000,1618239600000,1618250400000,1733.945,1727.32575,1747.6062,2.0638591985496966,4.123000000000047,15.10745175057605,1727.32575,STOP,-100.0,-1.0,0.10136146293389886,1.8239088790119622,2021-04-12 14:00:00+00:00,2021
1619593200000,1619596800000,1619600400000,1769.358,1764.0665,1777.8048000000001,1.6110994963413527,2.7619999999999925,19.0059868858688,1764.0665,STOP,-100.57017960657555,-1.0057017960657555,0.1569539539016319,1.2761235247404965,2021-04-28 07:00:00+00:00,2021
1620198000000,1620201600000,1620216000000,1777.688,1773.3161607142858,1787.5819999999999,2.2482607758708086,2.651785714285747,22.769503502844387,1773.3161607142858,STOP,-99.54460992994352,-0.9954460992994352,0.25035410764873095,1.490661545977615,2021-05-05 07:00:00+00:00,2021
1620892800000,1620896400000,1620900000000,1815.055,1809.1801785714285,1831.4168,2.7767146470620254,4.450428571428623,16.984210749792208,1809.1801785714285,STOP,-99.77920526025406,-0.9977920526025406,0.063146488030736,2.9611219062909893,2021-05-13 08:00:00+00:00,2021
1620900000000,1620903600000,1620972000000,1813.958,1805.0442142857141,1830.43,1.867223867110925,4.815714285714323,11.294603599751438,1830.43,TARGET,186.04471049510548,1.8604471049510547,0.09781287970837835,2.5294410918136125,2021-05-13 10:00:00+00:00,2021
1622610000000,1622613600000,1622635200000,1898.385,1892.7567321428571,1906.797,1.4945983761814583,3.0083571428571565,17.76745573206672,1906.797,TARGET,149.45983761814585,1.4945983761814585,0.2526837324525162,3.9761838109080405,2021-06-02 05:00:00+00:00,2021
1625716800000,1625720400000,1625727600000,1797.738,1793.182,1804.926,1.577699736611021,3.927999999999965,21.94907813871798,1804.926,TARGET,157.76997366110209,1.5776997366110208,0.31224979983987267,2.2455143598746274,2021-07-08 04:00:00+00:00,2021
1626062400000,1626066000000,1626069600000,1802.905,1799.4813214285714,1808.6435999999999,1.668356510614372,3.1555714285714203,29.12328510656001,1799.4813214285714,STOP,-99.70876714893467,-0.9970876714893467,0.36240720003318067,2.6203111845711655,2021-07-12 04:00:00+00:00,2021
1626447600000,1626451200000,1626645600000,1812.658,1805.9241964285716,1825.1008000000002,1.8478115478145714,4.725071428571433,14.85044803271396,1810.891,FAILURE_2_CLOSES,-26.240741673802972,-0.2624074167380297,0.03921038399134157,2.460926343811982,2021-07-16 15:00:00+00:00,2021
1626678000000,1626681600000,1626692400000,1805.825,1799.9191964285715,1821.6968000000002,2.6793928550956614,3.505071428571455,16.89530642353537,1799.9191964285715,STOP,-99.78036101649538,-0.9978036101649538,0.08339305492214273,1.874705259420248,2021-07-19 07:00:00+00:00,2021
1629673200000,1629676800000,1629680400000,1778.568,1774.69075,1785.164,1.722269153291292,3.4230000000000183,25.992592111248086,1785.164,TARGET,171.44713756579247,1.7144713756579248,0.23209328151027572,1.2314530284223957,2021-08-22 23:00:00+00:00,2021
1629982800000,1629986400000,1629990000000,1785.849,1777.1566964285716,1797.9862,1.390814714002635,3.6950714285713957,11.478020615345287,1797.9862,TARGET,139.3110318125702,1.393110318125702,0.1777537721713038,1.045760600755422,2021-08-26 13:00:00+00:00,2021
1631012400000,1631016000000,1631023200000,1810.905,1805.9556071428572,1824.156,2.6772980812942624,3.0298571428571353,20.20449838724826,1805.9556071428572,STOP,-100.0,-1.0,0.05648072190319768,2.8183893414414243,2021-09-07 11:00:00+00:00,2021
1631026800000,1631030400000,1631106000000,1797.198,1788.6489285714285,1817.608,2.391360720051473,4.865428571428587,11.710875220624343,1788.6489285714285,STOP,-100.11710875220614,-1.0011710875220614,0.0988957055214773,1.3011092328930982,2021-09-07 15:00:00+00:00,2021
1640034000000,1640041200000,1640098800000,1789.805,1785.2912321428573,1803.768,2.576078579106208,3.8623571428571006,19.35445964768008,1785.2912321428573,STOP,-87.36153785006452,-0.8736153785006452,0.0870905587668596,1.8010346140056628,2021-12-20 21:00:00+00:00,2021
1640160000000,1640163600000,1640188800000,1786.785,1784.298267857143,1796.37,3.8350129097319585,1.9956428571428302,40.052354148637406,1796.37,TARGET,383.90181451468186,3.8390181451468184,0.10182101977107724,1.0602842911382946,2021-12-22 08:00:00+00:00,2021
1640739600000,1640743200000,1640772000000,1805.698,1801.5170357142856,1813.2014,1.7946577600859799,3.2012857142856808,23.91792734075247,1801.5170357142856,STOP,-100.0,-1.0,0.16486893992113713,2.7887344491638544,2021-12-29 01:00:00+00:00,2021
1640847600000,1640851200000,1640872800000,1798.298,1794.4160892857142,1807.7985999999999,2.4923858388437674,2.18921428571431,26.096641455445926,1807.7985999999999,TARGET,247.93375181160565,2.4793375181160564,0.2894214822282234,1.5458247387107815,2021-12-30 07:00:00+00:00,2021
1642485600000,1642489200000,1642489200000,1817.438,1813.3507857142856,1822.6288,1.281171739168633,2.4082857142857392,24.586853058428986,1813.3507857142856,STOP,-100.49173706117372,-1.0049173706117371,0.2752991026919175,2.221048196091176,2022-01-18 06:00:00+00:00,2022
1645606800000,1645610400000,1645621200000,1893.318,1886.9879285714285,1903.395,1.59602626552591,3.4134285714285886,15.822605983205232,1903.395,TARGET,159.4444004927591,1.594444004927591,0.22036130974783713,6.416430240476528,2022-02-23 09:00:00+00:00,2022
1645797600000,1645801200000,1646154000000,1889.037,1878.5196785714286,1935.814,4.521108874090183,8.640428571428613,9.636398052071039,1931.408,48H_TIMEOUT,408.3038218643007,4.083038218643007,0.11361185983827342,2.336586743722996,2022-02-25 14:00:00+00:00,2022
1647255600000,1647259200000,1647273600000,1965.231,1948.8682142857142,1988.8124,1.4411604730245848,7.679714285714307,6.111428808402312,1954.718,FAILURE_2_CLOSES,-64.24945106273302,-0.6424945106273302,0.13418536662452435,1.2018106804699982,2022-03-14 11:00:00+00:00,2022
1650380400000,1650384000000,1650394800000,1956.328,1945.5913928571429,1979.444,2.1530079002079052,6.222142857142818,9.313929313929343,1945.5913928571429,STOP,-100.00000000000001,-1.0000000000000002,0.1087972800679961,2.3463612186302543,2022-04-19 15:00:00+00:00,2022
1653487200000,1653490800000,1653490800000,1850.378,1843.6715535714286,1860.5230000000001,1.510851663336371,4.329928571428582,14.899917784382211,1843.6715535714286,STOP,-99.92550041107646,-0.9992550041107645,0.1518232044198871,2.3165286541628034,2022-05-25 14:00:00+00:00,2022
1653562800000,1653566400000,1653638400000,1846.423,1837.9210535714285,1858.599,1.4321426396056163,3.835928571428586,11.762012480335287,1858.599,TARGET,143.21426396056162,1.4321426396056163,0.15618735192272845,1.3745041330078152,2022-05-26 11:00:00+00:00,2022
1653958800000,1653962400000,1653984000000,1848.918,1843.1409999999998,1856.721,1.3325317760219655,3.59600000000002,17.17622810030883,1856.721,TARGET,134.0261078667117,1.340261078667117,0.16671320860094413,1.2643762952555875,2022-05-31 01:00:00+00:00,2022
1660194000000,1660197600000,1660219200000,1786.314,1780.8914285714286,1797.876,2.141468054748198,3.3154285714285345,18.49601014638282,1797.876,TARGET,213.85086931247628,2.1385086931247628,0.13182369591589116,4.145134066289595,2022-08-11 05:00:00+00:00,2022
1660298400000,1660302000000,1660309200000,1787.948,1783.372232142857,1798.012,2.1806444103896947,3.122357142857124,21.726057690442236,1798.012,TARGET,218.65104459660742,2.186510445966074,0.1884788847888463,3.2677309735365125,2022-08-12 10:00:00+00:00,2022
1665392400000,1665396000000,1665399600000,1680.315,1674.7801964285713,1707.2276,4.841323307690454,4.233071428571423,18.002436758403693,1674.7801964285713,STOP,-99.63995126483226,-0.9963995126483226,0.009161613498553102,2.206960023595364,2022-10-10 09:00:00+00:00,2022
1668661200000,1668664800000,1668690000000,1762.898,1758.4614821428572,1776.551,3.06915874335718,3.687357142857146,22.494567160342854,1758.4614821428572,STOP,-99.79754889555659,-0.9979754889555659,0.044009779951097346,9.433224414512301,2022-11-17 05:00:00+00:00,2022
1668693600000,1668697200000,1668780000000,1759.587,1750.58175,1774.263,1.6034079978012612,4.9149999999999965,10.993541294489422,1750.58175,STOP,-98.99958774220012,-0.9899958774220012,0.11801057501652813,6.126292346889826,2022-11-17 14:00:00+00:00,2022
1670266800000,1670270400000,1670461200000,1767.897,1761.9167857142857,1792.286,4.010417525955345,5.444285714285749,16.49834427330651,1785.287,48H_TIMEOUT,286.9062069128019,2.869062069128019,0.043498168498170516,3.4008461250280853,2022-12-05 19:00:00+00:00,2022
1670853600000,1670857200000,1670860800000,1788.078,1782.3300357142857,1796.454,1.5007177048620175,3.55728571428574,17.7054943943138,1782.3300357142857,STOP,-101.77054943942977,-1.0177054943942978,0.24476110645432164,2.739100063335805,2022-12-12 14:00:00+00:00,2022
1670871600000,1670875200000,1670936400000,1781.455,1774.2734821428571,1795.2288,1.9179510897268894,4.191357142857149,13.924632924297336,1795.2288,TARGET,191.79510897268895,1.9179510897268894,0.08840025257214582,1.9606574647509245,2022-12-12 19:00:00+00:00,2022
1672221600000,1672225200000,1672322400000,1802.575,1796.290982142857,1816.355,2.2081804554214464,3.7653571428571695,15.989720893710754,1816.355,TARGET,220.33835391533376,2.2033835391533376,0.27236061684460394,1.5030459318098417,2022-12-28 10:00:00+00:00,2022
1675360800000,1675364400000,1675429200000,1917.515,1905.822,1940.505,1.9653727770177671,7.739999999999993,8.549931600547094,1905.822,STOP,-99.97435020519897,-0.9997435020519897,0.11910041841004161,1.0534003927140725,2023-02-02 18:00:00+00:00,2023
1679407200000,1679410800000,1679414400000,1953.065,1940.3626428571429,1977.4869999999999,1.929554204032371,6.363142857142877,7.891191739049521,1940.3626428571429,STOP,-100.23673575217127,-1.0023673575217127,0.29632389468455206,7.27108529982222,2023-03-21 14:00:00+00:00,2023
1679900400000,1679904000000,1679907600000,1970.695,1961.8622321428572,1988.493,1.9812448149369695,5.270357142857149,11.194738472917756,1961.8622321428572,STOP,-98.8805261527067,-0.9888052615270669,0.11815954260822606,5.347472476553275,2023-03-27 07:00:00+00:00,2023
1679922000000,1679925600000,1680105600000,1949.205,1939.1574107142858,1979.637,3.0733811915436577,6.31678571428571,10.062802670236612,1961.735,48H_TIMEOUT,126.08691745806448,1.2608691745806448,0.08119585527433297,3.5824031106005774,2023-03-27 13:00:00+00:00,2023
1681488000000,1681491600000,1681740000000,1999.485,1986.2376964285716,2026.5564,2.0458396118113535,8.063071428571416,7.554408604471523,1986.2376964285716,STOP,-100.07554408604464,-1.0007554408604464,0.10719874804381581,2.284426534071612,2023-04-14 16:00:00+00:00,2023
1683280800000,1683284400000,1683288000000,2039.064,2033.439767857143,2050.8324,2.091895890010834,3.593642857142819,17.77704412198857,2033.439767857143,STOP,-99.98222295587844,-0.9998222295587844,0.43738599303521297,6.883576462064864,2023-05-05 10:00:00+00:00,2023
1683295200000,1683298800000,1683651600000,2010.665,1994.0365178571428,2048.2128,2.267867448661381,7.22464285714284,6.031915294675205,2030.924,48H_TIMEOUT,122.20057195482507,1.2220057195482505,0.12355378708197669,2.956155722086422,2023-05-05 14:00:00+00:00,2023
1683795600000,1683799200000,1683802800000,2026.764,2018.8543035714285,2037.406,1.3395216444513083,3.6529285714286255,12.6108232390447,2037.406,TARGET,134.20438090991436,1.3420438090991436,0.20321255136346875,2.3467560149282747,2023-05-11 09:00:00+00:00,2023
1689930000000,1689933600000,1689944400000,1963.805,1958.9049285714284,1976.845,2.646303044380768,2.773428571428586,20.324908174967526,1958.9049285714284,STOP,-99.59350183650102,-0.9959350183650102,0.10588235294117546,4.73215622591305,2023-07-21 09:00:00+00:00,2023
1689951600000,1689955200000,1690225200000,1960.175,1953.6170892857144,1975.609,2.3483875879207745,4.0812142857143145,15.225541934133675,1953.6170892857144,STOP,-99.8477445806588,-0.9984774458065879,0.0760869565217393,2.6579342999271542,2023-07-21 15:00:00+00:00,2023
1693836000000,1693843200000,1693875600000,1938.555,1935.0272499999999,1945.485,2.260151196321386,2.1970000000000027,31.174499259605323,1935.0272499999999,STOP,-109.9758397630788,-1.0997583976307879,0.20916442048516934,5.593698488301828,2023-09-04 14:00:00+00:00,2023
1693908000000,1693911600000,1693915200000,1931.015,1928.5079642857143,1943.941,5.205393684392131,2.182714285714269,40.208509843906036,1928.5079642857143,STOP,-100.80417019688653,-1.0080417019688652,0.022311468094600544,4.220080881225838,2023-09-05 10:00:00+00:00,2023
1693915200000,1693918800000,1693922400000,1933.675,1925.8644285714286,1943.743,1.2919566332136851,2.5914285714285534,12.819573657607545,1925.8644285714286,STOP,-100.12819573657596,-1.0012819573657596,0.16000873171796412,3.3355252951904784,2023-09-05 12:00:00+00:00,2023
1693962000000,1693965600000,1694005200000,1924.785,1922.0325535714285,1940.6248,5.804249201068736,2.753928571428576,36.597240829447756,1922.0325535714285,STOP,-100.7319448165883,-1.007319448165883,0.013317056930423024,1.7923615476898531,2023-09-06 01:00:00+00:00,2023
1695258000000,1695261600000,1695294000000,1926.715,1920.6366607142857,1938.183,1.8725220497739063,4.597785714285708,16.371061809528673,1920.6366607142857,STOP,-99.50886814571459,-0.9950886814571459,0.09899255365746717,1.4113605041921324,2023-09-21 01:00:00+00:00,2023
1698145200000,1698148800000,1698238800000,1963.515,1950.0649464285714,1982.6186,1.4126231619179679,4.452071428571393,7.411220853057963,1982.6186,TARGET,141.58099868847748,1.4158099868847749,0.07478438180264932,7.3681435796079215,2023-10-24 11:00:00+00:00,2023
1698775200000,1698778800000,1698811200000,1984.425,1974.674875,1997.275,1.3203115976437758,5.413499999999983,10.266808690853521,1977.015,FAILURE_2_CLOSES,-76.07705239922309,-0.7607705239922309,0.17557755775577374,3.5596009306995895,2023-10-31 18:00:00+00:00,2023
1698811200000,1698814800000,1698861600000,1977.545,1971.5783214285714,1995.3824,2.9828272989655447,4.639571428571442,16.731701195718735,1971.5783214285714,STOP,-99.83268298804296,-0.9983268298804296,0.02266912788626729,3.178019098297843,2023-11-01 04:00:00+00:00,2023
1699286400000,1699290000000,1699311600000,1983.375,1977.1815714285715,1993.8908000000001,1.6892123051455816,3.5645714285714445,16.094173909045125,1977.198,FAILURE_2_CLOSES,-99.41371223617024,-0.9941371223617024,0.18338427340927616,1.6092395692022776,2023-11-06 16:00:00+00:00,2023
1700488800000,1700492400000,1700521200000,1970.015,1962.0870357142858,1980.807,1.349403638678093,4.357285714285695,12.550257056157914,1980.807,TARGET,135.44237415005517,1.3544237415005518,0.2567049808429112,1.8957638833045398,2023-11-20 14:00:00+00:00,2023
1706785200000,1706788800000,1706796000000,2033.355,2026.8563035714285,2045.1008000000002,1.8074086286535453,4.064928571428562,15.38770137967208,2045.1008000000002,TARGET,180.74086286535456,1.8074086286535456,0.1640500315480844,1.8014818810502302,2024-02-01 11:00:00+00:00,2024
1706882400000,1706886000000,1707120000000,2035.185,2024.0720178571428,2051.0228,1.4164642064022226,4.750642857142858,8.966211791529185,2024.0720178571428,STOP,-99.64135152833916,-0.9964135152833916,0.15888085332141533,2.2916585794828097,2024-02-02 14:00:00+00:00,2024
1709114400000,1709118000000,1709125200000,2027.205,2022.6024642857144,2033.531,1.3338926558412159,2.3367142857142977,21.355950301652967,2033.531,TARGET,135.09774160825714,1.3509774160825714,0.17248459958932233,2.120192314248246,2024-02-28 10:00:00+00:00,2024
1710270000000,1710273600000,1710349200000,2157.275,2144.9874999999997,2178.069,1.6900996137426216,7.2899999999999965,8.131734092295098,2178.069,TARGET,169.0912787151832,1.690912787151832,0.11142454160789342,5.30149666142853,2024-03-12 19:00:00+00:00,2024
1712948400000,1712952000000,1713218400000,2343.295,2321.1474464285716,2389.0930000000003,2.0678581881423717,16.810071428571455,4.51517137897367,2389.0930000000003,TARGET,206.78581881423716,2.0678581881423717,0.16684006431476278,2.7295511371451595,2024-04-12 19:00:00+00:00,2024
1713790800000,1713794400000,1713808800000,2338.325,2324.0603392857142,2383.821,3.194419133968092,9.206214285714266,7.018696051607448,2329.945,FAILURE_2_CLOSES,-58.81667291246799,-0.5881667291246799,0.06335337813937096,1.2677650338545285,2024-04-22 13:00:00+00:00,2024
1716354000000,1716357600000,1716375600000,2417.074,2406.9731785714284,2432.4542,1.5529984291300991,5.654428571428688,10.01921542386617,2406.9731785714284,STOP,-101.20230585086284,-1.0120230585086285,0.24633216966710522,5.717251355422222,2024-05-22 05:00:00+00:00,2024
1716444000000,1716447600000,1716472800000,2364.144,2348.906535714286,2403.5768000000003,2.587649205370851,7.931285714285683,6.562341068302313,2348.906535714286,STOP,-99.99343765893036,-0.9999343765893036,0.07878074894584507,1.5438703398478766,2024-05-23 06:00:00+00:00,2024
1720454400000,1720458000000,1720594800000,2358.615,2345.786232142857,2374.695,1.2622500213104484,6.838357142857116,7.82548060328853,2374.695,TARGET,125.83372810088255,1.2583372810088256,0.24392935982340258,3.202756885768478,2024-07-08 16:00:00+00:00,2024
1721322000000,1721325600000,1721329200000,2456.128,2447.4503214285714,2470.6988,1.679112665912099,6.0275714285713935,11.523819322975426,2447.4503214285714,STOP,-100.0,-1.0,0.14640600193008232,6.578594263210086,2024-07-18 17:00:00+00:00,2024
1721394000000,1721397600000,1721412000000,2403.748,2387.561375,2450.7028,2.9039748355733597,8.151499999999974,6.182905811158637,2399.065,FAILURE_2_CLOSES,-28.95454791365585,-0.28954547913655854,0.028010181091912202,2.40346845461533,2024-07-19 13:00:00+00:00,2024
1723651200000,1723654800000,1723723200000,2444.065,2432.0130178571426,2464.6082,1.6978339942446934,7.982642857142959,8.276787601372124,2464.6082,TARGET,170.0317030525084,1.7003170305250839,0.05684857150422111,2.9925443480250884,2024-08-14 16:00:00+00:00,2024
1724328000000,1724331600000,1724331600000,2500.585,2490.7870357142856,2516.4139999999998,1.6235726847603127,5.637285714285748,10.237547668581376,2490.7870357142856,STOP,-100.30712643005948,-1.0030712643005948,0.18111463285789614,4.47332425770539,2024-08-22 12:00:00+00:00,2024
1725037200000,1725040800000,1725249600000,2499.455,2488.6,2515.6528,1.4938053097345172,7.263999999999961,9.21828908554576,2496.175,FAILURE_2_CLOSES,-30.235988200587745,-0.30235988200587743,0.09772804760870968,1.2842643350819791,2024-08-30 17:00:00+00:00,2024
1727449200000,1727452800000,1727463600000,2649.635,2639.277482142857,2670.949,2.0578289406762047,7.183357142857078,9.654822842620902,2647.875,FAILURE_2_CLOSES,-16.992488203014894,-0.16992488203014894,0.010237963475383017,5.179189167438098,2024-09-27 15:00:00+00:00,2024
1727694000000,1727697600000,1727704800000,2641.485,2629.050178571428,2665.501,1.933709883729267,7.006428571428614,8.048405409678029,2629.050178571428,STOP,-100.08048405409853,-1.0008048405409853,0.11716237942121989,3.873467026164316,2024-09-30 11:00:00+00:00,2024
1728280800000,1728284400000,1728288000000,2643.045,2635.4696607142855,2654.8662,1.5470354711706717,5.51378571428573,13.131391294356135,2654.8662,TARGET,155.22880276884092,1.5522880276884092,0.2899439429428605,1.308144796335735,2024-10-07 06:00:00+00:00,2024
1729846800000,1729850400000,1729864800000,2721.045,2713.6603750000004,2738.4568000000004,2.333917077024108,4.299500000000047,13.44515218231704,2738.4568000000004,TARGET,234.10430076807202,2.34104300768072,0.2507494517433504,5.0163792444607065,2024-10-25 09:00:00+00:00,2024
1730386800000,1730390400000,1730746800000,2740.505,2725.414464285714,2767.833,1.8109363721348126,8.000714285714269,6.626669980001516,2738.135,48H_TIMEOUT,-15.70520785260287,-0.1570520785260287,0.1069817788201382,3.534589153450397,2024-10-31 15:00:00+00:00,2024
1734091200000,1734094800000,1734098400000,2672.335,2657.8860178571426,2698.2502,1.7955005237557593,6.558642857142819,6.925695939687062,2657.8860178571426,STOP,-100.06925695939837,-1.0006925695939837,0.14426846203877608,2.653243400866874,2024-12-13 12:00:00+00:00,2024
1736863200000,1736866800000,1736920800000,2665.015,2655.4135,2681.2713999999996,1.7043769283062353,5.642000000000053,10.45861005072448,2681.2713999999996,TARGET,170.01934842859492,1.7001934842859492,0.2034360247238068,2.1619863641841452,2025-01-14 14:00:00+00:00,2025
1737957600000,1737961200000,1737972000000,2754.425,2746.3112142857144,2765.761,1.4060244051143176,5.6717142857143505,12.37044171312968,2765.761,TARGET,140.23132726003539,1.4023132726003538,0.373405103668263,5.654673115932582,2025-01-27 06:00:00+00:00,2025
1738051200000,1738054800000,1738090800000,2741.115,2731.302142857143,2763.7066,2.3259706744867694,4.5811428571427575,10.263929618768218,2763.7066,TARGET,231.8785923753661,2.318785923753661,0.19017650462963162,3.783980947346233,2025-01-28 08:00:00+00:00,2025
1739361600000,1739365200000,1739365200000,2884.889,2873.171857142857,2917.2382,2.773726449718487,7.394857142857161,8.563738683630715,2873.171857142857,STOP,-100.34254954734493,-1.0034254954734494,0.09047147104630081,5.07805748389498,2025-02-12 12:00:00+00:00,2025
1739563200000,1739566800000,1739854800000,2885.248,2869.0258928571425,2915.399,1.8586364727146452,10.37214285714286,6.164427291680724,2915.399,TARGET,185.86364727146452,1.8586364727146452,0.1084610368438251,3.0675601650211246,2025-02-14 20:00:00+00:00,2025
1745416800000,1745420400000,1745604000000,3287.135,3240.006428571429,3408.259,2.5761462318576824,25.97142857142847,2.1254630473067544,3292.885,48H_TIMEOUT,12.221412522013837,0.12221412522013837,0.07104826743475497,2.8259624123737024,2025-04-23 14:00:00+00:00,2025
1746655200000,1746658800000,1746666000000,3369.485,3352.5783928571427,3391.0362,1.3019519651121871,13.942142857142926,5.985655803413963,3391.0362,TARGET,128.9980653505343,1.2899806535053429,0.4133697135061363,3.4147095396871117,2025-05-07 22:00:00+00:00,2025
1748354400000,1748358000000,1748473200000,3299.678,3273.826625,3334.4979999999996,1.3469302890078407,13.776500000000008,3.8682661947382306,3285.985,FAILURE_2_CLOSES,-52.96816900454965,-0.5296816900454965,0.15501597444089596,1.8851065528330953,2025-05-27 14:00:00+00:00,2025
1750276800000,1750284000000,1750294800000,3369.445,3354.7470535714288,3386.9408,1.283577015396151,10.143928571428594,7.093231663679678,3386.9408,TARGET,124.10176254140471,1.241017625414047,0.15200653578590023,1.1831766619447848,2025-06-18 20:00:00+00:00,2025
1752595200000,1752598800000,1752678000000,3329.099,3312.809357142857,3354.941,1.5832351588674198,9.66085714285714,6.13134210699187,3354.941,TARGET,158.4461427288817,1.5844614272888171,0.08002416431736149,1.3373521659441767,2025-07-15 16:00:00+00:00,2025
1753344000000,1753347600000,1753354800000,3369.465,3360.0662857142856,3409.507,4.249199921129568,7.402285714285719,10.617160364623395,3364.148,FAILURE_2_CLOSES,-56.45144165870267,-0.5645144165870267,0.05077535336901681,3.307383068348575,2025-07-24 08:00:00+00:00,2025
1753362000000,1753365600000,1753430400000,3366.275,3344.307107142857,3404.393,1.728585677562709,9.147857142857154,4.541141935013021,3344.307107142857,STOP,-99.75931947744483,-0.9975931947744483,0.15560095732881843,2.0625069984338844,2025-07-24 13:00:00+00:00,2025
1754913600000,1754917200000,1754928000000,3356.695,3336.933642857143,3385.007,1.4302355392342518,9.655142857142923,5.055264877825025,3349.235,FAILURE_2_CLOSES,-37.71227598857487,-0.3771227598857487,0.12185229001183079,1.432745010490671,2025-08-11 12:00:00+00:00,2025
1758740400000,1758744000000,1758891600000,3729.858,3709.173,3763.553,1.6289581822576291,10.900000000000025,4.834421078075807,3763.553,TARGET,162.89581822576292,1.6289581822576293,0.1065172817809046,4.960912128895909,2025-09-24 19:00:00+00:00,2025
1765260000000,1765263600000,1765396800000,4181.825,4162.460017857144,4225.8622,2.285941478123062,9.846642857142797,5.182694612496576,4225.8622,TARGET,228.23135918943294,2.2823135918943294,0.06927214314077658,1.2284091286935916,2025-12-09 06:00:00+00:00,2025
1767873600000,1767877200000,1767902400000,4427.375,4396.686071428571,4466.2948,1.265250752548189,14.398571428571358,3.254262502760299,4466.2948,TARGET,126.6552457549292,1.266552457549292,0.1433051813045452,1.7962273974471719,2026-01-08 12:00:00+00:00,2026
1769796000000,1769799600000,1769994000000,4877.798,4594.647732142857,5277.8662,1.415477535281009,113.43635714285703,0.35354394661739025,4594.647732142857,STOP,-100.10606318398528,-1.001060631839853,0.09787457656453201,1.231491324358202,2026-01-30 18:00:00+00:00,2026
1776754800000,1776758400000,1776776400000,4785.495,4762.764303571429,4828.255,1.8744543991749238,12.840928571428517,4.389103423735943,4762.764303571429,STOP,-99.7673775185425,-0.997673775185425,0.32032089063522995,2.193518678812664,2026-04-21 07:00:00+00:00,2026
1784800800000,1784804400000,1784804400000,4093.135,4074.3553035714285,4117.130999999999,1.2911832868963087,14.532928571428588,5.3562734874983216,4074.3553035714285,STOP,-100.5891900836255,-1.005891900836255,0.40177616972288677,2.3006559065617203,2026-07-23 10:00:00+00:00,2026
1784815200000,1784818800000,1784858400000,4057.915,4026.725,4115.527,1.8655050016134063,17.280000000000005,3.2268473701193687,4026.725,STOP,-100.64536947402328,-1.006453694740233,0.13978665817544997,1.61060573702956,2026-07-23 14:00:00+00:00,2026
1786608000000,1786611600000,1786636800000,4375.805,4350.973928571429,4412.2029999999995,1.4727957190867143,17.241428571428646,4.038597452798948,4350.973928571429,STOP,-100.28270182169841,-1.002827018216984,0.20841833995489994,6.150318264071125,2026-08-13 08:00:00+00:00,2026
1786636800000,1786640400000,1786658400000,4366.855,4336.738214285714,4410.775,1.4665127845133965,18.915714285714394,3.331469296940964,4351.215,FAILURE_2_CLOSES,-52.10417980415474,-0.5210417980415474,0.144777662874871,5.074450631640217,2026-08-13 16:00:00+00:00,2026
1787824800000,1787828400000,1787925600000,4589.805,4554.613035714286,4635.500999999999,1.2952172481062094,19.029285714285574,2.837526285120749,4554.613035714286,STOP,-99.85812368574602,-0.9985812368574603,0.12032366540563089,4.090402070496385,2026-08-27 10:00:00+00:00,2026
